/*
SQLyog v10.2 
MySQL - 5.6.19 : Database - asme
*********************************************************************
*/

/*!40101 SET NAMES utf8 */;

/*!40101 SET SQL_MODE=''*/;

/*!40014 SET @OLD_UNIQUE_CHECKS=@@UNIQUE_CHECKS, UNIQUE_CHECKS=0 */;
/*!40014 SET @OLD_FOREIGN_KEY_CHECKS=@@FOREIGN_KEY_CHECKS, FOREIGN_KEY_CHECKS=0 */;
/*!40101 SET @OLD_SQL_MODE=@@SQL_MODE, SQL_MODE='NO_AUTO_VALUE_ON_ZERO' */;
/*!40111 SET @OLD_SQL_NOTES=@@SQL_NOTES, SQL_NOTES=0 */;
CREATE DATABASE /*!32312 IF NOT EXISTS*/`asme` /*!40100 DEFAULT CHARACTER SET utf8 COLLATE utf8_bin */;

USE `asme`;

/*Table structure for table `act_evt_log` */

DROP TABLE IF EXISTS `act_evt_log`;

CREATE TABLE `act_evt_log` (
  `LOG_NR_` bigint(20) NOT NULL AUTO_INCREMENT,
  `TYPE_` varchar(64) COLLATE utf8_bin DEFAULT NULL,
  `PROC_DEF_ID_` varchar(64) COLLATE utf8_bin DEFAULT NULL,
  `PROC_INST_ID_` varchar(64) COLLATE utf8_bin DEFAULT NULL,
  `EXECUTION_ID_` varchar(64) COLLATE utf8_bin DEFAULT NULL,
  `TASK_ID_` varchar(64) COLLATE utf8_bin DEFAULT NULL,
  `TIME_STAMP_` timestamp(3) NOT NULL DEFAULT CURRENT_TIMESTAMP(3) ON UPDATE CURRENT_TIMESTAMP(3),
  `USER_ID_` varchar(255) COLLATE utf8_bin DEFAULT NULL,
  `DATA_` longblob,
  `LOCK_OWNER_` varchar(255) COLLATE utf8_bin DEFAULT NULL,
  `LOCK_TIME_` timestamp(3) NULL DEFAULT NULL,
  `IS_PROCESSED_` tinyint(4) DEFAULT '0',
  PRIMARY KEY (`LOG_NR_`)
) ENGINE=InnoDB DEFAULT CHARSET=utf8 COLLATE=utf8_bin;

/*Data for the table `act_evt_log` */

/*Table structure for table `act_ge_bytearray` */

DROP TABLE IF EXISTS `act_ge_bytearray`;

CREATE TABLE `act_ge_bytearray` (
  `ID_` varchar(64) COLLATE utf8_bin NOT NULL DEFAULT '',
  `REV_` int(11) DEFAULT NULL,
  `NAME_` varchar(255) COLLATE utf8_bin DEFAULT NULL,
  `DEPLOYMENT_ID_` varchar(64) COLLATE utf8_bin DEFAULT NULL,
  `BYTES_` longblob,
  `GENERATED_` tinyint(4) DEFAULT NULL,
  PRIMARY KEY (`ID_`),
  KEY `ACT_FK_BYTEARR_DEPL` (`DEPLOYMENT_ID_`),
  CONSTRAINT `ACT_FK_BYTEARR_DEPL` FOREIGN KEY (`DEPLOYMENT_ID_`) REFERENCES `act_re_deployment` (`ID_`)
) ENGINE=InnoDB DEFAULT CHARSET=utf8 COLLATE=utf8_bin;

/*Data for the table `act_ge_bytearray` */

insert  into `act_ge_bytearray`(`ID_`,`REV_`,`NAME_`,`DEPLOYMENT_ID_`,`BYTES_`,`GENERATED_`) values ('2',2,'source',NULL,'eyJyZXNvdXJjZUlkIjoiMSIsInByb3BlcnRpZXMiOnsicHJvY2Vzc19pZCI6InByb2Nlc3MiLCJu\r\nYW1lIjoiIiwiZG9jdW1lbnRhdGlvbiI6IiIsInByb2Nlc3NfYXV0aG9yIjoiIiwicHJvY2Vzc192\r\nZXJzaW9uIjoiIiwicHJvY2Vzc19uYW1lc3BhY2UiOiJodHRwOi8vd3d3LmFjdGl2aXRpLm9yZy9w\r\ncm9jZXNzZGVmIiwiZXhlY3V0aW9ubGlzdGVuZXJzIjoiIiwiZXZlbnRsaXN0ZW5lcnMiOiIiLCJz\r\naWduYWxkZWZpbml0aW9ucyI6IiIsIm1lc3NhZ2VkZWZpbml0aW9ucyI6IiJ9LCJzdGVuY2lsIjp7\r\nImlkIjoiQlBNTkRpYWdyYW0ifSwiY2hpbGRTaGFwZXMiOltdLCJib3VuZHMiOnsibG93ZXJSaWdo\r\ndCI6eyJ4IjoxMjAwLCJ5IjoxMDUwfSwidXBwZXJMZWZ0Ijp7IngiOjAsInkiOjB9fSwic3RlbmNp\r\nbHNldCI6eyJ1cmwiOiJzdGVuY2lsc2V0cy9icG1uMi4wL2JwbW4yLjAuanNvbiIsIm5hbWVzcGFj\r\nZSI6Imh0dHA6Ly9iM21uLm9yZy9zdGVuY2lsc2V0L2JwbW4yLjAjIn0sInNzZXh0ZW5zaW9ucyI6\r\nW119',NULL),('2501',2,'source-extra',NULL,'PNG\r\n\Z\n\0\0\0\rIHDR\0\0b\0\0\0\0\08x!\0\0\0 cHRM\0\0z&\0\0\0\0\0\0\0\0\0u0\0\0`\0\0:\0\0pQ<\0\0\0gAMA\0\0|Q\0\0\0sRGB\0\0\0\0bKGD\0\0\0\0\0\0	pHYs\0\0\0\0+\0\0 \0IDATx\rU8\03$*&%%/ Ymfe5|AkUIIkv,m)_K*-ML\nPRTA\\\\f`af}ys9{s~y2\0\0\0\0\0\0\0\0\0\0\0\0\0\0\0\0\0\0\0\0\0\0\0\0\0\0\0\0\0\0\0\0\0\0\0\0\0\0\0\0\0\0\0\0\0\0\0\0\0\0\0\0\0\0\0\0\0\0\0\0\0\0\0\0\0\0\0\0\0\0\0\0\0\0\0\0\0\0\0\0\0\0\0\0\0\0\0\0\0\0\0\0\0\0\0\0\0\0\0\0\0\0\0\0\0\0\0\0\0\0\0\0\0\0\0\0\0\0\0\0\0\0\0\0\0\0\0\0\0\0\0\0\0\0\0\0\0\0\0\0\0\0\0\0\0\0\0\0\0\0\0\0\0\0\0\0\0\0\0\0\0\0\0\0\0\0\0\0\0\0\0\0\0\0\0\0\0\0\0\0\0\0\0\0\0\0\0\0\0\0\0\0\0\0\0\0\0\0\0\0\0\0\0\0\0\0\0\0\0\0\0\0\0\0\0\0\0\0\0\0\0\0\0\0\0\0\0\0\0\0\0\0\0\0\0\0\0\0\0\0\0\0\0\0\0\0\0\0\0\0\0\0\0\0\0\0\0\0\0\0\0\0\0\0\0\0\0\0\0\0\0\0\0\0\0\0\0\0\0\0\0\0\0\0\0\0\0\0\0\0\0\0\0\0\0\0\0\0\0\0\0\0\0\0\0\0\0\0\0\0\0\0\0\0\0\0\0\0\0\0\0\0\0\0\0\0\0\0\0\0\0\0\0\0\0\0\0\0\0\0\0\0\0\0\0\0\0\0\0\0\0\0\0\0\0\0\0\0\0\0\0\0\0\0\0\0\0\0\0\0\0\0\0\0\0\0\0\0\0\0\0\0\0\0\0\0\0\0\0\0\0\0\0\0\0\0\0\0\0\0\0\0\0\0\0\0\0\0\0\0\0\0\0\0\0\0\0\0\0\0\0\0\0\0\0\0\0\0\0\0\0\0\0\0\0\0\0\0\0\0\0\0\0\0\0\0\0\0\0\0\0\0\0\0\0\0\0\0\0\0\0\0\0\0\0\0\0\0\0\0\0\0\0\0\0\0\0\0\0\0\0\0\0\0\0\0\0\0\0\0\0\0\0\0\0\0\0\0\0\0\0\0\0\0\0\0\0\0\0\0\0\0\0\0\0\0\0\0\0\0\0\0\0\0\0\0\0\0\0\0\0\0\0\0\0\0\0\0\0\0\0\0\0\0\0\0\0\0\0\0\0\0\0\0\0\0\0\0\0\0\0\0\0\0\0\0\0\0\0\0\0\0\0\0\0\0\0\0\0\0\0\0\0\0\0\0\0\0\0\0\0\0\0\0\0\0\0\0\0\0\0\0\0\0\0\0\0\0\0\0\0\0\0\0\0\0\0\0\0\0\0\0\0\0\0\0\0\0\0\0\0\0\0\0\0\0\0\0\0\0\0\0\0\0\0\0\0\0\0\0\0\0\0\0\0\0\0\0\0\0\0\0\0\0\0\0\0\0\0\0\0\0\0\0\0\0\0\0\0\0\0\0\0\0\0\0\0\0\0\0\0\0\0\0\0\0\0\0\0\0\0\0\0\0\0\0\0\0\0\0\0\0\0\0\0\0\0\0\0\0\0\0\0\0\0\0\0\0\0\0\0\0\0\0\0\0\0\0\0\0\0\0\0\0\0\0\0\0\0\0\0\0\0\0\0\0\0\0\0\0\0\0\0\0\0\0\0\0\0\0\0\0\0\0\0\0\0\0\0\0\0\0\0\0\0\0\0\0\0\0\0\0\0\0\0\0\0\0\0\0\0\0\0\0\0\0\0\0\0\0\0\0\0\0\0\0\0\0\0\0\0\0\0\0\0\0\0\0\0\0\0\0\0\0\0\0\0\0\0\0\0\0\0\0\0\0\0\0\0\0\0\0\0\0\0\0\0\0\0\0\0\0\0\0\0\0\0\0\0\0\0\0\0\0\0\0\0\0\0\0\0\0\0\0\0\0\0\0\0\0\0\0\0\0\0\0\0\0\0\0\0\0\0\0\0\0\0\0\0\0\0\0\0\0\0\0\0\0\0\0\0\0\0\0\0\0\0\0\0\0\0\0\0\0\0\0\0\0\0\0\0\0\0\0\0\0\0\0\0\0\0\0\0\0\0\0\0\0\0\0\0\0\0\0\0\0\0\0\0\0\0\0\0\0\0\0\0\0\0\0\0\0\0\0\0\0\0\0\0\0\0\0\0\0\0\0\0\0\0\0\0\0\0\0\0\0\0\0\0\0\0\0\0\0\0\0\0\0\0\0\0\0\0\0\0\0\0\0\0\0\0\0\0\0\0\0\0\0\0\0\0\0\0\0\0\0\0\0\0\0\0\0\n\0\0hNڸf͚bxP}}3g.+\0P0L\0\0AsstӔmmmG۱|{{{W.C\0P \00&M:P(ґb9\0u1\0@8qBpH}}bԘx>ݏuXk{~{dzSr\r\0Jb\0>5qıuuuMBsQcx	y+ׂinn6B\0rb\0^7y	btwRJS#_:::Zoƕr\01\0v]V^}DPKv4p[L5a}}o~1\0V	\0\0$׿7=,v9*\nԚuxK\0@\0*v8:-.SEv紴,[\0\0\05ummmǥqvBpG{{}}ʅv\0@\0b9Frp:֚nlٲZ[[1\0\ZF%rԜ\ZG5Suw1\0m\'\05rի+\nS]nI7\0\0@nQ>eQ3fhc\0\0O \0acǎ=44)	S\";͋\0LH\0=\0Bb|ёYQb4?o1c\n9\0пb\0`)G樔&Vr`J-).]\0X1\00t5piQ|k\0\"\0-J5kihhh.\0%\0-Hi^XҲ@n\01\00@Ĩ|[馬)GVS\0\0\'\0؁N:t|ËRRKccS\0\0?\0g1X,6z/Ҕ8v4jM2k֬\0\"\0}bQL75_\nSϜ9s\0b\0L2e\\{{zT̔#\0$\0dҤIQx98.G\06\0F1h͚5Mb154prRKf#\0\0r1\0b,^-n\nVS\0\0&\0[p\'ȗ	UKSܖr\0*\'NU__TX<P(1priL9\0`\0@9X,/Xtl)=ߔ#\0\0@\05iرcbL;\'/ץO-uuuw,YdAkk:\0fL<yLXl*O9JO^zqnXWW7\0\0M !mҤISY,6r0ݿ5=?gҥ\0@_`H)G{Q1(=\0>U/n+-[v\0\0I Aoԩ׬YstX<6=<4\nΚ5˔#\0\0v\0MrtX[[ۡXh.{n\00P\00(Ĩ#ó\0̸+cQPW__̙31\0\0\"\0Y:/J햏^n1c\n9\0@\';654)	U/y0j\0\0@\0;ԩSW^}\\QL=r֔Zr\0`\'@rT(\Z+/J5=`\0\0C@\0bҤIp)_:GܞϞ5kփr\0J >S֬YT,#ҔmBtl)G\0\0\0zM>)rM9/|ill\\`\0\0H R1(=PiD\0&Y$\0\0u1\0l-L9)FS3fc\0\0@\0[)GnKJK.u\0	\0Х-M9:/sM9\0$^Bl)GRjMZ\Z\Z\ZZ-\0\0F SbKL90S4X,miiY \0\0`	\0Ԑ,_%	K\0@N:t|ËRRKccS\0\0o	\0A1X,6z/Ҕ1e֬Y-\0\0?1\0C@Ŕnk/\ncbqE]o1c\n9\0\0;@ 5eʔqG^bQB뽌9Ҕ#\0\0 b\0I&F1C/q<%\0I `\0)GW>\"=P(Ĩ4?rQ/B{L6\0\0D `<ybx|{իhAJ.]zGkk:9\0wqJ_NiI:R^6\0B `\0hnn>(\\dbx`~w9*m/R)GB[7ǞOiY\0`ĉ\rvDX<684;\n̆1Hݚ)u7jk\\Jl8\0$O&O<㈺rhJݝRkznβe6!6yt{JRZ+\0Z\"Ї]Y,)G~rӎwtt|nY[Ԁ5cFtl\0j@@/8qغ|Kv4&0+mLNm5kr9F\r.+ߒҞYB\0\05C `;577O7]REwˣ^XeٲerD/\'w|t\0j@V:ujUQ/azPq8-s¼bxٳcԸآs\'\r,\0Q/B!=-0r92v9Z!ǠnKY0㫎[\0F B1uȔnJ?\\d|SKVLJ:~Sֹh\n\01\0rz\nB^޷ Ξ={.;^\0\0F iB1eR[[[i88bqȑ#o1cF^&-\r\0@-jJzK9eRB!FKuҥwrmTֹXX7Ѳ	\017ummmǥSFWQ.Y産VSלuZb{]ֿOҔ>>_*\0\0CRL9*ͱK>4(=Na,jR:)\0@)G1(|]ךٳfzPA\\JNiUsoLis3\0\0֔)SƵzGovϜ9s~_J ?Iץtr8֏y^6\0D T&M;ňzX,//|ill\\`p@ots|ΓM\0@-rf͚bSR\Z_q8:xwD%0څ-Oo,$SJ毙We\0PKb\'rQL1퍍̘1c6Fż!Rz5ge\Z\0!S:ה떶^t)K).*#\0Z#=r 5=S*\\7ܘҔĎJ*\0\0QE)\nV ]p\0\ZOM<yBXl*v98^s[ZZ-%\051@)GmmmKL9:X,8V(n]VS`H:W)-zΔ^Ȭ\0(`\n#ڎ6r47A͈5z.֌BJd\0PbmՔ8E5Yf=(n:\0Y1@lnQP(ܒxˌ3V1جst\0@M)G1%{9r)G@W\"&R]\0j@I&R(6r.r>̵.g5O8A-\0@\ZS֬YT,ԔtlNcc|S2Otaֹ>̗SE\0\0L jPss32-nO9*\n[m˖-uS#1FfvM\0j@ԀacǎiMY4u\Zڊ-Ba^}}3g\\,ǀ>rIJOi~-;\0Z$CTL9ZzqnzxDJbt3n^CCCv>~_WSP&\0(BbQXlw9Ew+w9z81򥱱z/@?Y7\0j@b1%t|8dXm1ev=RZHq\0dL2=\ZO=\Zo/Jutt|nY1`\0aJ\'dOGˬs6\01ӅZZZ.ψ/퇖ӱuuus,Y.G\0t@9C6\\?M\0%1Ї&Obx}0q fĉ\rvDzo,{tJ*r4\'0n)ݙuN,ekR:QV\0D ɓRL8ql}}Q);pL15b\Z$:u.\Z^vrJ&\0@/<yrQ6lݑR]sssq뇵455\r;vlL3KrPo2FϚz723SDV\0\0D zIL\'X,~8ꅔFdCKbUVZWWSbqі).G;\"6T-\'R\0j@O<X,+\n#_t]]]cSKmg̘&7!\"I1vI1\0:N\'OBo+0Fܔ[tv9dabgX7֌xJ_zӲ\n\0%1&O<cVX<0jmh٬ٳgZ5K)^\\< \0Z!۠bxqPxQzXL).g\0;>-/1=)]qM\n\0%1LrȺu~R)nUN=z6U,\0jI,kool3Hlc-\'\ZY\0\02#b!.\\xڵk\\z)J|lYѣݳK+R?`LP(644yذa3xǝJڎvbxd*cӭ\0x/#GLT毝0asؚdYя~3yT>^,?=Ó/_k6vl]wvy笮nhyRfŊٺuJ8?oF\0hʕٳ>-]tm{{oS#\\yMHoF{爡Zwʲlٲ,5П3f{/ʝ)*]JѸ\"H1SxڭOGْڬmD ~#\\㏟W𲗽,rȔ>?)[hP}am9ϟD[Ə?2:ec=WUp:.s+OͽQ O뿻^{v@*\\J_<C,Y߿\\CDu{t~+G0|_ʺ L?׾}Yrd@{\"=!;R}:lذ8h\0CI,=O|y}-.oae?ʖ>?ܙzlXɼ4bĈlvdɒ2eʭ7pORaTֻt=$-{Ry_ܟ^ՏIngYu~O~\\sͽre@\'XE)їBJcSZҨVu[jJ7n_pa쬹ykvPO|x^o=U˳Ɲ5@m͈ܪUnH]5ֽ|讯fO=vGvSڶ\'ឯgzDv)kR{\Zj]Uwe{Պǲ?}m⟯/,?{fkV.SֳzjzX)$HaBE7}cJ.*s]\\F\Zuiԩ+,[/.m0\r_z/JڕgxWԕ%Cx+^1j?8Dn)5_ݽ&tG<߾vucv\rQ״zGΗ;܇R6,)(sS좲>6lǍ7zkuk͞z|LԶbSW>5vGn^gQ=t97RK_%[àMyﯲlL0\'>mSj\0pnӧ֬Yf;]]*+v7/^9gRova͖rTe˖0}bʵ{unm\r&է/TA`O^zwYF\0F\ZY,_\'\'AGVkSYsǬs\nzZ.~h\0CN}PWg@?)4*8l)6d;-)R5척cFO1P}]VW?c;ZĐ2u{l=A\0Y\nu/_0	İCu&opbH;MeoF;Xlg}b\0bݠ#=W,vj[#c\0z>nJ\00PİDcɇ=nr6k{2!!9+[{_eK~k\0ؼm+ſe}cwd~=\04&CzlCfkV.5z쮯Pcӽٓֽf_1]KG~?4[į=&\ZW2\rG ~U\Z󻹥TOk|d~i5C&2h%NѱX[Jﱛ]T7.1jKkpo\'F\0SW1?_ڞ[-M`P] L~ӫd @~tz\rpd\"\0@ۘZz.惡Xޭo\0ׇܿ=uѡL:u\\15~כ޿]!`+`;\nGbF\r7Vӹ{BuGk\'O>N>l&Ԋ.:>|W?𬵵_|.kL@v}=lذ8∨/kV\0\0 \0IDAT#&g{.\0\0Qgy戓N:)Ku?/_)1[ẍ́ʑȵ5oTZ]_1guVc^_~_\\z5לY=?ҁz1鬒9\"]9}> NiRC\0ThԿ\ro(=׽.;3/^|y>\nê\ZKS:Tڧ5ӳLFJ^w/_6:ow岪k}AT_{W^y5W=^QQƪׅ۶>EԚ}{NlCpRa<B@\00 \Zy\rF}k^Ș\'x=}5jfJAE#(?W\\<oGCc>?sސ {LJ: M3\0΃0o|뻨<_|}UVKdE96nl^@+GD}H~`J[T|%0¦2o͌hy5F̜9sYh>lӓO>q͚5uÆ\r5j/~nR__?\0Fÿя~tD\\QJ<_qO=I_׾_%:jfy,opOѐ>>nVx_m|06\ZY9;@| *ߖE FȘ@\0}V_ǚ0sN>ny3>:8Q/<OrRX)y]g;*\rj?zkjʔ)Sƭ[BpXcsbx:vgϞ9sZȓ!\'>xۯ𶷽-{+^/\Z{{{{\'{K%Wfn6SWZSW\\rg6s^:u1p޸޿\" _\rԺ~\\%=.0)\ZgQ>67杁S\nry}ߧ\"\"-a*<sg?쓟d_c>`mqy=zغ@>\ZtnEf<?7,q^iN?F=ϤtEjɓ|/o/\n\r]$||:y\\zeͭg͚u@ O>/^<&G\"76K^,@tIԞ---W9uuuGW\\\0F}	nQ_[N;w_{ن)I@l&H\r]\rܒFp%76?(!\r.GcJ?:tw}]^wk\\q_\'>K/_mLE肊:v|k&Qƅ4#?Ә\"Spb̊o?sBqbl9`Ӛb\rKk>xɗQr7><hb.\\sLwٜTR*̛7oܜ9sK3oAMքIsύiJ7z}0M騼!Pn5qyU\03ن<0T1ogyY*>/-^$Q_\rߖs)\\yן}مӧ^G{efFμ޽!t[SglwYaTV&M\\(P,w/?}8 ;}\'=zt;gVVX-Z({ڵko;4ɓ\'p(R^{>G裏 L#<2\rOyW@ݦ Le>5\\=N:Ny\0$F}Қm:?w*lponh7#eJmQymEY\Z3enaޭzN?{+Gܝש󺲺~ъe\0Θ-?߿߭fvJ4iхBr&/>}zO|\"R!	/zыe[(1%ǏJu}*\Z2}sӟtկ~u|^{]xV^G>\Zikls,Fs9oEfSJMm)uH6Y/Plma>:SnW[w*F\0}Z_ׄzؚ5kfr0汼>(Wuu5U}T<_q?>+TԽf}W}VyͰ:?1Cz|$y,\\rI,[Z\n\'bL>bxm*J5$1]t~<ȧc\'T|>a??\0,S4ɍi腏Xw4/\\Tw~~ls}Q~[w\'`M}de\':\ryXEࢪ@=]wk훧v?Vw00j12_6rwm\\ܸmGYQw<?+?O#Ҝb1/9tA-քB<WWG(5}(/ebKC?>$櫭^s̰\Z	S-FƤh-I\0Q_0o\r7t\ZØǎq#M^/~b4>5^ve7ڻf͚5\Z1\\:}y#F+_䁗|1oz2iymzh:G|=\\?&w(e@ovW__z饥R|0⋻5c\Z_\'|򻮻zn`[aLya狯dSD<@SoT^7O6~Q8o?K9X`HAP(\\[#aG*-t<TLSsۇB\r15}Xӥ/N{\r!Q\0A#0K_ҍ^/}iK-6lXv1ǔ0ey㾱۽8Mi~tr>*6LCz_E;(dWSg/Ǣ<֦ukֹ;RK~yccN Autsύ^zT~7):u:W{s/uiE}ܕ[\'Vk*szF^6k]ϑ8qkg^Cbu\rTc>TsPI3\nÇ?t\'7\nZ??ZڤCyona޿\Z\Z\ZJ\rGy$J؝wY\Z[6jԨ~&Wn;１][k,6,۝Z3\Z{Y4+W0\\mz`X¼Mdvm\rҥmmo~3k_gwlR_`u/;kNGN|^,[V,O\ny>1SLjժ֜-mPxy/zL*7ϤMQ9O8q`~{x߷`w&ϯ\\7xcCmfΜ=ٺu?`y;vPΝIΓO>Yz׾[|o~_ʹz}&Lw=ƕN;-F=WZ9Sny0֌覩S\"=]3بёFX>5ygz𵁣?T>G /uQСԁq}}lS>aPkBޓ~hKҏV[/0o{6gΜcoJ9\"*l>q#1O.TR6:^xa~ebl#tg_ԡK6nH޼/J7by/(`H?Ey-7[Kw<ۿ[RrytBwy_9nN:R#ګyo¼>S/++2ӟQ/y7yӐ{K/D:FB߶go)]~wnK{ek1|;7׮][?OeESW7u#樯W8cR=rpo2W<~g>9?p7kO~twZ\r@c)vJפXqɒ%?e˖ex`qDe#\0.R#_;qxg69Ixe\\yMQiKQ]pn	+H;t\"q+\"FtbᱩOMToL;;G`1Ǫϟ_z>4xv}l݈!]Z#7ʢVx={v~/u]\"s-uSޔn#Δ?ک+ׄE\Zm7K-`\\Y׾ѩHVV&ue*/23wx+e\r*Hwwa?WeL3g\\ L¼[rfw_=ϗA^w][|͘:mtd{g?+?{@bŊWVעCf͚}.׋-5OL?ǎW\Z\ZZg̘_&:{#\ZbzP9ַnt<:1R 4KDƕA_Eiߕ0\\tzAF	*:&L~_:!::;OH?5yEy/kΥ̇?R FOJ1kʔ)=~+o#WUr%Oo49׿Ѽrf¼[W\"p*0;=u8iӦ	\0lĉ77WANm>h)8XzϚ5T?G;ZbG}FSj1U4/mo{[;цy+_ny*]L5Ԛ ̈Cd[2z*;S^(8I}=/{ą`AI+wPk֬1qzWA+:f)~sB@VjwEJ~O\"A2o޼p~1(; NW\\QzoXb+X=Fzq,FkA)\Z6q5`ĉ#n9C^T֛ms_FYQ ]5J4js=WZKr-^0o툔r,r3\\hQiMtnK?QJ)\Z1$5^\'뷳~(;Oe.4F}\"h#~4rO|k_;\"u\n^{x1}X6Ff,~m:֖:)K BdT/_(((3:pu5k 0x5csԃq&Fvn(>~qq(.D__YSS)	q;bo;jQϗ8Grcy:iEt懘N\Z#\0N;dbHݚ\\1\ZFX/K6q&.B&__RFyZiӾ~KkhɾW}hڵû[BřB-;\"y{U-iAbJYIjt^c8Gw~޷/R\' DC%:A?:ԧ_A*0q<ŕh|E(FRe_7\"0o}4UE|N`\\m뮻R\r(w e:J\nшNc=k;c|eq[zfoK>DYlvP\njoy?6kl!Xݭs߷ܙ>%e?֖NO/L`Rſqi`Ӌ2p[E}u].\\Ɣ͋/.(8G]AJ\Ze<.E\0= LCҍ6TlhߌQ,ruIF,V~x<36v*+_,#تzFٖՅ.*X,ݼ*!q1Z~1t|NQ\nڲۓ_:N`/hDcb4Ü9sbT:2yPUڻ?lQ\"C%^).1ͨQ;HP~}4\rʆwt>}zvg,1&)Ѱ?S\\Q1ȊLw};UlWyBuFKGCq\" jf4O?R@(DdڴiGlhGԷq?e@K\nxma[7R=w^aۺañc+VMu9ʯuqE-:Sѩ;:QS5n3_iB_vL˭yfMY0)F0&bJlJbzsQ3f(]\0yG^ח.ĚHn63e1.vk\"@nTI*F@v$pE\0oUjoG]{nT뷧^z&,m\rh?/w1\r?:K1חY;QR+V*ܽ-ND~vaO\ZqH7cAOsc??F\'4XG:#QGc_biMao@L\\YI1<N*ш&*ʆS¨1T3<UR|AsgϮ}m^ޣ>q*%\Z*1:Dǥz}4V.8\'|]rc<\"&R刘C=\"H95WǱT.+D^ib튮FUX rkzڞ:kgۚ[_oi7)aFXo~a]TGƦ퍸RYhD@#l~_(uRqUWzb}D02h+D<\"^刘>t[EݬF@v5qy|ozYW6	ZVQits):\'mxM9Z ϝk\\q;묳oȘ(hЭN\Zm.-5bv?uq:/@֥X04/?4_;Q0u3GgiG-sQZF9?U+vK\rby[(-\"ӍbRC+w`sWB?v!FD4\ZǕX,=\r+WH/K{*1mx춼o\"aszw#֠jDLt\nʿ͉\0ft\0br_׾z>{\\i*\ZPk\"/|mzo.ԛyx3/yp(\'MG]uI0g7j\rtݍ,*!b4uL6CtJ#(E9S\nD#oQq\'#btmy;Tƶ8zfk]QH\\Xo}[O8oG?ڰ5uQHaE\\cW\\!Ő86V]1~uJe2N1;ЪUﯿy9U,kYoJcz*1!\rU.\\Z-:^F~4TN7FP4Q.$U6~Djcnx\\Nժ\ZNv&FT_\\y,f^\r8W44\Z&yYbVQ)U6o\"~s+b[ϋX,cX9@Cȷg.:ޏ`L4zpoԡ1rZR4꣞,Ke6F\"lI4\n_5Fwklf*S?wxg0[h/D=#P\"x\"G71:1DWVNou7TorDL\\u`FA<t[wE~G/D>#W\0\0IDATFM2-{zNFucU*5V̾/YI}=}7aoxxOeT䎏DDWt\n@s]wSN9en~\rdUlM-\'W?֑Je&~(o)yggJsb!hF?vL\nc=JQI&\Z<+0)hhbV\'\ZUѩYt+w1@y(Wh/lELrݏ쎆V_j$Ly}L+j>ϭ|@L+%A4\'O|W_cbKr>D rdL,llNo6mZLG:I~ZlgSa}3p[>G#7MiA̎분 ݭ)OY\"(S~I腘qSYz<.uUWܓ`u]~r8QOGqafszpSsK?wcDSǔ踘Wau f̙O=_>ĤL?2{E5{ U\Zo\ZH#ECPαRl؝8T\rꝓ*w]*FNYhtyReh}[EЯg<պE2تOer\nR/JN81=u\ZkNWnWx,z)dg>8OZ:bJEwkթqxb/z|uu(/ĔbtLJbk(/o56wո<\r)F{bBOW5-HuSSӧ7GvW_G8ty\ZRܢގWb\Z6]]k¤z\r7ܠd菧:5#\"[E0=궊Wwx/.9wQ1_WI\'//2w碼w\\-ɯ~g\ZKtRbE]WCVs1l0Z\r[+^:EPKܖwIQ^cR1^zii[n!2hK9bPc+NZ>o~󛽲fF^_;7y##`X# ?qп//ciL\\rFcM!sqtb\"֛##}GPPXpO0ax_oy=ܳxҥ.ZϵgN:餋ufǉ_-}ueq~x?{ʅdqt2cq(]wݵԱF~4~iMhH]vcy|jT~O8p@,D{-u{tuק12vp|`Xկ~uiU.ϱfLL͈ѡr#56\"aS?\"@?^ߏGjIA5jN;?~f1&F4lz6]X_ߓb#\0xh(1}?n׿?F?ׯFyZe\"x嗷[]Ou~S;>_갨+WMVcPk֬oN~\\JѫIpT:Q\0\0lYgWZq;T>K+|>wMaVFF2#ʪڜTO	I.>㠃j:FTUusx_ږ,F3^+Sc$LaC))ݕҘX3v۞#e`?~P@L4i?}K.ݛ=k.RܭY\n\0T;Ǳq>ί[|_,ϭ]6vGҨNJ/>}zc\"ӓ:DF}>o/0I}=t\n#C67ImX\">8uC~ȳ?{3};mmmW\0w\Z~ljs=/lgt/<\Z:Fz]w|VLG0$tsZJ+12&cAʩEU%Zn(cڌ+W~/~o~6V:?OYP]\0۸iDW^yw0ibh]}:\'\\uU{m	#EPG}=tE<3u>iG]cLrUcSb|msϹsN8wzްKO=<կ~uճ>LP\nH\0bmɓ\'O˿uYg=7_ݑ	o	m938_GX6/}mlkE`%va5a Cro|_wW>4bĈL0ɷUzivǖj{GyOFk֬y<k.]zy\'pBlԸo~n[zOaMVޢZ\\}s8Ňrȸ-\'01&ߢZ}]#FP(M[{#!^\0nJ77M2e}L)Zғ)-Lxm^h\0~/9gu7c{mlY=mڴ但:17zo}[B}B{{dumbXM1ۻ gwH_JE0XkGct!PGشq:Icicb,jt$\rXcG+!,\\`Y`߿ps]ý˽̗sggw^4\Zy\"\0|s?mڴϥoZtq2X+]y}=j\0z=;сꬳ:[nekKK˕s5+\00{zz.[^zH4a\0zΝ̜9~Yu:syP4b\0!#}ӚVAz[tMرÒ\0C:\r7ۏ|~z]6\'ȇ87ϥy\ZGш\"VR-\0hƌ5kZMz]4c^wuomӄ!|<~ta6,oe{ز9\\O\"7GVܾ4^N}Z|Y\"{s4u޼yG7\0C\'mmmu;=,\0\"1Y>QYx\"[nw;H:YvT$1:rpdb䱲㎉|82丯\'\0Xi3f>{썪0tJʷ4a{|(ҍc*>?V3?{qz,Ts IjyHIݼNӄF\Zn)骗4Q,/&}~\'rIʊYjЬ.B1DOZ\Zr+Ê$8r}_28I2?-\\QP\0\0\0ß->?^fLY|F,z.T=6b(qii4KФˡ҉^<,A\'I\0\0\0gDyW!yx,]ǑʎOÒ^+g~C<V3uއ&Q\']9VQJԩK͛lWf%\0\0\0xOE(,^1߈l\"P8.u&˗:\r\0\0\0oiPI89^1\Zm24:?fVGJ(ݙCRY̩+܈b5z/?(\'6ˇ&},2j\0\0\0ՐV?l_k7d4]HiŹ6]5,&UM~4r[=\'5[V0=7gX4FoHI\0\0@#KshU¢?,yq;5m8e*Ku;OL=4bzvžtӏ+w	\0\0siʆy,ͫyQcm\\\0\04ؖ,_PSMMM9( Gj;j!cbڣ\0wv^q\\=<O\Z1:;;=CcmڴiYAmo=Z#fuuue#FP	\0+۴MZyrr_DVDv(Ty6mR!`kb3O%jfޚ5kڕam޼95_Q	\0}-aY1P\Z1TwwmKbu֥+5Tڈs3cQ5ך5kvܤ\0{YXvC#8qtի{Uc,[N<Eը)S,sK\Z\'^k;w.=sV\r\0xҕ/Wgy7C#bŊi\0{{{\Zjvwtt\Zo˖-Yl陦\Z\0DVfĽWdP5\Z1y睷$>^oҌX	pa\\Z_xQ>\Z@	u:lذ8qB6+W]ڹR]y\"+TFbҤIO|vѢEVhΘYl6ܹ|NXdɏS{mmm,XЙ9sVｼqU{l-\Z#_+nKn\\ehQ]wݵ|o޼իW}BSSӐ{/_<5kV6v#aqU;Ig>eʔv\r~Wwt<\\1baqB|7W,Ydoɓ\'?:ꪫkQF\ZIkk/T6\"mzbŋSB3PiFl<䓧}&fdP;?CYGGGv뭷f]vP/,_ZL;$ҹ~D&JljjZ\\*~tC}IkN<kdݺuGfV(c#\0Ѥ{3fݽ#>0{nyꩧ7nǟ\Z7ͫVTjҤGVOa`?\\N:,c憹s^g戁=>m&\n\0VZM6gwJsgEȪjTȊ,_:5^-3#ENR*؃PRU*Vkm֌\\j,\\psnEȪ\'r\\q,}2BTFAoo].첃U\0j+B\0YhQiʕoYq8w_Yy#\'My%rUxqFT	`7Mv~S+r~lB\0P[O|,>vGuGs!kn}bKuuuܰaC5kZvر\"}ɕ05qJ$\r]_ܢLP\Z1R邊]}[I4b\0`\0BښV\\d,ǂV[3Uj-MЛGF^:4b&LH撴Փ\0`L2eAlRY5xf*I;#E~U3;rRAuh@?Ǝ{vT:Lo۶-\rOzD\0\0ϭ/骘3\"8KYެ@#Q*$\0\0#\"FE=NJգaIR\'}yٖ\0`66rkOЛ<^qLZQ0<T8#\'d,Iu?Q-\0\0sٮ&L2c>LP=\Z1PK|{ҒhjjZ\0\03]Y9\0eT*&Ø\0\0`ȩ.sӈ2_~7ǦIGugU\r\0Y>!o4gIz&|e|ǟj\0\0ԑ#FV\n\r(s#6(7uc\rsν^\0\0cGG~P;\Z1\0\0\0-5^_*嚋ώ\n9b\0\0\0\Z[Ȩ,oeX\0\0ZO|/@m\"\0\0\'r~#ӔjC#\0\0r7FFFNQ\n>\0\06}wF&(\rTF\0\0@c{U;X%ш\0\0 y&{p\"<P\Z1\0\0\0$Fط4WR\0\0\0sYbREǤ/L:4b\0\0\0\ZWGÑNUve14	\0\0ݹ7UeqE\0\0@J+\"=ФJ\"\"?P.w\Z1\0\0\0kUMy5rHd@\0\0иdˋ?T+b\0\0\0\Zw#*\r_/5lNU.w\Z1\0\0\0Ŷ流R\Z;K:4b\0\0\0(\'}\'1\0\0\0TzV	64b\0\0\0\Z[\Z)1G`~\0\0\0h\\=|)K3c\\\0\0f\nJ+}oE1\0\0\0[Yl?P]\Z1\0\0\0Ho\nF\0\0@NlWȰ񑃲\n#F\0\0@b\Z/#D^-T&\0\0\0W\0\0\0%}/We1*TF\0\0\0esjK#\0\0J\01\0\0\0\01>uTU\0\0J\0{O#\'\0\0\0ш6[	\0\0f\0\0\0\0\0\0\0\0\0\0\0\0\0\0\0\0\0\0\0\0\0\0\0\0\0\0\0\0\0\0\0\0\0\0\0\0\0\0\0\0\0\0\0\0\0\0\0\0\0\0\0\0\0\0\0\0\0\0\0\0\0\0\0\0\0\0\0\0\0\0\0\0\0\0\0\0\0\0\0\0\0\0\0\0\0\0\0\0\0\0\0\0\0\0\0\0\0\0\0\0\0\0\0\0\0\0\0\0\0\0\0\0\0\0\0\0\0\0\0\0\0\0\0\0\0\0\0\0\0\0\0\0\0\0\0\0\0\0\0\0\0\0\0\0\0\0\0\0\0\0\0\0\0\0\0\0\0\0\0\0\0\0\0\0\0\0\0\0\0\0\0\0\0\0\0\0\0\0\0\0\0\0\0\0\0\0\0\0\0\0\0\0\0\0\0\0\0\0\0\0\0\0\0\0\0\0\0\0\0ںA\0\0\0\0IENDB`',NULL),('2507',1,'请假流程001.bpmn20.xml','2506','<?xml version=\"1.0\" encoding=\"UTF-8\"?>\n<definitions xmlns=\"http://www.omg.org/spec/BPMN/20100524/MODEL\" xmlns:xsi=\"http://www.w3.org/2001/XMLSchema-instance\" xmlns:xsd=\"http://www.w3.org/2001/XMLSchema\" xmlns:activiti=\"http://activiti.org/bpmn\" xmlns:bpmndi=\"http://www.omg.org/spec/BPMN/20100524/DI\" xmlns:omgdc=\"http://www.omg.org/spec/DD/20100524/DC\" xmlns:omgdi=\"http://www.omg.org/spec/DD/20100524/DI\" typeLanguage=\"http://www.w3.org/2001/XMLSchema\" expressionLanguage=\"http://www.w3.org/1999/XPath\" targetNamespace=\"http://www.activiti.org/processdef\">\n  <process id=\"LeaveBill\" name=\"leaveBillProcess\" isExecutable=\"true\">\n    <startEvent id=\"sid-2F4297F0-7C71-43B0-A6E0-4DAF19994BF4\" name=\"开始\"></startEvent>\n    <userTask id=\"sid-4C8CC60D-0FB7-434E-9F14-76DB0C080AEB\" name=\"启动流程\"></userTask>\n    <sequenceFlow id=\"sid-2FD8AD1A-FFB4-4990-B62D-A9E3178AABF0\" sourceRef=\"sid-2F4297F0-7C71-43B0-A6E0-4DAF19994BF4\" targetRef=\"sid-4C8CC60D-0FB7-434E-9F14-76DB0C080AEB\"></sequenceFlow>\n    <userTask id=\"sid-3E13163B-3423-42F1-BE10-7E63417E9BD6\" name=\"部门审批\">\n      <extensionElements>\n        <activiti:executionListener event=\"start\" class=\"org.xiaojl.oa.listener.LeaveTaskListener\"></activiti:executionListener>\n      </extensionElements>\n    </userTask>\n    <sequenceFlow id=\"sid-92A26ED2-2EFD-4FEF-810C-5106EB076848\" sourceRef=\"sid-4C8CC60D-0FB7-434E-9F14-76DB0C080AEB\" targetRef=\"sid-3E13163B-3423-42F1-BE10-7E63417E9BD6\"></sequenceFlow>\n    <exclusiveGateway id=\"sid-66322299-DA1E-462D-B51B-C930A0A1AC58\"></exclusiveGateway>\n    <userTask id=\"sid-2E3C0D13-4600-4BEF-95C1-8EC3474DBB40\" name=\"总经理审批\">\n      <extensionElements>\n        <activiti:executionListener event=\"start\" class=\"org.xiaojl.oa.listener.LeaveTaskListener\"></activiti:executionListener>\n      </extensionElements>\n    </userTask>\n    <exclusiveGateway id=\"sid-95BE41AA-D5B8-4462-A944-2E6492B9454B\"></exclusiveGateway>\n    <endEvent id=\"sid-69C9F025-B4F1-4A00-8EFC-5210DD0D0AD0\" name=\"结束\"></endEvent>\n    <sequenceFlow id=\"sid-1AB1C516-E76B-4C01-984D-256EA740D239\" sourceRef=\"sid-3E13163B-3423-42F1-BE10-7E63417E9BD6\" targetRef=\"sid-66322299-DA1E-462D-B51B-C930A0A1AC58\"></sequenceFlow>\n    <sequenceFlow id=\"sid-68FC44BD-34EE-499B-B894-82F43565E4DD\" name=\"审批不通过\" sourceRef=\"sid-95BE41AA-D5B8-4462-A944-2E6492B9454B\" targetRef=\"sid-4C8CC60D-0FB7-434E-9F14-76DB0C080AEB\"></sequenceFlow>\n    <sequenceFlow id=\"sid-1047C7E8-B671-4724-A291-1AD6638FB744\" name=\"审批通过\" sourceRef=\"sid-66322299-DA1E-462D-B51B-C930A0A1AC58\" targetRef=\"sid-2E3C0D13-4600-4BEF-95C1-8EC3474DBB40\"></sequenceFlow>\n    <sequenceFlow id=\"sid-04391DA8-1746-4DD6-9C46-3C99AADA6810\" name=\"审批通过\" sourceRef=\"sid-95BE41AA-D5B8-4462-A944-2E6492B9454B\" targetRef=\"sid-69C9F025-B4F1-4A00-8EFC-5210DD0D0AD0\"></sequenceFlow>\n    <sequenceFlow id=\"sid-86EA9C4D-0502-4B80-B276-F595FAD49BB8\" sourceRef=\"sid-2E3C0D13-4600-4BEF-95C1-8EC3474DBB40\" targetRef=\"sid-95BE41AA-D5B8-4462-A944-2E6492B9454B\"></sequenceFlow>\n    <sequenceFlow id=\"sid-7BD855B3-7C54-457A-9AC5-5C5EF3CB007E\" name=\"审批不通过\" sourceRef=\"sid-66322299-DA1E-462D-B51B-C930A0A1AC58\" targetRef=\"sid-4C8CC60D-0FB7-434E-9F14-76DB0C080AEB\"></sequenceFlow>\n  </process>\n  <bpmndi:BPMNDiagram id=\"BPMNDiagram_LeaveBill\">\n    <bpmndi:BPMNPlane bpmnElement=\"LeaveBill\" id=\"BPMNPlane_LeaveBill\">\n      <bpmndi:BPMNShape bpmnElement=\"sid-2F4297F0-7C71-43B0-A6E0-4DAF19994BF4\" id=\"BPMNShape_sid-2F4297F0-7C71-43B0-A6E0-4DAF19994BF4\">\n        <omgdc:Bounds height=\"30.0\" width=\"30.000000000000007\" x=\"47.31773093290908\" y=\"373.0680307215858\"></omgdc:Bounds>\n      </bpmndi:BPMNShape>\n      <bpmndi:BPMNShape bpmnElement=\"sid-4C8CC60D-0FB7-434E-9F14-76DB0C080AEB\" id=\"BPMNShape_sid-4C8CC60D-0FB7-434E-9F14-76DB0C080AEB\">\n        <omgdc:Bounds height=\"80.0\" width=\"100.0\" x=\"152.14860777548546\" y=\"348.0680307215858\"></omgdc:Bounds>\n      </bpmndi:BPMNShape>\n      <bpmndi:BPMNShape bpmnElement=\"sid-3E13163B-3423-42F1-BE10-7E63417E9BD6\" id=\"BPMNShape_sid-3E13163B-3423-42F1-BE10-7E63417E9BD6\">\n        <omgdc:Bounds height=\"80.0\" width=\"100.0\" x=\"339.93842888190443\" y=\"348.0680307215857\"></omgdc:Bounds>\n      </bpmndi:BPMNShape>\n      <bpmndi:BPMNShape bpmnElement=\"sid-66322299-DA1E-462D-B51B-C930A0A1AC58\" id=\"BPMNShape_sid-66322299-DA1E-462D-B51B-C930A0A1AC58\">\n        <omgdc:Bounds height=\"40.0\" width=\"40.0\" x=\"534.1889596715641\" y=\"368.06803072158584\"></omgdc:Bounds>\n      </bpmndi:BPMNShape>\n      <bpmndi:BPMNShape bpmnElement=\"sid-2E3C0D13-4600-4BEF-95C1-8EC3474DBB40\" id=\"BPMNShape_sid-2E3C0D13-4600-4BEF-95C1-8EC3474DBB40\">\n        <omgdc:Bounds height=\"86.25231878160702\" width=\"139.24747039789952\" x=\"679.8768577638089\" y=\"348.0680307215858\"></omgdc:Bounds>\n      </bpmndi:BPMNShape>\n      <bpmndi:BPMNShape bpmnElement=\"sid-95BE41AA-D5B8-4462-A944-2E6492B9454B\" id=\"BPMNShape_sid-95BE41AA-D5B8-4462-A944-2E6492B9454B\">\n        <omgdc:Bounds height=\"40.0\" width=\"40.0\" x=\"898.4087049021759\" y=\"368.0680307215858\"></omgdc:Bounds>\n      </bpmndi:BPMNShape>\n      <bpmndi:BPMNShape bpmnElement=\"sid-69C9F025-B4F1-4A00-8EFC-5210DD0D0AD0\" id=\"BPMNShape_sid-69C9F025-B4F1-4A00-8EFC-5210DD0D0AD0\">\n        <omgdc:Bounds height=\"28.0\" width=\"28.0\" x=\"1044.0966029944207\" y=\"374.0680307215858\"></omgdc:Bounds>\n      </bpmndi:BPMNShape>\n      <bpmndi:BPMNEdge bpmnElement=\"sid-1047C7E8-B671-4724-A291-1AD6638FB744\" id=\"BPMNEdge_sid-1047C7E8-B671-4724-A291-1AD6638FB744\">\n        <omgdi:waypoint x=\"573.4362368886183\" y=\"388.82075350453164\"></omgdi:waypoint>\n        <omgdi:waypoint x=\"679.8768577638089\" y=\"390.25562693252914\"></omgdi:waypoint>\n      </bpmndi:BPMNEdge>\n      <bpmndi:BPMNEdge bpmnElement=\"sid-04391DA8-1746-4DD6-9C46-3C99AADA6810\" id=\"BPMNEdge_sid-04391DA8-1746-4DD6-9C46-3C99AADA6810\">\n        <omgdi:waypoint x=\"937.9772040295741\" y=\"388.49953159418766\"></omgdi:waypoint>\n        <omgdi:waypoint x=\"1044.0966933241882\" y=\"388.11832212573125\"></omgdi:waypoint>\n      </bpmndi:BPMNEdge>\n      <bpmndi:BPMNEdge bpmnElement=\"sid-7BD855B3-7C54-457A-9AC5-5C5EF3CB007E\" id=\"BPMNEdge_sid-7BD855B3-7C54-457A-9AC5-5C5EF3CB007E\">\n        <omgdi:waypoint x=\"554.6889596715641\" y=\"368.56803072158584\"></omgdi:waypoint>\n        <omgdi:waypoint x=\"554.6889596715641\" y=\"243.63070498348597\"></omgdi:waypoint>\n        <omgdi:waypoint x=\"205.49220881456878\" y=\"348.0680307215858\"></omgdi:waypoint>\n      </bpmndi:BPMNEdge>\n      <bpmndi:BPMNEdge bpmnElement=\"sid-86EA9C4D-0502-4B80-B276-F595FAD49BB8\" id=\"BPMNEdge_sid-86EA9C4D-0502-4B80-B276-F595FAD49BB8\">\n        <omgdi:waypoint x=\"819.1243281617084\" y=\"390.11488509020165\"></omgdi:waypoint>\n        <omgdi:waypoint x=\"899.2140114402857\" y=\"388.8733372596956\"></omgdi:waypoint>\n      </bpmndi:BPMNEdge>\n      <bpmndi:BPMNEdge bpmnElement=\"sid-1AB1C516-E76B-4C01-984D-256EA740D239\" id=\"BPMNEdge_sid-1AB1C516-E76B-4C01-984D-256EA740D239\">\n        <omgdi:waypoint x=\"439.93842888190443\" y=\"388.0680307215858\"></omgdi:waypoint>\n        <omgdi:waypoint x=\"534.1889596715641\" y=\"388.06803072158584\"></omgdi:waypoint>\n      </bpmndi:BPMNEdge>\n      <bpmndi:BPMNEdge bpmnElement=\"sid-2FD8AD1A-FFB4-4990-B62D-A9E3178AABF0\" id=\"BPMNEdge_sid-2FD8AD1A-FFB4-4990-B62D-A9E3178AABF0\">\n        <omgdi:waypoint x=\"77.31773093290909\" y=\"388.0680307215858\"></omgdi:waypoint>\n        <omgdi:waypoint x=\"152.14860777548546\" y=\"388.0680307215858\"></omgdi:waypoint>\n      </bpmndi:BPMNEdge>\n      <bpmndi:BPMNEdge bpmnElement=\"sid-92A26ED2-2EFD-4FEF-810C-5106EB076848\" id=\"BPMNEdge_sid-92A26ED2-2EFD-4FEF-810C-5106EB076848\">\n        <omgdi:waypoint x=\"252.14860777548546\" y=\"388.0680307215858\"></omgdi:waypoint>\n        <omgdi:waypoint x=\"339.93842888190443\" y=\"388.0680307215857\"></omgdi:waypoint>\n      </bpmndi:BPMNEdge>\n      <bpmndi:BPMNEdge bpmnElement=\"sid-68FC44BD-34EE-499B-B894-82F43565E4DD\" id=\"BPMNEdge_sid-68FC44BD-34EE-499B-B894-82F43565E4DD\">\n        <omgdi:waypoint x=\"918.9087049021759\" y=\"407.5680307215858\"></omgdi:waypoint>\n        <omgdi:waypoint x=\"918.9087049021759\" y=\"477.32853343223934\"></omgdi:waypoint>\n        <omgdi:waypoint x=\"202.14860777548546\" y=\"477.32853343223934\"></omgdi:waypoint>\n        <omgdi:waypoint x=\"202.14860777548546\" y=\"428.0680307215858\"></omgdi:waypoint>\n      </bpmndi:BPMNEdge>\n    </bpmndi:BPMNPlane>\n  </bpmndi:BPMNDiagram>\n</definitions>',0),('2508',1,'请假流程001.LeaveBill.png','2506','PNG\r\n\Z\n\0\0\0\rIHDR\0\0:\0\0\0\0\0Y=\0\0.IDATx\\ey0pSQ~h-Bzn3g6,V )^PA%\r%ܡ\\P(\n\nK\"\n:7o&d/f2ټy}=̙\0\0\0\0\0\0\0\0\0\0\0\0\0\0\0\0\0\0\0\0\0\0\0\0\0\0\0\0\0\0\0\0\0\0\0\0\0\0\0\0\0\0\0\0\0\0\0\0\0\0\0\0\0\0\0\0\0\0\0\0\0\0\0\0\0\0\0\0\0\0\0\0\0\0\0\0\0\0\0\0\0\0\0\0\0\0\0\0\0\0\0\0\0\0\0\0\0\0\0\0\0\0\0\0\0\0\0\0\0\0\0\0\0\0\0\0\0\0\0\0\0\0\0\0\0\0\0\0\0\0\0\0\0\0\0\0\0\0\0\0\0\0\0\0\0\0\0\0\0\0\0\0\0\0\0\0\0\0\0\0\0\0\0\0\0\0\0\0\0\0\0\0\0\0\0\0\0\0\0\0\0\0\0\0\0\0\0\0\0\0\0\0\0\0\0\0\0\0\0\0\0\0\0\0\0\0\0\0\0\0\0\0\0\0\0\0\0\0\0\0\0\0\0\0\0\0\0\0\0\0\0\0\0\0\0\0\0\0\0\0\0\0\0\0\0\0\0\0\0\0\0\0\0\0\0\0\0\0\0\0\0\0\0\0\0\0\0\0\0\0\0\0\0\0\0\0\0\0\0\0\0\0\0\0\0\0\0\0\0\0\0\0\0\0\0\0\0\0\0\0\0\0\0\0\0\0\0\0\0\0\0\0\0\0\0\0\0\0\0\0\0\0\0\0\0\0\0\0\0\0\0\0\0\0\0\0\0\0\0\0\0\0\0\0\0\0\0\0\0\0\0\0\0\0\0\0\0\0\0\0\0\0\0\0\0\0\0\0\0\0\0\0\0\0\0\0\0\0\0\0\0\0\0\0\0\0\0\0\0\0\0\0\0\0\0\0\0\0\0\0\0\0\0\0\0\0\0\0\0\0\0\0\0\0\0\0\0\0\0\0\0\0\0\0\0\0\0\0\0\0\0\0\0\0\0\0\0\0\0\0\0\0\0\0\0\0\0\0\0\0\0\0\0\0\0\0\0\0\0\0\0\0\0\0\0\0\0\0\0\0\0\0\0\0\0\0\0\0\0\0\0\0\0\0\0\0\0\0\0\0\0\0\0\0\0\0\0\0\0\0\0\0\0\0\0\0\0\0\0\0\0\0\0\0\0\0\0\0\0\0\0\0\0\0\0\0\0\0\0\0\0\0\0\0\0\0\0\0\0\0\0\0\0\0\0\0\0\0\0\0\0\0\0\0\0\0\0\0\0\0\0\0\0\0\0\0\0\0\0\0\0\0\0\0\0\0\0\0\0\0\0\0\0\0\0\0\0\0\0\0\0\0\0\0\0\0\0\0\0\0\0\0\0\0\0\0\0\0\0\0\0\0\0\0\0\0\0\0\0\0\0\0\0\0\0\0\0\0\0\0\0\0\0\0\0\0\0\0\0\0\0\0\0\0\0\0\0\0\0\0\0\0\0\0\0\0\0\0\0\0\0\0\0\0\0\0\0\0\0\0\0\0\0\0\0\0\0\0\0\0\0\0\0\0\0\0\0\0\0\0\0\0\0\0\0\0\0\0\0\0\0\0\0\0\0\0\0\0\0\0\0\0\0\0\0\0\0\0\0\0\0\0\0\0\0\0\0\0\0\0\0\0\0\0\0\0\0\0\0\0\0\0\0\0\0\0\0\0\0\0\0\0\0\0\0\0\0\0\0\0\0\0\0\0\0\0\0\0\0\0\0\0\0\0\0\0\0\0\0\0\0\0\0\0\0\0\0\0\0\0\0\0\0\0\0\0\0\0\0\0\0\0\0\0\0\0\0\0\0\0\0\0\0\0\0\0\0\0\0\0\0\0\0\0\0\0\0\0\0\0\0\0\0\0\0\0\0\0\0\0\0\0\0\0\0\0\0\0\0\0\0\0\0\0\0\0\0\0\0\0\0\0\0\0\0\0\0\0\0\0\0\0\0\0\0\0\0\0\0\0\0\0\0\0\0\0\0\0\0\0\0\0\0\0\0\0\0\0\0\0\0\0\0\0\0\0\0\0\0\0\0\0\0\0\0\0\0\0\0\0\0\0\0\0\0\0\0\0\0\0\0\0\0\0\0\0\0\0\0\0\0\0\0\0\0\0\0\0\0\0\0\0\0\0\0\0\0\0\0\0\0\0\0\0\0\0\0\0\0\0\0\0\0\0\0\0\0\0\0\0\0\0\0\0\0\0\0\0\0\0\0\0\0\0\0\0\0\0\0\0\0\0\0\0\0\0\0\0\0\0\0\0\0\0\0\0:<(\0\0\0\03ZYZ\0\0\0\0fj,UUlt\0\0\0`ƨ%Z\"8=w&F\0\0\0xDY.jFc\Zu\Z\0\0\0@ǪjDqvYo|\0\0\0\0:ЦZ2☲,jt\0\0\0\0ieYV񽈁(\\\0\0\0LZD]I؈\0\0\0Lj}\"IEQ<~cF\0\0\00ejڧsF\"z&kt\0\0\0\0j``QZ?⒈_eyXQϘK\0\0\0EQV}<bEUU5/l2N\0\0\0`d#jw\",z5:\0\0\0`˲|V%~ܹs9տF\0\0\0zSV;yr}4:\0\0\0RןXUՁ?jM\0\0\0,_UUrF~;jt\0\0\0\0c7oޣknWDPU{\"ҩF\0\0\0^qlVU7&{kt\0\0\0\0(˲Zv[~(ΤF\0\0\0rZ9FyUUfc[4:\0\0\0`ڤ^V}yxqeYh4:\0\0\0`eypVy	Gߧ\0\0\0@Vˈ+rU~^K\Z\0\0\0ЍxlUUU?xW^b75:\0\0\0˔e}	+n#nv4D\0\0\0.P#b_(▲,Ϝm\0\0\03XQϋ\"nfu<4:\0\0\0`\Z\Zڴ,#q(^`d4:\0\0\0`ƨ鱐_/\".-r\0\0\0W#81Fet\Z\0\0\0Ёx|UUE8הeo__it\0\0\0@g-_ܵqwUUѨit\0\0\0tlTU(7O32O\0\0\0I^Ӫ>yJ^Ql8\0\0\0B===b|窪Ί;q\Z\0\0\005gFqkąU(FfY\0\0\0&&oiweyBeht\0\0\0+IeY\"c\0\0\0	R_ϗe*nXU\0\0\00o޼GWU8WF<bldF\0\0\0l,_q|,zxx#34:\0\0\0`tq~=t\0\0\0X([UՇc}{9t\0\0\0ЦeY΍VK3#4:\0\0\0MQO!7F\\[<4:\0\0\0 >_;4*3F\0\0\0*rc|m000#3sit\0\0\00TUXKsƩcTF\0\0\0ܹsYUՂX_qs,t\0\0\0Z^~YGθ=3mEQlfdF\0\0\0]\'qFĊ.OL\0\0\0kEXcДK\"#3{ht\0\0\0\r۞=O.ZF2kF\0\0\03O^6ea#~TUyX#3it\0\0\00grUUeTh\0\0\0EeY\"7cO52\0\0@*rX2bY^Mc\0\0\0l^U.`=;#6F\0\0\0#=Buy^F\0\0tڤ,˿z,PTQ/6,l(\0\0\0\\UջcQz}\"acit\0\0\00eʲ|mUU\'X~!5F\0\0ʝ\Z,q{](IFɠ\0\0%7N?]<a2it\0\0\00axDYUSnǞed*\Z\0\0\0lzM,0?qGeYgs#T\0\0\0`\r\rm\ZʷFgʈcʲ04:\0\0\0X/O+򽱠){EQlid\Z\0\0\0wD]I0*t<\0\0\0`t}}}>D$b(odT\Z\0\0\0^,_1*\Z\0\0\0xT,#.eYE#L\0\00EX~<bEUU5/0it\0\0\0BȨjX~\'β,72t\Z\0\0\0Ȃ.%~ܹsid\Z\0\0\0@UUo͓s__ߟF\0\0@O\"?VFn\0\0eʲ|UUUqf\0\0.0o޼Go+\"n=O126\Z\0\0\03XUU/86wf!0[it\0\0\00[eYTUun,nE\\#\Z\0\0\03ies#⼪zada\0\0I^K,޾<<帲,_dX`t\Z\0\0\0(O$Zhy	GF\0\0@g-2ʲ\\6*^!\0\0Tczg,ЮYĻ?\0\0iR\'쮸9.\rE\0\0`\nEX#.,3L\0\0)Pb;#s<\0\00I6-rǈokE~(<\Z\0\0\0b},˅2204:\0\0\0&HUUFqbˍ\nL-\0\0P㫪/Ǳ,}gd`zht\0\0\0lb]wWUuJoo\ntkS\0\0`<<UU-eyhӌt\0\0uZU\'c2WR+<\Z\0\0\0<L;WUuVmt6\0\0/qDĭV(G1a\0\0`ۤͱ@:-⮲,Oް̣\0\0ZEQ<,˃bat]UUU3{K\0\0uc1,WzQ\0\0\n{tUUcte#,\\FF\0\0ʲ|QU7[Mt\'\0\0n2{\0@Gi4\Zx㍧^ve8s\Zgu8^x\"̴Ssp,tn8\'===:\ZȧB`B墋.jXi+W6.{8xGϙM˲<<%nEg趹FJuYv\\)⩱9$ƈ#vǶ4Eu4:O\\[NwNDA`͑BwG|6ƹFy,7*:b0ʲ+X\\<\\6@>r=\0X޸7~|#cĻ ꥱhS{{{\\7ht \n*V]qwoϷ~Xc7]̝;UU-7G`us]FbkBx7ZeyT,R3#Vf溹ET\0turyGYsgNAX̏8#bEUUGe\'溹ET\0̚b嚳,V9o_EXcДK\"s\\Wс|*z\0+i)Y=O.ZFs\\Wс|*z\0fugJX缑O~APUXL\\4Ӽl|yY؈5u/\ZȧB@q4fy#܂ͱ/zec_s_a\\U_S!Xw-qwXsi<y# X>|Q[ek<{㱧S!XYKt(V1oWTUX@jr4Ge]?YVahhhS3\\Wс|*z\0+z˚[O|l\\>1eY\09^oc_4:O\\\0,V]qş\Z8|.ƛ===GGkr4-^s]F`7nƏ|ߘJ+kk}B31AY__K4{u/\ZȧBq+$\'4hrqRRu/\ZȧB1|OhoX7iz߼@^I%n\">ϝ;fET0k\r-TZ}3T_f|*\nu|\rbE(ua3oXy!Ok\0ŊP:3hn	Jų|*\\/_(V\\7יEG>r=5bEAnӑvXGqz1r|\riO~?#n{hѢ?,X=}7|#QGgFK \\7י֢y]EO\nS!zeYkS#7E}=nq8=Vp?ݸ\Z˗/ow}+Vh\\y啍O>_dɒh+\nus)9~=둯bUUqVVO߳nb<Cꪫ\Zz8[wh*V:SR4wY>r=5Vmqz47Fxl:c|hٲe3l?1溹NGȧBGfeYWMG?ƹ۸ܿoK.mlvkwG8餓w}xu5&/~>%K1e+\nus	MA>r=5رV=җ4|Xj7<Z<k:<ʟ͎o/SW \\7יТy1P>r=5䨵79:\"/OC11vv\r\rxpp1Ύvw1/4+\nus	)r[E&c9|*zkAp#8b)*k9#G2r<\'dsv?5+\nus.wl+~?hގx둯b+ɱMfǈ͚A%K1wd(溹΄iQmG^4baO\\|59vj?\'ǆX1k|y	٩pW7kΊ溹z^[<fw|*zkѱz7GHt2r)kWG__߳g62kMdBWgEbEA`8֣xo<x-ZCJQψ?ck&}?残kRy5!rg>T:߶u謲,_XQn^Ux^ߢ_9\'c``	\ZB|mի\"y)5>zRK.mot,?xeMi#Yx&~1\"XQ̖n^c-Z*715\Z7N],Jx/eYW{q>+V䶙&\ZuǯXQ̖n^U4xF0\'cmO\\?9\r\r~ߏ?_z|OB:[z}Mi#z{-Nl溹u|\"7Z1E1;Vϛfcgs!Omvm٘9֟\'꒲kl.0tJg9iϦ׼x*pn[|2ciw}Y;ӡ#~qM,G\\RUq{v==k\'Fsq\'Fcq\\6.E۸xUzeI.\\侾-эx>b[kw[94u?_]<}3QeEO\">?t\"qZnκ.̭m;<_SFG$cGG$tƜGޱt+˖-k<1Y{mxل˄>fp\r}k&xK_~x[ߚo.xk|l<YRt|s/Oj\Z\\snǮy_<q\'\'>eɒ%sgl=\ZSΞ?ggߘO?;Ml#ןgǞl.d!mHooMrwھBdfc\\ɑ͎fq{l<~B)͑j.L͓3͔#.~rMrC7345LiތXRCoFBV/9Eqo~|m<g\\W4ysͿ/_?\"3|PD/O2sX<\ZN;=a6۱w~os;:&ŋWN9:\"i⯳Нy(J#ql[M͇׾U\Z|.ޖ[nc.u9ǾG޿{_5lȦI~O~>ߧr_psCB.Ñ\r\r;׼fɖՈf[5~~u[778\Z{x]UZ/FmEs&\r)ҼYW#~4:zt4<Es6hݓ3ـƜab.x|D;G$kΛꫮ\\qi⯞dFiBwZ\Z[lbn&ũ틽Vc\"#ϻ{VM.ڮ-ܲgS?|WytsW\\i7TleC38c\\yϵk~wԟ719ΦJkCM7n\"onpl7_/y{qit̂ȍuI>ųόO=U;tk+5+dѢE:餓Fǉ\'x[_w|mMk#we\'LO[ZyJ.2ڟo-\n=;w]\\z饫k>6UW]5;cu$)X\ZǾgaT>s}NsR6\Z~V#o[s;FJkRugwyi?}sGQΎ̍U4oS<2b3v˘SKG^r&5:rhs#k[91o=0XN{L;P}mbzoz\Zy8dZtiGwsKozhz<N1*<r͍@~s׿,ZI>\"]t抂\\O\\y7>O\r7)r.!Q/|&E6>F\"5;[GǏZ0玎l`Ym]Эhsk;N:h޶x`3mGG+Zaus\Z]rἛ5^ạ=OC~bc|̈́Ǜjs2d~oottz|ߋzJ:?7/5;ё4M~䎎<h_\'	폵voxEd1ϓ!k_	\'4G>&)\r|ɦF6\'ZW<<%_F_5vt}޶|\r״q3I[<>Es+ƌcit{|6ԧ|?/nhm~ w=CVϝr#v6C}swe$CzLUUj@dnrJ{2;~LŮ=yFqӹH1v,<Z\r|<ܶ?mhCƒ;9;w2OL{äu>+ߟŇ\\_ȆȦF(mOs`{z얟ܖh=G=O\'=6!<StNVCud\ZuIn\r53w=jB䮎>)im\'=E]o|w8>&+V*F~X\r,>ooXZ糘my?7\'#ãڮjG\'#وh#d~R8j>h?i{z,oƒ[6>F\\s	ڋs}.I(v\\#\\gN[Y״u\0$٭ܞy5k5猱9kfUyĉl>U<F\'뮻nRuD۾UU4b%W=VQgbHOڦ~7\'Oa[R[sjё,[luSuI=kc;:Zȝ\'\ns}m:<[V4wqdccy=ڿn5{6[hMV%/~^V#Xts}V-:ޅs#oE|:Ս9+5<5s~:$}:,nohkёgCzoq~ȵTܹq\\eY}WXbBwy-!+_d3\\-Sjddb}!?YdcY@΍|l}}	2ӳgdfjϵ>c7ёڎiT^M\\yc\ZtR#wve1Zy^\'%&p&X[S=fj`dCuŸn:P։I[;;60;9\Zz=0͎q7:^Sכ\\7יDȧ<5zg6,^xB^QeG̟h|NsGX;Lf!r|Mwۛynln^]%O<~Nf\')f駟~Ɯ4t~TRş溹Τ˶?˧S\'ٌX`ÞoLk7l λ\\vemWvU1Һ9:ZsG]r(tz<bU{\"G}tޭ:%w-_|8񍁁58pw<wpp+ip\\q74O<:SV<\'|Nd\'N{C[M<W;ջ#h;ޯCzZ_vv\"u]WuQ?Kۇ0R9=t1````y5ru??us)ۙmOkfzxp}\ZcNļ%bYĒ<-Ŋ\0s\\WF!O\\#_3#5YX\ns]nfQZ_hOk\0ŊP:3X,\n!\0 0uxV4˧B5bE(us(*S!z\Z@\"溹N7cs\\P>B|\'ŊP\\gݞ`S!lt\0(V\\: \n^@\"0A>r=\Z\0Yi|*z4:\0+\nusO\\FXQ(ua5:\0+BA`sS!z\0ŊP\\Tht\0(V: \n\0Ŋ\0s\\S!kt@\"0T\Z\0 0ׅz\0Ŋ@A`|*z4:\0+\nusO\\FbEA`sO\\X\ns] \n!kt\0ts9q}Q<hV:!4:\0@^x+Vf|FApYiF@`{o;;7t;~g}/#aV:!4:\01ވ.ϭ4SNid➉{3rܯ3gA!4:\0`I{Y&͍\0ht4:\0f,_ILUU`D\0@Cht0_Ϥ݌ˍ\0L.W%Wvs,\0LW%eM֮\0*V4:\0DnVTU*V4:\0D}hMf\\j\0\0aF@\'1ws8W\0\0ZCkt\0tp^&+\0\0\Z5F\r\0\0e\0$n\0\0P/ q\0z\0\0\0\07\0\0\0@\r\0\0e\0$n\0\0P/H\0\0z@\0\02\07\0\0\0@\r\0\0e\0\0\0\0H\0\0^@\0\02\07\0\0$n\0\0@ q\0z\0\0\0\0H\0\0^@\0\02\r\0\0e\0$n\0\0P/ q\0z\0\0\0\07\0\0^\0@\r\0\0e\0$n\0\0P/ q\0z@\0\02\07\0\0\0@\r\0\0e\0\0\0P/H\0\0^@\0\02\07\0\0X#q!B!\0\0\0\0\0\0\0\0\0\0\0\0\0\0\0\0\0\0\0\0\0\0\0\0\0\0\0\0\0\0\0\0\0\0\0\0\0MLP\0\0\0\0IENDB`',1),('4',5,'source',NULL,'eyJyZXNvdXJjZUlkIjoiMyIsInByb3BlcnRpZXMiOnsicHJvY2Vzc19pZCI6IkxlYXZlQmlsbCIs\r\nIm5hbWUiOiJsZWF2ZUJpbGxQcm9jZXNzIiwiZG9jdW1lbnRhdGlvbiI6IiIsInByb2Nlc3NfYXV0\r\naG9yIjoiIiwicHJvY2Vzc192ZXJzaW9uIjoiIiwicHJvY2Vzc19uYW1lc3BhY2UiOiJodHRwOi8v\r\nd3d3LmFjdGl2aXRpLm9yZy9wcm9jZXNzZGVmIiwiZXhlY3V0aW9ubGlzdGVuZXJzIjoiIiwiZXZl\r\nbnRsaXN0ZW5lcnMiOiIiLCJzaWduYWxkZWZpbml0aW9ucyI6IiIsIm1lc3NhZ2VkZWZpbml0aW9u\r\ncyI6IiJ9LCJzdGVuY2lsIjp7ImlkIjoiQlBNTkRpYWdyYW0ifSwiY2hpbGRTaGFwZXMiOlt7InJl\r\nc291cmNlSWQiOiJzaWQtMkY0Mjk3RjAtN0M3MS00M0IwLUE2RTAtNERBRjE5OTk0QkY0IiwicHJv\r\ncGVydGllcyI6eyJvdmVycmlkZWlkIjoiIiwibmFtZSI6IuW8gOWniyIsImRvY3VtZW50YXRpb24i\r\nOiIiLCJleGVjdXRpb25saXN0ZW5lcnMiOiIiLCJpbml0aWF0b3IiOiIiLCJmb3Jta2V5ZGVmaW5p\r\ndGlvbiI6IiIsImZvcm1wcm9wZXJ0aWVzIjoiIn0sInN0ZW5jaWwiOnsiaWQiOiJTdGFydE5vbmVF\r\ndmVudCJ9LCJjaGlsZFNoYXBlcyI6W10sIm91dGdvaW5nIjpbeyJyZXNvdXJjZUlkIjoic2lkLTJG\r\nRDhBRDFBLUZGQjQtNDk5MC1CNjJELUE5RTMxNzhBQUJGMCJ9XSwiYm91bmRzIjp7Imxvd2VyUmln\r\naHQiOnsieCI6NzcuMzE3NzMwOTMyOTA5MDksInkiOjQwMy4wNjgwMzA3MjE1ODU4fSwidXBwZXJM\r\nZWZ0Ijp7IngiOjQ3LjMxNzczMDkzMjkwOTA4LCJ5IjozNzMuMDY4MDMwNzIxNTg1OH19LCJkb2Nr\r\nZXJzIjpbXX0seyJyZXNvdXJjZUlkIjoic2lkLTRDOENDNjBELTBGQjctNDM0RS05RjE0LTc2REIw\r\nQzA4MEFFQiIsInByb3BlcnRpZXMiOnsib3ZlcnJpZGVpZCI6IiIsIm5hbWUiOiLlkK/liqjmtYHn\r\nqIsiLCJkb2N1bWVudGF0aW9uIjoiIiwiYXN5bmNocm9ub3VzZGVmaW5pdGlvbiI6ImZhbHNlIiwi\r\nZXhjbHVzaXZlZGVmaW5pdGlvbiI6ImZhbHNlIiwiZXhlY3V0aW9ubGlzdGVuZXJzIjoiIiwibXVs\r\ndGlpbnN0YW5jZV90eXBlIjoiTm9uZSIsIm11bHRpaW5zdGFuY2VfY2FyZGluYWxpdHkiOiIiLCJt\r\ndWx0aWluc3RhbmNlX2NvbGxlY3Rpb24iOiIiLCJtdWx0aWluc3RhbmNlX3ZhcmlhYmxlIjoiIiwi\r\nbXVsdGlpbnN0YW5jZV9jb25kaXRpb24iOiIiLCJpc2ZvcmNvbXBlbnNhdGlvbiI6ImZhbHNlIiwi\r\ndXNlcnRhc2thc3NpZ25tZW50Ijp7ImFzc2lnbm1lbnQiOnsiYXNzaWduZWUiOiIke2lucHV0VXNl\r\ncn0ifX0sImZvcm1rZXlkZWZpbml0aW9uIjoiIiwiZHVlZGF0ZWRlZmluaXRpb24iOiIiLCJwcmlv\r\ncml0eWRlZmluaXRpb24iOiIiLCJmb3JtcHJvcGVydGllcyI6IiIsInRhc2tsaXN0ZW5lcnMiOiIi\r\nfSwic3RlbmNpbCI6eyJpZCI6IlVzZXJUYXNrIn0sImNoaWxkU2hhcGVzIjpbXSwib3V0Z29pbmci\r\nOlt7InJlc291cmNlSWQiOiJzaWQtOTJBMjZFRDItMkVGRC00RkVGLTgxMEMtNTEwNkVCMDc2ODQ4\r\nIn1dLCJib3VuZHMiOnsibG93ZXJSaWdodCI6eyJ4IjoyNTIuMTQ4NjA3Nzc1NDg1NDYsInkiOjQy\r\nOC4wNjgwMzA3MjE1ODU4fSwidXBwZXJMZWZ0Ijp7IngiOjE1Mi4xNDg2MDc3NzU0ODU0NiwieSI6\r\nMzQ4LjA2ODAzMDcyMTU4NTh9fSwiZG9ja2VycyI6W119LHsicmVzb3VyY2VJZCI6InNpZC0yRkQ4\r\nQUQxQS1GRkI0LTQ5OTAtQjYyRC1BOUUzMTc4QUFCRjAiLCJwcm9wZXJ0aWVzIjp7Im92ZXJyaWRl\r\naWQiOiIiLCJuYW1lIjoiIiwiZG9jdW1lbnRhdGlvbiI6IiIsImNvbmRpdGlvbnNlcXVlbmNlZmxv\r\ndyI6IiIsImV4ZWN1dGlvbmxpc3RlbmVycyI6IiIsImRlZmF1bHRmbG93IjoiZmFsc2UifSwic3Rl\r\nbmNpbCI6eyJpZCI6IlNlcXVlbmNlRmxvdyJ9LCJjaGlsZFNoYXBlcyI6W10sIm91dGdvaW5nIjpb\r\neyJyZXNvdXJjZUlkIjoic2lkLTRDOENDNjBELTBGQjctNDM0RS05RjE0LTc2REIwQzA4MEFFQiJ9\r\nXSwiYm91bmRzIjp7Imxvd2VyUmlnaHQiOnsieCI6MTUxLjk4OTMxNTEzNTUxNzIsInkiOjM4OC4w\r\nNjgwMzA3MjE1ODU4fSwidXBwZXJMZWZ0Ijp7IngiOjc3LjUxOTMwNDM2MjIzMzI0LCJ5IjozODgu\r\nMDY4MDMwNzIxNTg1OH19LCJkb2NrZXJzIjpbeyJ4IjoxNS4wMDAwMDAwMDAwMDAwMDQsInkiOjE1\r\nfSx7IngiOjUwLCJ5Ijo0MH1dLCJ0YXJnZXQiOnsicmVzb3VyY2VJZCI6InNpZC00QzhDQzYwRC0w\r\nRkI3LTQzNEUtOUYxNC03NkRCMEMwODBBRUIifX0seyJyZXNvdXJjZUlkIjoic2lkLTNFMTMxNjNC\r\nLTM0MjMtNDJGMS1CRTEwLTdFNjM0MTdFOUJENiIsInByb3BlcnRpZXMiOnsib3ZlcnJpZGVpZCI6\r\nIiIsIm5hbWUiOiLpg6jpl6jlrqHmibkiLCJkb2N1bWVudGF0aW9uIjoiIiwiYXN5bmNocm9ub3Vz\r\nZGVmaW5pdGlvbiI6ImZhbHNlIiwiZXhjbHVzaXZlZGVmaW5pdGlvbiI6ImZhbHNlIiwiZXhlY3V0\r\naW9ubGlzdGVuZXJzIjp7ImV4ZWN1dGlvbkxpc3RlbmVycyI6W3siZXZlbnQiOiJzdGFydCIsImlt\r\ncGxlbWVudGF0aW9uIjoib3JnLnhpYW9qbC5vYS5saXN0ZW5lci5MZWF2ZVRhc2tMaXN0ZW5lciIs\r\nImNsYXNzTmFtZSI6Im9yZy54aWFvamwub2EubGlzdGVuZXIuTGVhdmVUYXNrTGlzdGVuZXIiLCJl\r\neHByZXNzaW9uIjoiIiwiZGVsZWdhdGVFeHByZXNzaW9uIjoiIn1dfSwibXVsdGlpbnN0YW5jZV90\r\neXBlIjoiTm9uZSIsIm11bHRpaW5zdGFuY2VfY2FyZGluYWxpdHkiOiIiLCJtdWx0aWluc3RhbmNl\r\nX2NvbGxlY3Rpb24iOiIiLCJtdWx0aWluc3RhbmNlX3ZhcmlhYmxlIjoiIiwibXVsdGlpbnN0YW5j\r\nZV9jb25kaXRpb24iOiIiLCJpc2ZvcmNvbXBlbnNhdGlvbiI6ImZhbHNlIiwidXNlcnRhc2thc3Np\r\nZ25tZW50IjoiIiwiZm9ybWtleWRlZmluaXRpb24iOiIiLCJkdWVkYXRlZGVmaW5pdGlvbiI6IiIs\r\nInByaW9yaXR5ZGVmaW5pdGlvbiI6IiIsImZvcm1wcm9wZXJ0aWVzIjoiIiwidGFza2xpc3RlbmVy\r\ncyI6IiJ9LCJzdGVuY2lsIjp7ImlkIjoiVXNlclRhc2sifSwiY2hpbGRTaGFwZXMiOltdLCJvdXRn\r\nb2luZyI6W3sicmVzb3VyY2VJZCI6InNpZC0xQUIxQzUxNi1FNzZCLTRDMDEtOTg0RC0yNTZFQTc0\r\nMEQyMzkifV0sImJvdW5kcyI6eyJsb3dlclJpZ2h0Ijp7IngiOjQzOS45Mzg0Mjg4ODE5MDQ0Mywi\r\neSI6NDI4LjA2ODAzMDcyMTU4NTd9LCJ1cHBlckxlZnQiOnsieCI6MzM5LjkzODQyODg4MTkwNDQz\r\nLCJ5IjozNDguMDY4MDMwNzIxNTg1N319LCJkb2NrZXJzIjpbXX0seyJyZXNvdXJjZUlkIjoic2lk\r\nLTkyQTI2RUQyLTJFRkQtNEZFRi04MTBDLTUxMDZFQjA3Njg0OCIsInByb3BlcnRpZXMiOnsib3Zl\r\ncnJpZGVpZCI6IiIsIm5hbWUiOiIiLCJkb2N1bWVudGF0aW9uIjoiIiwiY29uZGl0aW9uc2VxdWVu\r\nY2VmbG93IjoiIiwiZXhlY3V0aW9ubGlzdGVuZXJzIjoiIiwiZGVmYXVsdGZsb3ciOiJmYWxzZSJ9\r\nLCJzdGVuY2lsIjp7ImlkIjoiU2VxdWVuY2VGbG93In0sImNoaWxkU2hhcGVzIjpbXSwib3V0Z29p\r\nbmciOlt7InJlc291cmNlSWQiOiJzaWQtM0UxMzE2M0ItMzQyMy00MkYxLUJFMTAtN0U2MzQxN0U5\r\nQkQ2In1dLCJib3VuZHMiOnsibG93ZXJSaWdodCI6eyJ4IjozMzkuMDU2NzU3NjUwNTExOTQsInki\r\nOjM4OC4wNjgwMzA3MjE1ODU3fSwidXBwZXJMZWZ0Ijp7IngiOjI1My4wMzAyNzkwMDY4NzgsInki\r\nOjM4OC4wNjgwMzA3MjE1ODU3fX0sImRvY2tlcnMiOlt7IngiOjUwLCJ5Ijo0MH0seyJ4Ijo1MCwi\r\neSI6NDB9XSwidGFyZ2V0Ijp7InJlc291cmNlSWQiOiJzaWQtM0UxMzE2M0ItMzQyMy00MkYxLUJF\r\nMTAtN0U2MzQxN0U5QkQ2In19LHsicmVzb3VyY2VJZCI6InNpZC02NjMyMjI5OS1EQTFFLTQ2MkQt\r\nQjUxQi1DOTMwQTBBMUFDNTgiLCJwcm9wZXJ0aWVzIjp7Im92ZXJyaWRlaWQiOiIiLCJuYW1lIjoi\r\nIiwiZG9jdW1lbnRhdGlvbiI6IiIsImFzeW5jaHJvbm91c2RlZmluaXRpb24iOiJmYWxzZSIsImV4\r\nY2x1c2l2ZWRlZmluaXRpb24iOiJmYWxzZSIsInNlcXVlbmNlZmxvd29yZGVyIjoiIn0sInN0ZW5j\r\naWwiOnsiaWQiOiJFeGNsdXNpdmVHYXRld2F5In0sImNoaWxkU2hhcGVzIjpbXSwib3V0Z29pbmci\r\nOlt7InJlc291cmNlSWQiOiJzaWQtN0JEODU1QjMtN0M1NC00NTdBLTlBQzUtNUM1RUYzQ0IwMDdF\r\nIn0seyJyZXNvdXJjZUlkIjoic2lkLTEwNDdDN0U4LUI2NzEtNDcyNC1BMjkxLTFBRDY2MzhGQjc0\r\nNCJ9XSwiYm91bmRzIjp7Imxvd2VyUmlnaHQiOnsieCI6NTc0LjE4ODk1OTY3MTU2NDEsInkiOjQw\r\nOC4wNjgwMzA3MjE1ODU4NH0sInVwcGVyTGVmdCI6eyJ4Ijo1MzQuMTg4OTU5NjcxNTY0MSwieSI6\r\nMzY4LjA2ODAzMDcyMTU4NTg0fX0sImRvY2tlcnMiOltdfSx7InJlc291cmNlSWQiOiJzaWQtMkUz\r\nQzBEMTMtNDYwMC00QkVGLTk1QzEtOEVDMzQ3NERCQjQwIiwicHJvcGVydGllcyI6eyJvdmVycmlk\r\nZWlkIjoiIiwibmFtZSI6IuaAu+e7j+eQhuWuoeaJuSIsImRvY3VtZW50YXRpb24iOiIiLCJhc3lu\r\nY2hyb25vdXNkZWZpbml0aW9uIjoiZmFsc2UiLCJleGNsdXNpdmVkZWZpbml0aW9uIjoiZmFsc2Ui\r\nLCJleGVjdXRpb25saXN0ZW5lcnMiOnsiZXhlY3V0aW9uTGlzdGVuZXJzIjpbeyJldmVudCI6InN0\r\nYXJ0IiwiaW1wbGVtZW50YXRpb24iOiJvcmcueGlhb2psLm9hLmxpc3RlbmVyLkxlYXZlVGFza0xp\r\nc3RlbmVyIiwiY2xhc3NOYW1lIjoib3JnLnhpYW9qbC5vYS5saXN0ZW5lci5MZWF2ZVRhc2tMaXN0\r\nZW5lciIsImV4cHJlc3Npb24iOiIiLCJkZWxlZ2F0ZUV4cHJlc3Npb24iOiIifV19LCJtdWx0aWlu\r\nc3RhbmNlX3R5cGUiOiJOb25lIiwibXVsdGlpbnN0YW5jZV9jYXJkaW5hbGl0eSI6IiIsIm11bHRp\r\naW5zdGFuY2VfY29sbGVjdGlvbiI6IiIsIm11bHRpaW5zdGFuY2VfdmFyaWFibGUiOiIiLCJtdWx0\r\naWluc3RhbmNlX2NvbmRpdGlvbiI6IiIsImlzZm9yY29tcGVuc2F0aW9uIjoiZmFsc2UiLCJ1c2Vy\r\ndGFza2Fzc2lnbm1lbnQiOiIiLCJmb3Jta2V5ZGVmaW5pdGlvbiI6IiIsImR1ZWRhdGVkZWZpbml0\r\naW9uIjoiIiwicHJpb3JpdHlkZWZpbml0aW9uIjoiIiwiZm9ybXByb3BlcnRpZXMiOiIiLCJ0YXNr\r\nbGlzdGVuZXJzIjoiIn0sInN0ZW5jaWwiOnsiaWQiOiJVc2VyVGFzayJ9LCJjaGlsZFNoYXBlcyI6\r\nW10sIm91dGdvaW5nIjpbeyJyZXNvdXJjZUlkIjoic2lkLTg2RUE5QzRELTA1MDItNEI4MC1CMjc2\r\nLUY1OTVGQUQ0OUJCOCJ9XSwiYm91bmRzIjp7Imxvd2VyUmlnaHQiOnsieCI6ODE5LjEyNDMyODE2\r\nMTcwODQsInkiOjQzNC4zMjAzNDk1MDMxOTI4fSwidXBwZXJMZWZ0Ijp7IngiOjY3OS44NzY4NTc3\r\nNjM4MDg5LCJ5IjozNDguMDY4MDMwNzIxNTg1OH19LCJkb2NrZXJzIjpbXX0seyJyZXNvdXJjZUlk\r\nIjoic2lkLTk1QkU0MUFBLUQ1QjgtNDQ2Mi1BOTQ0LTJFNjQ5MkI5NDU0QiIsInByb3BlcnRpZXMi\r\nOnsib3ZlcnJpZGVpZCI6IiIsIm5hbWUiOiIiLCJkb2N1bWVudGF0aW9uIjoiIiwiYXN5bmNocm9u\r\nb3VzZGVmaW5pdGlvbiI6ImZhbHNlIiwiZXhjbHVzaXZlZGVmaW5pdGlvbiI6ImZhbHNlIiwic2Vx\r\ndWVuY2VmbG93b3JkZXIiOiIifSwic3RlbmNpbCI6eyJpZCI6IkV4Y2x1c2l2ZUdhdGV3YXkifSwi\r\nY2hpbGRTaGFwZXMiOltdLCJvdXRnb2luZyI6W3sicmVzb3VyY2VJZCI6InNpZC0wNDM5MURBOC0x\r\nNzQ2LTRERDYtOUM0Ni0zQzk5QUFEQTY4MTAifSx7InJlc291cmNlSWQiOiJzaWQtNjhGQzQ0QkQt\r\nMzRFRS00OTlCLUI4OTQtODJGNDM1NjVFNEREIn1dLCJib3VuZHMiOnsibG93ZXJSaWdodCI6eyJ4\r\nIjo5MzguNDA4NzA0OTAyMTc1OSwieSI6NDA4LjA2ODAzMDcyMTU4NTh9LCJ1cHBlckxlZnQiOnsi\r\neCI6ODk4LjQwODcwNDkwMjE3NTksInkiOjM2OC4wNjgwMzA3MjE1ODU4fX0sImRvY2tlcnMiOltd\r\nfSx7InJlc291cmNlSWQiOiJzaWQtNjlDOUYwMjUtQjRGMS00QTAwLThFRkMtNTIxMEREMEQwQUQw\r\nIiwicHJvcGVydGllcyI6eyJvdmVycmlkZWlkIjoiIiwibmFtZSI6Iue7k+adnyIsImRvY3VtZW50\r\nYXRpb24iOiIiLCJleGVjdXRpb25saXN0ZW5lcnMiOiIifSwic3RlbmNpbCI6eyJpZCI6IkVuZE5v\r\nbmVFdmVudCJ9LCJjaGlsZFNoYXBlcyI6W10sIm91dGdvaW5nIjpbXSwiYm91bmRzIjp7Imxvd2Vy\r\nUmlnaHQiOnsieCI6MTA3Mi4wOTY2MDI5OTQ0MjA3LCJ5Ijo0MDIuMDY4MDMwNzIxNTg1OH0sInVw\r\ncGVyTGVmdCI6eyJ4IjoxMDQ0LjA5NjYwMjk5NDQyMDcsInkiOjM3NC4wNjgwMzA3MjE1ODU4fX0s\r\nImRvY2tlcnMiOltdfSx7InJlc291cmNlSWQiOiJzaWQtMUFCMUM1MTYtRTc2Qi00QzAxLTk4NEQt\r\nMjU2RUE3NDBEMjM5IiwicHJvcGVydGllcyI6eyJvdmVycmlkZWlkIjoiIiwibmFtZSI6IiIsImRv\r\nY3VtZW50YXRpb24iOiIiLCJjb25kaXRpb25zZXF1ZW5jZWZsb3ciOiIiLCJleGVjdXRpb25saXN0\r\nZW5lcnMiOiIiLCJkZWZhdWx0ZmxvdyI6ImZhbHNlIn0sInN0ZW5jaWwiOnsiaWQiOiJTZXF1ZW5j\r\nZUZsb3cifSwiY2hpbGRTaGFwZXMiOltdLCJvdXRnb2luZyI6W3sicmVzb3VyY2VJZCI6InNpZC02\r\nNjMyMjI5OS1EQTFFLTQ2MkQtQjUxQi1DOTMwQTBBMUFDNTgifV0sImJvdW5kcyI6eyJsb3dlclJp\r\nZ2h0Ijp7IngiOjUzMy45NDA4NTA1OTQ2NTA4LCJ5IjozODguMDY4MDMwNzIxNTg1ODR9LCJ1cHBl\r\nckxlZnQiOnsieCI6NDQwLjM0MTkwODg0NTk4MTcsInkiOjM4OC4wNjgwMzA3MjE1ODU3fX0sImRv\r\nY2tlcnMiOlt7IngiOjUwLCJ5Ijo0MH0seyJ4IjoyMCwieSI6MjB9XSwidGFyZ2V0Ijp7InJlc291\r\ncmNlSWQiOiJzaWQtNjYzMjIyOTktREExRS00NjJELUI1MUItQzkzMEEwQTFBQzU4In19LHsicmVz\r\nb3VyY2VJZCI6InNpZC02OEZDNDRCRC0zNEVFLTQ5OUItQjg5NC04MkY0MzU2NUU0REQiLCJwcm9w\r\nZXJ0aWVzIjp7Im92ZXJyaWRlaWQiOiIiLCJuYW1lIjoi5a6h5om55LiN6YCa6L+HIiwiZG9jdW1l\r\nbnRhdGlvbiI6IiIsImNvbmRpdGlvbnNlcXVlbmNlZmxvdyI6IiIsImV4ZWN1dGlvbmxpc3RlbmVy\r\ncyI6IiIsImRlZmF1bHRmbG93IjoiZmFsc2UifSwic3RlbmNpbCI6eyJpZCI6IlNlcXVlbmNlRmxv\r\ndyJ9LCJjaGlsZFNoYXBlcyI6W10sIm91dGdvaW5nIjpbeyJyZXNvdXJjZUlkIjoic2lkLTRDOEND\r\nNjBELTBGQjctNDM0RS05RjE0LTc2REIwQzA4MEFFQiJ9XSwiYm91bmRzIjp7Imxvd2VyUmlnaHQi\r\nOnsieCI6OTE4LjkwODcwNDkwMjE3NTksInkiOjQ3Ny4zMjg1MzM0MzIyMzkzNH0sInVwcGVyTGVm\r\ndCI6eyJ4IjoyMDIuMTQ4NjA3Nzc1NDg1NDYsInkiOjQwOC45ODQzOTA2ODk1NDEyfX0sImRvY2tl\r\ncnMiOlt7IngiOjIwLjUsInkiOjIwLjV9LHsieCI6OTE4LjkwODcwNDkwMjE3NTksInkiOjQ3Ny4z\r\nMjg1MzM0MzIyMzkzNH0seyJ4IjoyMDIuMTQ4NjA3Nzc1NDg1NDYsInkiOjQ3Ny4zMjg1MzM0MzIy\r\nMzkzNH0seyJ4Ijo1MCwieSI6NDB9XSwidGFyZ2V0Ijp7InJlc291cmNlSWQiOiJzaWQtNEM4Q0M2\r\nMEQtMEZCNy00MzRFLTlGMTQtNzZEQjBDMDgwQUVCIn19LHsicmVzb3VyY2VJZCI6InNpZC0xMDQ3\r\nQzdFOC1CNjcxLTQ3MjQtQTI5MS0xQUQ2NjM4RkI3NDQiLCJwcm9wZXJ0aWVzIjp7Im92ZXJyaWRl\r\naWQiOiIiLCJuYW1lIjoi5a6h5om56YCa6L+HIiwiZG9jdW1lbnRhdGlvbiI6IiIsImNvbmRpdGlv\r\nbnNlcXVlbmNlZmxvdyI6IiIsImV4ZWN1dGlvbmxpc3RlbmVycyI6IiIsImRlZmF1bHRmbG93Ijoi\r\nZmFsc2UifSwic3RlbmNpbCI6eyJpZCI6IlNlcXVlbmNlRmxvdyJ9LCJjaGlsZFNoYXBlcyI6W10s\r\nIm91dGdvaW5nIjpbeyJyZXNvdXJjZUlkIjoic2lkLTJFM0MwRDEzLTQ2MDAtNEJFRi05NUMxLThF\r\nQzM0NzREQkI0MCJ9XSwiYm91bmRzIjp7Imxvd2VyUmlnaHQiOnsieCI6Njc5LjI1MTIzNjA0MDkx\r\nODMsInkiOjM5MC4yNDcxOTMyMzUxNDJ9LCJ1cHBlckxlZnQiOnsieCI6NTczLjk1MjQ1OTQ0Mjk3\r\nNDYsInkiOjM4OC44Mjc3MTI0NDU3NzEzfX0sImRvY2tlcnMiOlt7IngiOjIwLjUsInkiOjIwLjUw\r\nMDAwMDAwMDAwMDAzMn0seyJ4Ijo2OS42MjM3MzUxOTg5NDk3NiwieSI6NDMuMTI2MTU5MzkwODAz\r\nNX1dLCJ0YXJnZXQiOnsicmVzb3VyY2VJZCI6InNpZC0yRTNDMEQxMy00NjAwLTRCRUYtOTVDMS04\r\nRUMzNDc0REJCNDAifX0seyJyZXNvdXJjZUlkIjoic2lkLTA0MzkxREE4LTE3NDYtNERENi05QzQ2\r\nLTNDOTlBQURBNjgxMCIsInByb3BlcnRpZXMiOnsib3ZlcnJpZGVpZCI6IiIsIm5hbWUiOiLlrqHm\r\nibnpgJrov4ciLCJkb2N1bWVudGF0aW9uIjoiIiwiY29uZGl0aW9uc2VxdWVuY2VmbG93IjoiIiwi\r\nZXhlY3V0aW9ubGlzdGVuZXJzIjoiIiwiZGVmYXVsdGZsb3ciOiJmYWxzZSJ9LCJzdGVuY2lsIjp7\r\nImlkIjoiU2VxdWVuY2VGbG93In0sImNoaWxkU2hhcGVzIjpbXSwib3V0Z29pbmciOlt7InJlc291\r\ncmNlSWQiOiJzaWQtNjlDOUYwMjUtQjRGMS00QTAwLThFRkMtNTIxMEREMEQwQUQwIn1dLCJib3Vu\r\nZHMiOnsibG93ZXJSaWdodCI6eyJ4IjoxMDQ0LjA0Nzc0NDAwMDM5OSwieSI6Mzg4LjQ5ODAzMjIy\r\nODQzMjV9LCJ1cHBlckxlZnQiOnsieCI6OTM4LjM5NDU5MTE2NTQyNTksInkiOjM4OC4xMTg0OTc5\r\nNjQ3MzkwNX19LCJkb2NrZXJzIjpbeyJ4IjoyMC41LCJ5IjoyMC41fSx7IngiOjE0LCJ5IjoxNH1d\r\nLCJ0YXJnZXQiOnsicmVzb3VyY2VJZCI6InNpZC02OUM5RjAyNS1CNEYxLTRBMDAtOEVGQy01MjEw\r\nREQwRDBBRDAifX0seyJyZXNvdXJjZUlkIjoic2lkLTg2RUE5QzRELTA1MDItNEI4MC1CMjc2LUY1\r\nOTVGQUQ0OUJCOCIsInByb3BlcnRpZXMiOnsib3ZlcnJpZGVpZCI6IiIsIm5hbWUiOiIiLCJkb2N1\r\nbWVudGF0aW9uIjoiIiwiY29uZGl0aW9uc2VxdWVuY2VmbG93IjoiIiwiZXhlY3V0aW9ubGlzdGVu\r\nZXJzIjoiIiwiZGVmYXVsdGZsb3ciOiJmYWxzZSJ9LCJzdGVuY2lsIjp7ImlkIjoiU2VxdWVuY2VG\r\nbG93In0sImNoaWxkU2hhcGVzIjpbXSwib3V0Z29pbmciOlt7InJlc291cmNlSWQiOiJzaWQtOTVC\r\nRTQxQUEtRDVCOC00NDYyLUE5NDQtMkU2NDkyQjk0NTRCIn1dLCJib3VuZHMiOnsibG93ZXJSaWdo\r\ndCI6eyJ4Ijo4OTguMDU2MzExOTE4MTUzNSwieSI6MzkwLjExMTgxMjc1MjY0ODl9LCJ1cHBlckxl\r\nZnQiOnsieCI6ODE5LjMyMjUxODMwNDI2ODgsInkiOjM4OC44OTEyODM4ODI0MjJ9fSwiZG9ja2Vy\r\ncyI6W3sieCI6NjkuNjIzNzM1MTk4OTQ5NzYsInkiOjQzLjEyNjE1OTM5MDgwMzV9LHsieCI6MjAu\r\nNSwieSI6MjAuNX1dLCJ0YXJnZXQiOnsicmVzb3VyY2VJZCI6InNpZC05NUJFNDFBQS1ENUI4LTQ0\r\nNjItQTk0NC0yRTY0OTJCOTQ1NEIifX0seyJyZXNvdXJjZUlkIjoic2lkLTdCRDg1NUIzLTdDNTQt\r\nNDU3QS05QUM1LTVDNUVGM0NCMDA3RSIsInByb3BlcnRpZXMiOnsib3ZlcnJpZGVpZCI6IiIsIm5h\r\nbWUiOiLlrqHmibnkuI3pgJrov4ciLCJkb2N1bWVudGF0aW9uIjoiIiwiY29uZGl0aW9uc2VxdWVu\r\nY2VmbG93IjoiIiwiZXhlY3V0aW9ubGlzdGVuZXJzIjoiIiwiZGVmYXVsdGZsb3ciOiJmYWxzZSIs\r\nInNob3dkaWFtb25kbWFya2VyIjpmYWxzZX0sInN0ZW5jaWwiOnsiaWQiOiJTZXF1ZW5jZUZsb3ci\r\nfSwiY2hpbGRTaGFwZXMiOltdLCJvdXRnb2luZyI6W3sicmVzb3VyY2VJZCI6InNpZC00QzhDQzYw\r\nRC0wRkI3LTQzNEUtOUYxNC03NkRCMEMwODBBRUIifV0sImJvdW5kcyI6eyJsb3dlclJpZ2h0Ijp7\r\nIngiOjU1NC42ODg5NTk2NzE1NjQxLCJ5IjozNjcuMTg2MjE5Mjg5NjY1Nn0sInVwcGVyTGVmdCI6\r\neyJ4IjoyMDUuODYwODk4MTQyMzI3OCwieSI6MjQzLjYzMDcwNDk4MzQ4NTk3fX0sImRvY2tlcnMi\r\nOlt7IngiOjIwLjUsInkiOjIwLjUwMDAwMDAwMDAwMDAzMn0seyJ4Ijo1NTQuNjg4OTU5NjcxNTY0\r\nMSwieSI6MjQzLjYzMDcwNDk4MzQ4NTk3fSx7IngiOjUwLCJ5IjoxfV0sInRhcmdldCI6eyJyZXNv\r\ndXJjZUlkIjoic2lkLTRDOENDNjBELTBGQjctNDM0RS05RjE0LTc2REIwQzA4MEFFQiJ9fV0sImJv\r\ndW5kcyI6eyJsb3dlclJpZ2h0Ijp7IngiOjEyMDAsInkiOjEwNTB9LCJ1cHBlckxlZnQiOnsieCI6\r\nMCwieSI6MH19LCJzdGVuY2lsc2V0Ijp7InVybCI6InN0ZW5jaWxzZXRzL2JwbW4yLjAvYnBtbjIu\r\nMC5qc29uIiwibmFtZXNwYWNlIjoiaHR0cDovL2IzbW4ub3JnL3N0ZW5jaWxzZXQvYnBtbjIuMCMi\r\nfSwic3NleHRlbnNpb25zIjpbXX0=',NULL),('5001',1,'source-extra',NULL,'PNG\r\n\Z\n\0\0\0\rIHDR\0\0\02\0\0\02\0\0\0?\0\0\0 cHRM\0\0z&\0\0\0\0\0\0\0\0\0u0\0\0`\0\0:\0\0pQ<\0\0\0gAMA\0\0|Q\0\0\0sRGB\0\0\0\0bKGD\0\0\0\0\0\0	pHYs\0\0\0\0+\0\0\0 IDATx\0\0\0 nH@\0\0\0\0\0\0\0\0\'B\0\0\0\0\0IENDB`',NULL),('5003',1,'请假流程001.bpmn20.xml','5002','<?xml version=\"1.0\" encoding=\"UTF-8\"?>\n<definitions xmlns=\"http://www.omg.org/spec/BPMN/20100524/MODEL\" xmlns:xsi=\"http://www.w3.org/2001/XMLSchema-instance\" xmlns:xsd=\"http://www.w3.org/2001/XMLSchema\" xmlns:activiti=\"http://activiti.org/bpmn\" xmlns:bpmndi=\"http://www.omg.org/spec/BPMN/20100524/DI\" xmlns:omgdc=\"http://www.omg.org/spec/DD/20100524/DC\" xmlns:omgdi=\"http://www.omg.org/spec/DD/20100524/DI\" typeLanguage=\"http://www.w3.org/2001/XMLSchema\" expressionLanguage=\"http://www.w3.org/1999/XPath\" targetNamespace=\"http://www.activiti.org/processdef\">\n  <process id=\"LeaveBill\" name=\"leaveBillProcess\" isExecutable=\"true\">\n    <startEvent id=\"sid-2F4297F0-7C71-43B0-A6E0-4DAF19994BF4\" name=\"开始\"></startEvent>\n    <userTask id=\"sid-4C8CC60D-0FB7-434E-9F14-76DB0C080AEB\" name=\"启动流程\" activiti:assignee=\"${inputUser}\"></userTask>\n    <sequenceFlow id=\"sid-2FD8AD1A-FFB4-4990-B62D-A9E3178AABF0\" sourceRef=\"sid-2F4297F0-7C71-43B0-A6E0-4DAF19994BF4\" targetRef=\"sid-4C8CC60D-0FB7-434E-9F14-76DB0C080AEB\"></sequenceFlow>\n    <userTask id=\"sid-3E13163B-3423-42F1-BE10-7E63417E9BD6\" name=\"部门审批\">\n      <extensionElements>\n        <activiti:executionListener event=\"start\" class=\"org.xiaojl.oa.listener.LeaveTaskListener\"></activiti:executionListener>\n      </extensionElements>\n    </userTask>\n    <sequenceFlow id=\"sid-92A26ED2-2EFD-4FEF-810C-5106EB076848\" sourceRef=\"sid-4C8CC60D-0FB7-434E-9F14-76DB0C080AEB\" targetRef=\"sid-3E13163B-3423-42F1-BE10-7E63417E9BD6\"></sequenceFlow>\n    <exclusiveGateway id=\"sid-66322299-DA1E-462D-B51B-C930A0A1AC58\"></exclusiveGateway>\n    <userTask id=\"sid-2E3C0D13-4600-4BEF-95C1-8EC3474DBB40\" name=\"总经理审批\">\n      <extensionElements>\n        <activiti:executionListener event=\"start\" class=\"org.xiaojl.oa.listener.LeaveTaskListener\"></activiti:executionListener>\n      </extensionElements>\n    </userTask>\n    <exclusiveGateway id=\"sid-95BE41AA-D5B8-4462-A944-2E6492B9454B\"></exclusiveGateway>\n    <endEvent id=\"sid-69C9F025-B4F1-4A00-8EFC-5210DD0D0AD0\" name=\"结束\"></endEvent>\n    <sequenceFlow id=\"sid-1AB1C516-E76B-4C01-984D-256EA740D239\" sourceRef=\"sid-3E13163B-3423-42F1-BE10-7E63417E9BD6\" targetRef=\"sid-66322299-DA1E-462D-B51B-C930A0A1AC58\"></sequenceFlow>\n    <sequenceFlow id=\"sid-68FC44BD-34EE-499B-B894-82F43565E4DD\" name=\"审批不通过\" sourceRef=\"sid-95BE41AA-D5B8-4462-A944-2E6492B9454B\" targetRef=\"sid-4C8CC60D-0FB7-434E-9F14-76DB0C080AEB\"></sequenceFlow>\n    <sequenceFlow id=\"sid-1047C7E8-B671-4724-A291-1AD6638FB744\" name=\"审批通过\" sourceRef=\"sid-66322299-DA1E-462D-B51B-C930A0A1AC58\" targetRef=\"sid-2E3C0D13-4600-4BEF-95C1-8EC3474DBB40\"></sequenceFlow>\n    <sequenceFlow id=\"sid-04391DA8-1746-4DD6-9C46-3C99AADA6810\" name=\"审批通过\" sourceRef=\"sid-95BE41AA-D5B8-4462-A944-2E6492B9454B\" targetRef=\"sid-69C9F025-B4F1-4A00-8EFC-5210DD0D0AD0\"></sequenceFlow>\n    <sequenceFlow id=\"sid-86EA9C4D-0502-4B80-B276-F595FAD49BB8\" sourceRef=\"sid-2E3C0D13-4600-4BEF-95C1-8EC3474DBB40\" targetRef=\"sid-95BE41AA-D5B8-4462-A944-2E6492B9454B\"></sequenceFlow>\n    <sequenceFlow id=\"sid-7BD855B3-7C54-457A-9AC5-5C5EF3CB007E\" name=\"审批不通过\" sourceRef=\"sid-66322299-DA1E-462D-B51B-C930A0A1AC58\" targetRef=\"sid-4C8CC60D-0FB7-434E-9F14-76DB0C080AEB\"></sequenceFlow>\n  </process>\n  <bpmndi:BPMNDiagram id=\"BPMNDiagram_LeaveBill\">\n    <bpmndi:BPMNPlane bpmnElement=\"LeaveBill\" id=\"BPMNPlane_LeaveBill\">\n      <bpmndi:BPMNShape bpmnElement=\"sid-2F4297F0-7C71-43B0-A6E0-4DAF19994BF4\" id=\"BPMNShape_sid-2F4297F0-7C71-43B0-A6E0-4DAF19994BF4\">\n        <omgdc:Bounds height=\"30.0\" width=\"30.000000000000007\" x=\"47.31773093290908\" y=\"373.0680307215858\"></omgdc:Bounds>\n      </bpmndi:BPMNShape>\n      <bpmndi:BPMNShape bpmnElement=\"sid-4C8CC60D-0FB7-434E-9F14-76DB0C080AEB\" id=\"BPMNShape_sid-4C8CC60D-0FB7-434E-9F14-76DB0C080AEB\">\n        <omgdc:Bounds height=\"80.0\" width=\"100.0\" x=\"152.14860777548546\" y=\"348.0680307215858\"></omgdc:Bounds>\n      </bpmndi:BPMNShape>\n      <bpmndi:BPMNShape bpmnElement=\"sid-3E13163B-3423-42F1-BE10-7E63417E9BD6\" id=\"BPMNShape_sid-3E13163B-3423-42F1-BE10-7E63417E9BD6\">\n        <omgdc:Bounds height=\"80.0\" width=\"100.0\" x=\"339.93842888190443\" y=\"348.0680307215857\"></omgdc:Bounds>\n      </bpmndi:BPMNShape>\n      <bpmndi:BPMNShape bpmnElement=\"sid-66322299-DA1E-462D-B51B-C930A0A1AC58\" id=\"BPMNShape_sid-66322299-DA1E-462D-B51B-C930A0A1AC58\">\n        <omgdc:Bounds height=\"40.0\" width=\"40.0\" x=\"534.1889596715641\" y=\"368.06803072158584\"></omgdc:Bounds>\n      </bpmndi:BPMNShape>\n      <bpmndi:BPMNShape bpmnElement=\"sid-2E3C0D13-4600-4BEF-95C1-8EC3474DBB40\" id=\"BPMNShape_sid-2E3C0D13-4600-4BEF-95C1-8EC3474DBB40\">\n        <omgdc:Bounds height=\"86.25231878160702\" width=\"139.24747039789952\" x=\"679.8768577638089\" y=\"348.0680307215858\"></omgdc:Bounds>\n      </bpmndi:BPMNShape>\n      <bpmndi:BPMNShape bpmnElement=\"sid-95BE41AA-D5B8-4462-A944-2E6492B9454B\" id=\"BPMNShape_sid-95BE41AA-D5B8-4462-A944-2E6492B9454B\">\n        <omgdc:Bounds height=\"40.0\" width=\"40.0\" x=\"898.4087049021759\" y=\"368.0680307215858\"></omgdc:Bounds>\n      </bpmndi:BPMNShape>\n      <bpmndi:BPMNShape bpmnElement=\"sid-69C9F025-B4F1-4A00-8EFC-5210DD0D0AD0\" id=\"BPMNShape_sid-69C9F025-B4F1-4A00-8EFC-5210DD0D0AD0\">\n        <omgdc:Bounds height=\"28.0\" width=\"28.0\" x=\"1044.0966029944207\" y=\"374.0680307215858\"></omgdc:Bounds>\n      </bpmndi:BPMNShape>\n      <bpmndi:BPMNEdge bpmnElement=\"sid-1047C7E8-B671-4724-A291-1AD6638FB744\" id=\"BPMNEdge_sid-1047C7E8-B671-4724-A291-1AD6638FB744\">\n        <omgdi:waypoint x=\"573.4362368886183\" y=\"388.82075350453164\"></omgdi:waypoint>\n        <omgdi:waypoint x=\"679.8768577638089\" y=\"390.25562693252914\"></omgdi:waypoint>\n      </bpmndi:BPMNEdge>\n      <bpmndi:BPMNEdge bpmnElement=\"sid-04391DA8-1746-4DD6-9C46-3C99AADA6810\" id=\"BPMNEdge_sid-04391DA8-1746-4DD6-9C46-3C99AADA6810\">\n        <omgdi:waypoint x=\"937.9772040295741\" y=\"388.49953159418766\"></omgdi:waypoint>\n        <omgdi:waypoint x=\"1044.0966933241882\" y=\"388.11832212573125\"></omgdi:waypoint>\n      </bpmndi:BPMNEdge>\n      <bpmndi:BPMNEdge bpmnElement=\"sid-7BD855B3-7C54-457A-9AC5-5C5EF3CB007E\" id=\"BPMNEdge_sid-7BD855B3-7C54-457A-9AC5-5C5EF3CB007E\">\n        <omgdi:waypoint x=\"554.6889596715641\" y=\"368.56803072158584\"></omgdi:waypoint>\n        <omgdi:waypoint x=\"554.6889596715641\" y=\"243.63070498348597\"></omgdi:waypoint>\n        <omgdi:waypoint x=\"205.49220881456878\" y=\"348.0680307215858\"></omgdi:waypoint>\n      </bpmndi:BPMNEdge>\n      <bpmndi:BPMNEdge bpmnElement=\"sid-86EA9C4D-0502-4B80-B276-F595FAD49BB8\" id=\"BPMNEdge_sid-86EA9C4D-0502-4B80-B276-F595FAD49BB8\">\n        <omgdi:waypoint x=\"819.1243281617084\" y=\"390.11488509020165\"></omgdi:waypoint>\n        <omgdi:waypoint x=\"899.2140114402857\" y=\"388.8733372596956\"></omgdi:waypoint>\n      </bpmndi:BPMNEdge>\n      <bpmndi:BPMNEdge bpmnElement=\"sid-1AB1C516-E76B-4C01-984D-256EA740D239\" id=\"BPMNEdge_sid-1AB1C516-E76B-4C01-984D-256EA740D239\">\n        <omgdi:waypoint x=\"439.93842888190443\" y=\"388.0680307215858\"></omgdi:waypoint>\n        <omgdi:waypoint x=\"534.1889596715641\" y=\"388.06803072158584\"></omgdi:waypoint>\n      </bpmndi:BPMNEdge>\n      <bpmndi:BPMNEdge bpmnElement=\"sid-2FD8AD1A-FFB4-4990-B62D-A9E3178AABF0\" id=\"BPMNEdge_sid-2FD8AD1A-FFB4-4990-B62D-A9E3178AABF0\">\n        <omgdi:waypoint x=\"77.31773093290909\" y=\"388.0680307215858\"></omgdi:waypoint>\n        <omgdi:waypoint x=\"152.14860777548546\" y=\"388.0680307215858\"></omgdi:waypoint>\n      </bpmndi:BPMNEdge>\n      <bpmndi:BPMNEdge bpmnElement=\"sid-92A26ED2-2EFD-4FEF-810C-5106EB076848\" id=\"BPMNEdge_sid-92A26ED2-2EFD-4FEF-810C-5106EB076848\">\n        <omgdi:waypoint x=\"252.14860777548546\" y=\"388.0680307215858\"></omgdi:waypoint>\n        <omgdi:waypoint x=\"339.93842888190443\" y=\"388.0680307215857\"></omgdi:waypoint>\n      </bpmndi:BPMNEdge>\n      <bpmndi:BPMNEdge bpmnElement=\"sid-68FC44BD-34EE-499B-B894-82F43565E4DD\" id=\"BPMNEdge_sid-68FC44BD-34EE-499B-B894-82F43565E4DD\">\n        <omgdi:waypoint x=\"918.9087049021759\" y=\"407.5680307215858\"></omgdi:waypoint>\n        <omgdi:waypoint x=\"918.9087049021759\" y=\"477.32853343223934\"></omgdi:waypoint>\n        <omgdi:waypoint x=\"202.14860777548546\" y=\"477.32853343223934\"></omgdi:waypoint>\n        <omgdi:waypoint x=\"202.14860777548546\" y=\"428.0680307215858\"></omgdi:waypoint>\n      </bpmndi:BPMNEdge>\n    </bpmndi:BPMNPlane>\n  </bpmndi:BPMNDiagram>\n</definitions>',0),('5004',1,'请假流程001.LeaveBill.png','5002','PNG\r\n\Z\n\0\0\0\rIHDR\0\0:\0\0\0\0\0Y=\0\0.IDATx\\ey0pSQ~h-Bzn3g6,V )^PA%\r%ܡ\\P(\n\nK\"\n:7o&d/f2ټy}=̙\0\0\0\0\0\0\0\0\0\0\0\0\0\0\0\0\0\0\0\0\0\0\0\0\0\0\0\0\0\0\0\0\0\0\0\0\0\0\0\0\0\0\0\0\0\0\0\0\0\0\0\0\0\0\0\0\0\0\0\0\0\0\0\0\0\0\0\0\0\0\0\0\0\0\0\0\0\0\0\0\0\0\0\0\0\0\0\0\0\0\0\0\0\0\0\0\0\0\0\0\0\0\0\0\0\0\0\0\0\0\0\0\0\0\0\0\0\0\0\0\0\0\0\0\0\0\0\0\0\0\0\0\0\0\0\0\0\0\0\0\0\0\0\0\0\0\0\0\0\0\0\0\0\0\0\0\0\0\0\0\0\0\0\0\0\0\0\0\0\0\0\0\0\0\0\0\0\0\0\0\0\0\0\0\0\0\0\0\0\0\0\0\0\0\0\0\0\0\0\0\0\0\0\0\0\0\0\0\0\0\0\0\0\0\0\0\0\0\0\0\0\0\0\0\0\0\0\0\0\0\0\0\0\0\0\0\0\0\0\0\0\0\0\0\0\0\0\0\0\0\0\0\0\0\0\0\0\0\0\0\0\0\0\0\0\0\0\0\0\0\0\0\0\0\0\0\0\0\0\0\0\0\0\0\0\0\0\0\0\0\0\0\0\0\0\0\0\0\0\0\0\0\0\0\0\0\0\0\0\0\0\0\0\0\0\0\0\0\0\0\0\0\0\0\0\0\0\0\0\0\0\0\0\0\0\0\0\0\0\0\0\0\0\0\0\0\0\0\0\0\0\0\0\0\0\0\0\0\0\0\0\0\0\0\0\0\0\0\0\0\0\0\0\0\0\0\0\0\0\0\0\0\0\0\0\0\0\0\0\0\0\0\0\0\0\0\0\0\0\0\0\0\0\0\0\0\0\0\0\0\0\0\0\0\0\0\0\0\0\0\0\0\0\0\0\0\0\0\0\0\0\0\0\0\0\0\0\0\0\0\0\0\0\0\0\0\0\0\0\0\0\0\0\0\0\0\0\0\0\0\0\0\0\0\0\0\0\0\0\0\0\0\0\0\0\0\0\0\0\0\0\0\0\0\0\0\0\0\0\0\0\0\0\0\0\0\0\0\0\0\0\0\0\0\0\0\0\0\0\0\0\0\0\0\0\0\0\0\0\0\0\0\0\0\0\0\0\0\0\0\0\0\0\0\0\0\0\0\0\0\0\0\0\0\0\0\0\0\0\0\0\0\0\0\0\0\0\0\0\0\0\0\0\0\0\0\0\0\0\0\0\0\0\0\0\0\0\0\0\0\0\0\0\0\0\0\0\0\0\0\0\0\0\0\0\0\0\0\0\0\0\0\0\0\0\0\0\0\0\0\0\0\0\0\0\0\0\0\0\0\0\0\0\0\0\0\0\0\0\0\0\0\0\0\0\0\0\0\0\0\0\0\0\0\0\0\0\0\0\0\0\0\0\0\0\0\0\0\0\0\0\0\0\0\0\0\0\0\0\0\0\0\0\0\0\0\0\0\0\0\0\0\0\0\0\0\0\0\0\0\0\0\0\0\0\0\0\0\0\0\0\0\0\0\0\0\0\0\0\0\0\0\0\0\0\0\0\0\0\0\0\0\0\0\0\0\0\0\0\0\0\0\0\0\0\0\0\0\0\0\0\0\0\0\0\0\0\0\0\0\0\0\0\0\0\0\0\0\0\0\0\0\0\0\0\0\0\0\0\0\0\0\0\0\0\0\0\0\0\0\0\0\0\0\0\0\0\0\0\0\0\0\0\0\0\0\0\0\0\0\0\0\0\0\0\0\0\0\0\0\0\0\0\0\0\0\0\0\0\0\0\0\0\0\0\0\0\0\0\0\0\0\0\0\0\0\0\0\0\0\0\0\0\0\0\0\0\0\0\0\0\0\0\0\0\0\0\0\0\0\0\0\0\0\0\0\0\0\0\0\0\0\0\0\0\0\0\0\0\0\0\0\0\0\0\0\0\0\0\0\0\0\0\0\0\0\0\0\0\0\0\0\0\0\0\0\0\0\0\0\0\0\0\0\0\0\0\0\0\0\0\0\0\0\0\0\0\0\0\0\0\0\0\0\0\0\0\0\0\0\0\0\0\0\0\0\0\0\0\0\0\0\0\0\0\0\0\0\0\0\0\0\0\0\0\0\0\0\0\0\0\0\0\0\0\0\0\0\0\0\0\0\0\0\0\0\0\0\0\0\0\0\0\0\0\0\0\0\0\0\0\0\0\0\0\0\0\0\0\0\0\0\0\0\0\0:<(\0\0\0\03ZYZ\0\0\0\0fj,UUlt\0\0\0`ƨ%Z\"8=w&F\0\0\0xDY.jFc\Zu\Z\0\0\0@ǪjDqvYo|\0\0\0\0:ЦZ2☲,jt\0\0\0\0ieYV񽈁(\\\0\0\0LZD]I؈\0\0\0Lj}\"IEQ<~cF\0\0\00ejڧsF\"z&kt\0\0\0\0j``QZ?⒈_eyXQϘK\0\0\0EQV}<bEUU5/l2N\0\0\0`d#jw\",z5:\0\0\0`˲|V%~ܹs9տF\0\0\0zSV;yr}4:\0\0\0RןXUՁ?jM\0\0\0,_UUrF~;jt\0\0\0\0c7oޣknWDPU{\"ҩF\0\0\0^qlVU7&{kt\0\0\0\0(˲Zv[~(ΤF\0\0\0rZ9FyUUfc[4:\0\0\0`ڤ^V}yxqeYh4:\0\0\0`eypVy	Gߧ\0\0\0@Vˈ+rU~^K\Z\0\0\0ЍxlUUU?xW^b75:\0\0\0˔e}	+n#nv4D\0\0\0.P#b_(▲,Ϝm\0\0\03XQϋ\"nfu<4:\0\0\0`\Z\Zڴ,#q(^`d4:\0\0\0`ƨ鱐_/\".-r\0\0\0W#81Fet\Z\0\0\0Ёx|UUE8הeo__it\0\0\0@g-_ܵqwUUѨit\0\0\0tlTU(7O32O\0\0\0I^Ӫ>yJ^Ql8\0\0\0B===b|窪Ί;q\Z\0\0\005gFqkąU(FfY\0\0\0&&oiweyBeht\0\0\0+IeY\"c\0\0\0	R_ϗe*nXU\0\0\00o޼GWU8WF<bldF\0\0\0l,_q|,zxx#34:\0\0\0`tq~=t\0\0\0X([UՇc}{9t\0\0\0ЦeY΍VK3#4:\0\0\0MQO!7F\\[<4:\0\0\0 >_;4*3F\0\0\0*rc|m000#3sit\0\0\00TUXKsƩcTF\0\0\0ܹsYUՂX_qs,t\0\0\0Z^~YGθ=3mEQlfdF\0\0\0]\'qFĊ.OL\0\0\0kEXcДK\"#3{ht\0\0\0\r۞=O.ZF2kF\0\0\03O^6ea#~TUyX#3it\0\0\00grUUeTh\0\0\0EeY\"7cO52\0\0@*rX2bY^Mc\0\0\0l^U.`=;#6F\0\0\0#=Buy^F\0\0tڤ,˿z,PTQ/6,l(\0\0\0\\UջcQz}\"acit\0\0\00eʲ|mUU\'X~!5F\0\0ʝ\Z,q{](IFɠ\0\0%7N?]<a2it\0\0\00axDYUSnǞed*\Z\0\0\0lzM,0?qGeYgs#T\0\0\0`\r\rm\ZʷFgʈcʲ04:\0\0\0X/O+򽱠){EQlid\Z\0\0\0wD]I0*t<\0\0\0`t}}}>D$b(odT\Z\0\0\0^,_1*\Z\0\0\0xT,#.eYE#L\0\00EX~<bEUU5/0it\0\0\0BȨjX~\'β,72t\Z\0\0\0Ȃ.%~ܹsid\Z\0\0\0@UUo͓s__ߟF\0\0@O\"?VFn\0\0eʲ|UUUqf\0\0.0o޼Go+\"n=O126\Z\0\0\03XUU/86wf!0[it\0\0\00[eYTUun,nE\\#\Z\0\0\03ies#⼪zada\0\0I^K,޾<<帲,_dX`t\Z\0\0\0(O$Zhy	GF\0\0@g-2ʲ\\6*^!\0\0Tczg,ЮYĻ?\0\0iR\'쮸9.\rE\0\0`\nEX#.,3L\0\0)Pb;#s<\0\00I6-rǈokE~(<\Z\0\0\0b},˅2204:\0\0\0&HUUFqbˍ\nL-\0\0P㫪/Ǳ,}gd`zht\0\0\0lb]wWUuJoo\ntkS\0\0`<<UU-eyhӌt\0\0uZU\'c2WR+<\Z\0\0\0<L;WUuVmt6\0\0/qDĭV(G1a\0\0`ۤͱ@:-⮲,Oް̣\0\0ZEQ<,˃bat]UUU3{K\0\0uc1,WzQ\0\0\n{tUUcte#,\\FF\0\0ʲ|QU7[Mt\'\0\0n2{\0@Gi4\Zx㍧^ve8s\Zgu8^x\"̴Ssp,tn8\'===:\ZȧB`B墋.jXi+W6.{8xGϙM˲<<%nEg趹FJuYv\\)⩱9$ƈ#vǶ4Eu4:O\\[NwNDA`͑BwG|6ƹFy,7*:b0ʲ+X\\<\\6@>r=\0X޸7~|#cĻ ꥱhS{{{\\7ht \n*V]qwoϷ~Xc7]̝;UU-7G`us]FbkBx7ZeyT,R3#Vf溹ET\0turyGYsgNAX̏8#bEUUGe\'溹ET\0̚b嚳,V9o_EXcДK\"s\\Wс|*z\0+i)Y=O.ZFs\\Wс|*z\0fugJX缑O~APUXL\\4Ӽl|yY؈5u/\ZȧB@q4fy#܂ͱ/zec_s_a\\U_S!Xw-qwXsi<y# X>|Q[ek<{㱧S!XYKt(V1oWTUX@jr4Ge]?YVahhhS3\\Wс|*z\0+z˚[O|l\\>1eY\09^oc_4:O\\\0,V]qş\Z8|.ƛ===GGkr4-^s]F`7nƏ|ߘJ+kk}B31AY__K4{u/\ZȧBq+$\'4hrqRRu/\ZȧB1|OhoX7iz߼@^I%n\">ϝ;fET0k\r-TZ}3T_f|*\nu|\rbE(ua3oXy!Ok\0ŊP:3hn	Jų|*\\/_(V\\7יEG>r=5bEAnӑvXGqz1r|\riO~?#n{hѢ?,X=}7|#QGgFK \\7י֢y]EO\nS!zeYkS#7E}=nq8=Vp?ݸ\Z˗/ow}+Vh\\y啍O>_dɒh+\nus)9~=둯bUUqVVO߳nb<Cꪫ\Zz8[wh*V:SR4wY>r=5Vmqz47Fxl:c|hٲe3l?1溹NGȧBGfeYWMG?ƹ۸ܿoK.mlvkwG8餓w}xu5&/~>%K1e+\nus	MA>r=5رV=җ4|Xj7<Z<k:<ʟ͎o/SW \\7יТy1P>r=5䨵79:\"/OC11vv\r\rxpp1Ύvw1/4+\nus	)r[E&c9|*zkAp#8b)*k9#G2r<\'dsv?5+\nus.wl+~?hގx둯b+ɱMfǈ͚A%K1wd(溹΄iQmG^4baO\\|59vj?\'ǆX1k|y	٩pW7kΊ溹z^[<fw|*zkѱz7GHt2r)kWG__߳g62kMdBWgEbEA`8֣xo<x-ZCJQψ?ck&}?残kRy5!rg>T:߶u謲,_XQn^Ux^ߢ_9\'c``	\ZB|mի\"y)5>zRK.mot,?xeMi#Yx&~1\"XQ̖n^c-Z*715\Z7N],Jx/eYW{q>+V䶙&\ZuǯXQ̖n^U4xF0\'cmO\\?9\r\r~ߏ?_z|OB:[z}Mi#z{-Nl溹u|\"7Z1E1;Vϛfcgs!Omvm٘9֟\'꒲kl.0tJg9iϦ׼x*pn[|2ciw}Y;ӡ#~qM,G\\RUq{v==k\'Fsq\'Fcq\\6.E۸xUzeI.\\侾-эx>b[kw[94u?_]<}3QeEO\">?t\"qZnκ.̭m;<_SFG$cGG$tƜGޱt+˖-k<1Y{mxل˄>fp\r}k&xK_~x[ߚo.xk|l<YRt|s/Oj\Z\\snǮy_<q\'\'>eɒ%sgl=\ZSΞ?ggߘO?;Ml#ןgǞl.d!mHooMrwھBdfc\\ɑ͎fq{l<~B)͑j.L͓3͔#.~rMrC7345LiތXRCoFBV/9Eqo~|m<g\\W4ysͿ/_?\"3|PD/O2sX<\ZN;=a6۱w~os;:&ŋWN9:\"i⯳Нy(J#ql[M͇׾U\Z|.ޖ[nc.u9ǾG޿{_5lȦI~O~>ߧr_psCB.Ñ\r\r;׼fɖՈf[5~~u[778\Z{x]UZ/FmEs&\r)ҼYW#~4:zt4<Es6hݓ3ـƜab.x|D;G$kΛꫮ\\qi⯞dFiBwZ\Z[lbn&ũ틽Vc\"#ϻ{VM.ڮ-ܲgS?|WytsW\\i7TleC38c\\yϵk~wԟ719ΦJkCM7n\"onpl7_/y{qit̂ȍuI>ųόO=U;tk+5+dѢE:餓Fǉ\'x[_w|mMk#we\'LO[ZyJ.2ڟo-\n=;w]\\z饫k>6UW]5;cu$)X\ZǾgaT>s}NsR6\Z~V#o[s;FJkRugwyi?}sGQΎ̍U4oS<2b3v˘SKG^r&5:rhs#k[91o=0XN{L;P}mbzoz\Zy8dZtiGwsKozhz<N1*<r͍@~s׿,ZI>\"]t抂\\O\\y7>O\r7)r.!Q/|&E6>F\"5;[GǏZ0玎l`Ym]Эhsk;N:h޶x`3mGG+Zaus\Z]rἛ5^ạ=OC~bc|̈́Ǜjs2d~oottz|ߋzJ:?7/5;ё4M~䎎<h_\'	폵voxEd1ϓ!k_	\'4G>&)\r|ɦF6\'ZW<<%_F_5vt}޶|\r״q3I[<>Es+ƌcit{|6ԧ|?/nhm~ w=CVϝr#v6C}swe$CzLUUj@dnrJ{2;~LŮ=yFqӹH1v,<Z\r|<ܶ?mhCƒ;9;w2OL{äu>+ߟŇ\\_ȆȦF(mOs`{z얟ܖh=G=O\'=6!<StNVCud\ZuIn\r53w=jB䮎>)im\'=E]o|w8>&+V*F~X\r,>ooXZ糘my?7\'#ãڮjG\'#وh#d~R8j>h?i{z,oƒ[6>F\\s	ڋs}.I(v\\#\\gN[Y״u\0$٭ܞy5k5猱9kfUyĉl>U<F\'뮻nRuD۾UU4b%W=VQgbHOڦ~7\'Oa[R[sjё,[luSuI=kc;:Zȝ\'\ns}m:<[V4wqdccy=ڿn5{6[hMV%/~^V#Xts}V-:ޅs#oE|:Ս9+5<5s~:$}:,nohkёgCzoq~ȵTܹq\\eY}WXbBwy-!+_d3\\-Sjddb}!?YdcY@΍|l}}	2ӳgdfjϵ>c7ёڎiT^M\\yc\ZtR#wve1Zy^\'%&p&X[S=fj`dCuŸn:P։I[;;60;9\Zz=0͎q7:^Sכ\\7יDȧ<5zg6,^xB^QeG̟h|NsGX;Lf!r|Mwۛynln^]%O<~Nf\')f駟~Ɯ4t~TRş溹Τ˶?˧S\'ٌX`ÞoLk7l λ\\vemWvU1Һ9:ZsG]r(tz<bU{\"G}tޭ:%w-_|8񍁁58pw<wpp+ip\\q74O<:SV<\'|Nd\'N{C[M<W;ջ#h;ޯCzZ_vv\"u]WuQ?Kۇ0R9=t1````y5ru??us)ۙmOkfzxp}\ZcNļ%bYĒ<-Ŋ\0s\\WF!O\\#_3#5YX\ns]nfQZ_hOk\0ŊP:3X,\n!\0 0uxV4˧B5bE(us(*S!z\Z@\"溹N7cs\\P>B|\'ŊP\\gݞ`S!lt\0(V\\: \n^@\"0A>r=\Z\0Yi|*z4:\0+\nusO\\FXQ(ua5:\0+BA`sS!z\0ŊP\\Tht\0(V: \n\0Ŋ\0s\\S!kt@\"0T\Z\0 0ׅz\0Ŋ@A`|*z4:\0+\nusO\\FbEA`sO\\X\ns] \n!kt\0ts9q}Q<hV:!4:\0@^x+Vf|FApYiF@`{o;;7t;~g}/#aV:!4:\01ވ.ϭ4SNid➉{3rܯ3gA!4:\0`I{Y&͍\0ht4:\0f,_ILUU`D\0@Cht0_Ϥ݌ˍ\0L.W%Wvs,\0LW%eM֮\0*V4:\0DnVTU*V4:\0D}hMf\\j\0\0aF@\'1ws8W\0\0ZCkt\0tp^&+\0\0\Z5F\r\0\0e\0$n\0\0P/ q\0z\0\0\0\07\0\0\0@\r\0\0e\0$n\0\0P/H\0\0z@\0\02\07\0\0\0@\r\0\0e\0\0\0\0H\0\0^@\0\02\07\0\0$n\0\0@ q\0z\0\0\0\0H\0\0^@\0\02\r\0\0e\0$n\0\0P/ q\0z\0\0\0\07\0\0^\0@\r\0\0e\0$n\0\0P/ q\0z@\0\02\07\0\0\0@\r\0\0e\0\0\0P/H\0\0^@\0\02\07\0\0X#q!B!\0\0\0\0\0\0\0\0\0\0\0\0\0\0\0\0\0\0\0\0\0\0\0\0\0\0\0\0\0\0\0\0\0\0\0\0\0MLP\0\0\0\0IENDB`',1);

/*Table structure for table `act_ge_property` */

DROP TABLE IF EXISTS `act_ge_property`;

CREATE TABLE `act_ge_property` (
  `NAME_` varchar(64) COLLATE utf8_bin NOT NULL DEFAULT '',
  `VALUE_` varchar(300) COLLATE utf8_bin DEFAULT NULL,
  `REV_` int(11) DEFAULT NULL,
  PRIMARY KEY (`NAME_`)
) ENGINE=InnoDB DEFAULT CHARSET=utf8 COLLATE=utf8_bin;

/*Data for the table `act_ge_property` */

insert  into `act_ge_property`(`NAME_`,`VALUE_`,`REV_`) values ('next.dbid','7501',4),('schema.history','create(5.22.0.0)',1),('schema.version','5.22.0.0',1);

/*Table structure for table `act_hi_actinst` */

DROP TABLE IF EXISTS `act_hi_actinst`;

CREATE TABLE `act_hi_actinst` (
  `ID_` varchar(64) COLLATE utf8_bin NOT NULL,
  `PROC_DEF_ID_` varchar(64) COLLATE utf8_bin NOT NULL,
  `PROC_INST_ID_` varchar(64) COLLATE utf8_bin NOT NULL,
  `EXECUTION_ID_` varchar(64) COLLATE utf8_bin NOT NULL,
  `ACT_ID_` varchar(255) COLLATE utf8_bin NOT NULL,
  `TASK_ID_` varchar(64) COLLATE utf8_bin DEFAULT NULL,
  `CALL_PROC_INST_ID_` varchar(64) COLLATE utf8_bin DEFAULT NULL,
  `ACT_NAME_` varchar(255) COLLATE utf8_bin DEFAULT NULL,
  `ACT_TYPE_` varchar(255) COLLATE utf8_bin NOT NULL,
  `ASSIGNEE_` varchar(255) COLLATE utf8_bin DEFAULT NULL,
  `START_TIME_` datetime(3) NOT NULL,
  `END_TIME_` datetime(3) DEFAULT NULL,
  `DURATION_` bigint(20) DEFAULT NULL,
  `TENANT_ID_` varchar(255) COLLATE utf8_bin DEFAULT '',
  PRIMARY KEY (`ID_`),
  KEY `ACT_IDX_HI_ACT_INST_START` (`START_TIME_`),
  KEY `ACT_IDX_HI_ACT_INST_END` (`END_TIME_`),
  KEY `ACT_IDX_HI_ACT_INST_PROCINST` (`PROC_INST_ID_`,`ACT_ID_`),
  KEY `ACT_IDX_HI_ACT_INST_EXEC` (`EXECUTION_ID_`,`ACT_ID_`)
) ENGINE=InnoDB DEFAULT CHARSET=utf8 COLLATE=utf8_bin;

/*Data for the table `act_hi_actinst` */

insert  into `act_hi_actinst`(`ID_`,`PROC_DEF_ID_`,`PROC_INST_ID_`,`EXECUTION_ID_`,`ACT_ID_`,`TASK_ID_`,`CALL_PROC_INST_ID_`,`ACT_NAME_`,`ACT_TYPE_`,`ASSIGNEE_`,`START_TIME_`,`END_TIME_`,`DURATION_`,`TENANT_ID_`) values ('2511','LeaveBill:1:2509','2510','2510','sid-2F4297F0-7C71-43B0-A6E0-4DAF19994BF4',NULL,NULL,'开始','startEvent',NULL,'2016-11-22 22:45:09.944','2016-11-22 22:45:09.967',23,''),('2514','LeaveBill:1:2509','2510','2510','sid-4C8CC60D-0FB7-434E-9F14-76DB0C080AEB','2515',NULL,'启动流程','userTask',NULL,'2016-11-22 22:45:09.968',NULL,NULL,''),('5007','LeaveBill:2:5005','5006','5006','sid-2F4297F0-7C71-43B0-A6E0-4DAF19994BF4',NULL,NULL,'开始','startEvent',NULL,'2016-11-22 23:10:59.755','2016-11-22 23:10:59.779',24,''),('5010','LeaveBill:2:5005','5006','5006','sid-4C8CC60D-0FB7-434E-9F14-76DB0C080AEB','5011',NULL,'启动流程','userTask','admin','2016-11-22 23:10:59.780',NULL,NULL,'');

/*Table structure for table `act_hi_attachment` */

DROP TABLE IF EXISTS `act_hi_attachment`;

CREATE TABLE `act_hi_attachment` (
  `ID_` varchar(64) COLLATE utf8_bin NOT NULL,
  `REV_` int(11) DEFAULT NULL,
  `USER_ID_` varchar(255) COLLATE utf8_bin DEFAULT NULL,
  `NAME_` varchar(255) COLLATE utf8_bin DEFAULT NULL,
  `DESCRIPTION_` varchar(4000) COLLATE utf8_bin DEFAULT NULL,
  `TYPE_` varchar(255) COLLATE utf8_bin DEFAULT NULL,
  `TASK_ID_` varchar(64) COLLATE utf8_bin DEFAULT NULL,
  `PROC_INST_ID_` varchar(64) COLLATE utf8_bin DEFAULT NULL,
  `URL_` varchar(4000) COLLATE utf8_bin DEFAULT NULL,
  `CONTENT_ID_` varchar(64) COLLATE utf8_bin DEFAULT NULL,
  `TIME_` datetime(3) DEFAULT NULL,
  PRIMARY KEY (`ID_`)
) ENGINE=InnoDB DEFAULT CHARSET=utf8 COLLATE=utf8_bin;

/*Data for the table `act_hi_attachment` */

/*Table structure for table `act_hi_comment` */

DROP TABLE IF EXISTS `act_hi_comment`;

CREATE TABLE `act_hi_comment` (
  `ID_` varchar(64) COLLATE utf8_bin NOT NULL,
  `TYPE_` varchar(255) COLLATE utf8_bin DEFAULT NULL,
  `TIME_` datetime(3) NOT NULL,
  `USER_ID_` varchar(255) COLLATE utf8_bin DEFAULT NULL,
  `TASK_ID_` varchar(64) COLLATE utf8_bin DEFAULT NULL,
  `PROC_INST_ID_` varchar(64) COLLATE utf8_bin DEFAULT NULL,
  `ACTION_` varchar(255) COLLATE utf8_bin DEFAULT NULL,
  `MESSAGE_` varchar(4000) COLLATE utf8_bin DEFAULT NULL,
  `FULL_MSG_` longblob,
  PRIMARY KEY (`ID_`)
) ENGINE=InnoDB DEFAULT CHARSET=utf8 COLLATE=utf8_bin;

/*Data for the table `act_hi_comment` */

/*Table structure for table `act_hi_detail` */

DROP TABLE IF EXISTS `act_hi_detail`;

CREATE TABLE `act_hi_detail` (
  `ID_` varchar(64) COLLATE utf8_bin NOT NULL,
  `TYPE_` varchar(255) COLLATE utf8_bin NOT NULL,
  `PROC_INST_ID_` varchar(64) COLLATE utf8_bin DEFAULT NULL,
  `EXECUTION_ID_` varchar(64) COLLATE utf8_bin DEFAULT NULL,
  `TASK_ID_` varchar(64) COLLATE utf8_bin DEFAULT NULL,
  `ACT_INST_ID_` varchar(64) COLLATE utf8_bin DEFAULT NULL,
  `NAME_` varchar(255) COLLATE utf8_bin NOT NULL,
  `VAR_TYPE_` varchar(255) COLLATE utf8_bin DEFAULT NULL,
  `REV_` int(11) DEFAULT NULL,
  `TIME_` datetime(3) NOT NULL,
  `BYTEARRAY_ID_` varchar(64) COLLATE utf8_bin DEFAULT NULL,
  `DOUBLE_` double DEFAULT NULL,
  `LONG_` bigint(20) DEFAULT NULL,
  `TEXT_` varchar(4000) COLLATE utf8_bin DEFAULT NULL,
  `TEXT2_` varchar(4000) COLLATE utf8_bin DEFAULT NULL,
  PRIMARY KEY (`ID_`),
  KEY `ACT_IDX_HI_DETAIL_PROC_INST` (`PROC_INST_ID_`),
  KEY `ACT_IDX_HI_DETAIL_ACT_INST` (`ACT_INST_ID_`),
  KEY `ACT_IDX_HI_DETAIL_TIME` (`TIME_`),
  KEY `ACT_IDX_HI_DETAIL_NAME` (`NAME_`),
  KEY `ACT_IDX_HI_DETAIL_TASK_ID` (`TASK_ID_`)
) ENGINE=InnoDB DEFAULT CHARSET=utf8 COLLATE=utf8_bin;

/*Data for the table `act_hi_detail` */

/*Table structure for table `act_hi_identitylink` */

DROP TABLE IF EXISTS `act_hi_identitylink`;

CREATE TABLE `act_hi_identitylink` (
  `ID_` varchar(64) COLLATE utf8_bin NOT NULL DEFAULT '',
  `GROUP_ID_` varchar(255) COLLATE utf8_bin DEFAULT NULL,
  `TYPE_` varchar(255) COLLATE utf8_bin DEFAULT NULL,
  `USER_ID_` varchar(255) COLLATE utf8_bin DEFAULT NULL,
  `TASK_ID_` varchar(64) COLLATE utf8_bin DEFAULT NULL,
  `PROC_INST_ID_` varchar(64) COLLATE utf8_bin DEFAULT NULL,
  PRIMARY KEY (`ID_`),
  KEY `ACT_IDX_HI_IDENT_LNK_USER` (`USER_ID_`),
  KEY `ACT_IDX_HI_IDENT_LNK_TASK` (`TASK_ID_`),
  KEY `ACT_IDX_HI_IDENT_LNK_PROCINST` (`PROC_INST_ID_`)
) ENGINE=InnoDB DEFAULT CHARSET=utf8 COLLATE=utf8_bin;

/*Data for the table `act_hi_identitylink` */

insert  into `act_hi_identitylink`(`ID_`,`GROUP_ID_`,`TYPE_`,`USER_ID_`,`TASK_ID_`,`PROC_INST_ID_`) values ('5012',NULL,'participant','admin',NULL,'5006');

/*Table structure for table `act_hi_procinst` */

DROP TABLE IF EXISTS `act_hi_procinst`;

CREATE TABLE `act_hi_procinst` (
  `ID_` varchar(64) COLLATE utf8_bin NOT NULL,
  `PROC_INST_ID_` varchar(64) COLLATE utf8_bin NOT NULL,
  `BUSINESS_KEY_` varchar(255) COLLATE utf8_bin DEFAULT NULL,
  `PROC_DEF_ID_` varchar(64) COLLATE utf8_bin NOT NULL,
  `START_TIME_` datetime(3) NOT NULL,
  `END_TIME_` datetime(3) DEFAULT NULL,
  `DURATION_` bigint(20) DEFAULT NULL,
  `START_USER_ID_` varchar(255) COLLATE utf8_bin DEFAULT NULL,
  `START_ACT_ID_` varchar(255) COLLATE utf8_bin DEFAULT NULL,
  `END_ACT_ID_` varchar(255) COLLATE utf8_bin DEFAULT NULL,
  `SUPER_PROCESS_INSTANCE_ID_` varchar(64) COLLATE utf8_bin DEFAULT NULL,
  `DELETE_REASON_` varchar(4000) COLLATE utf8_bin DEFAULT NULL,
  `TENANT_ID_` varchar(255) COLLATE utf8_bin DEFAULT '',
  `NAME_` varchar(255) COLLATE utf8_bin DEFAULT NULL,
  PRIMARY KEY (`ID_`),
  UNIQUE KEY `PROC_INST_ID_` (`PROC_INST_ID_`),
  KEY `ACT_IDX_HI_PRO_INST_END` (`END_TIME_`),
  KEY `ACT_IDX_HI_PRO_I_BUSKEY` (`BUSINESS_KEY_`)
) ENGINE=InnoDB DEFAULT CHARSET=utf8 COLLATE=utf8_bin;

/*Data for the table `act_hi_procinst` */

insert  into `act_hi_procinst`(`ID_`,`PROC_INST_ID_`,`BUSINESS_KEY_`,`PROC_DEF_ID_`,`START_TIME_`,`END_TIME_`,`DURATION_`,`START_USER_ID_`,`START_ACT_ID_`,`END_ACT_ID_`,`SUPER_PROCESS_INSTANCE_ID_`,`DELETE_REASON_`,`TENANT_ID_`,`NAME_`) values ('2510','2510','LeaveBill.2','LeaveBill:1:2509','2016-11-22 22:45:09.944',NULL,NULL,NULL,'sid-2F4297F0-7C71-43B0-A6E0-4DAF19994BF4',NULL,NULL,NULL,'',NULL),('5006','5006','LeaveBill.3','LeaveBill:2:5005','2016-11-22 23:10:59.755',NULL,NULL,NULL,'sid-2F4297F0-7C71-43B0-A6E0-4DAF19994BF4',NULL,NULL,NULL,'',NULL);

/*Table structure for table `act_hi_taskinst` */

DROP TABLE IF EXISTS `act_hi_taskinst`;

CREATE TABLE `act_hi_taskinst` (
  `ID_` varchar(64) COLLATE utf8_bin NOT NULL,
  `PROC_DEF_ID_` varchar(64) COLLATE utf8_bin DEFAULT NULL,
  `TASK_DEF_KEY_` varchar(255) COLLATE utf8_bin DEFAULT NULL,
  `PROC_INST_ID_` varchar(64) COLLATE utf8_bin DEFAULT NULL,
  `EXECUTION_ID_` varchar(64) COLLATE utf8_bin DEFAULT NULL,
  `NAME_` varchar(255) COLLATE utf8_bin DEFAULT NULL,
  `PARENT_TASK_ID_` varchar(64) COLLATE utf8_bin DEFAULT NULL,
  `DESCRIPTION_` varchar(4000) COLLATE utf8_bin DEFAULT NULL,
  `OWNER_` varchar(255) COLLATE utf8_bin DEFAULT NULL,
  `ASSIGNEE_` varchar(255) COLLATE utf8_bin DEFAULT NULL,
  `START_TIME_` datetime(3) NOT NULL,
  `CLAIM_TIME_` datetime(3) DEFAULT NULL,
  `END_TIME_` datetime(3) DEFAULT NULL,
  `DURATION_` bigint(20) DEFAULT NULL,
  `DELETE_REASON_` varchar(4000) COLLATE utf8_bin DEFAULT NULL,
  `PRIORITY_` int(11) DEFAULT NULL,
  `DUE_DATE_` datetime(3) DEFAULT NULL,
  `FORM_KEY_` varchar(255) COLLATE utf8_bin DEFAULT NULL,
  `CATEGORY_` varchar(255) COLLATE utf8_bin DEFAULT NULL,
  `TENANT_ID_` varchar(255) COLLATE utf8_bin DEFAULT '',
  PRIMARY KEY (`ID_`),
  KEY `ACT_IDX_HI_TASK_INST_PROCINST` (`PROC_INST_ID_`)
) ENGINE=InnoDB DEFAULT CHARSET=utf8 COLLATE=utf8_bin;

/*Data for the table `act_hi_taskinst` */

insert  into `act_hi_taskinst`(`ID_`,`PROC_DEF_ID_`,`TASK_DEF_KEY_`,`PROC_INST_ID_`,`EXECUTION_ID_`,`NAME_`,`PARENT_TASK_ID_`,`DESCRIPTION_`,`OWNER_`,`ASSIGNEE_`,`START_TIME_`,`CLAIM_TIME_`,`END_TIME_`,`DURATION_`,`DELETE_REASON_`,`PRIORITY_`,`DUE_DATE_`,`FORM_KEY_`,`CATEGORY_`,`TENANT_ID_`) values ('2515','LeaveBill:1:2509','sid-4C8CC60D-0FB7-434E-9F14-76DB0C080AEB','2510','2510','启动流程',NULL,NULL,NULL,NULL,'2016-11-22 22:45:09.972',NULL,NULL,NULL,NULL,50,NULL,NULL,NULL,''),('5011','LeaveBill:2:5005','sid-4C8CC60D-0FB7-434E-9F14-76DB0C080AEB','5006','5006','启动流程',NULL,NULL,NULL,'admin','2016-11-22 23:10:59.784',NULL,NULL,NULL,NULL,50,NULL,NULL,NULL,'');

/*Table structure for table `act_hi_varinst` */

DROP TABLE IF EXISTS `act_hi_varinst`;

CREATE TABLE `act_hi_varinst` (
  `ID_` varchar(64) COLLATE utf8_bin NOT NULL,
  `PROC_INST_ID_` varchar(64) COLLATE utf8_bin DEFAULT NULL,
  `EXECUTION_ID_` varchar(64) COLLATE utf8_bin DEFAULT NULL,
  `TASK_ID_` varchar(64) COLLATE utf8_bin DEFAULT NULL,
  `NAME_` varchar(255) COLLATE utf8_bin NOT NULL,
  `VAR_TYPE_` varchar(100) COLLATE utf8_bin DEFAULT NULL,
  `REV_` int(11) DEFAULT NULL,
  `BYTEARRAY_ID_` varchar(64) COLLATE utf8_bin DEFAULT NULL,
  `DOUBLE_` double DEFAULT NULL,
  `LONG_` bigint(20) DEFAULT NULL,
  `TEXT_` varchar(4000) COLLATE utf8_bin DEFAULT NULL,
  `TEXT2_` varchar(4000) COLLATE utf8_bin DEFAULT NULL,
  `CREATE_TIME_` datetime(3) DEFAULT NULL,
  `LAST_UPDATED_TIME_` datetime(3) DEFAULT NULL,
  PRIMARY KEY (`ID_`),
  KEY `ACT_IDX_HI_PROCVAR_PROC_INST` (`PROC_INST_ID_`),
  KEY `ACT_IDX_HI_PROCVAR_NAME_TYPE` (`NAME_`,`VAR_TYPE_`),
  KEY `ACT_IDX_HI_PROCVAR_TASK_ID` (`TASK_ID_`)
) ENGINE=InnoDB DEFAULT CHARSET=utf8 COLLATE=utf8_bin;

/*Data for the table `act_hi_varinst` */

insert  into `act_hi_varinst`(`ID_`,`PROC_INST_ID_`,`EXECUTION_ID_`,`TASK_ID_`,`NAME_`,`VAR_TYPE_`,`REV_`,`BYTEARRAY_ID_`,`DOUBLE_`,`LONG_`,`TEXT_`,`TEXT2_`,`CREATE_TIME_`,`LAST_UPDATED_TIME_`) values ('2512','2510','2510',NULL,'businessKey','string',0,NULL,NULL,NULL,'LeaveBill.2',NULL,'2016-11-22 22:45:09.945','2016-11-22 22:45:09.945'),('2513','2510','2510',NULL,'inputUser','string',0,NULL,NULL,NULL,'admin',NULL,'2016-11-22 22:45:09.946','2016-11-22 22:45:09.946'),('5008','5006','5006',NULL,'businessKey','string',0,NULL,NULL,NULL,'LeaveBill.3',NULL,'2016-11-22 23:10:59.756','2016-11-22 23:10:59.756'),('5009','5006','5006',NULL,'inputUser','string',0,NULL,NULL,NULL,'admin',NULL,'2016-11-22 23:10:59.758','2016-11-22 23:10:59.758');

/*Table structure for table `act_id_group` */

DROP TABLE IF EXISTS `act_id_group`;

CREATE TABLE `act_id_group` (
  `ID_` varchar(64) COLLATE utf8_bin NOT NULL DEFAULT '',
  `REV_` int(11) DEFAULT NULL,
  `NAME_` varchar(255) COLLATE utf8_bin DEFAULT NULL,
  `TYPE_` varchar(255) COLLATE utf8_bin DEFAULT NULL,
  PRIMARY KEY (`ID_`)
) ENGINE=InnoDB DEFAULT CHARSET=utf8 COLLATE=utf8_bin;

/*Data for the table `act_id_group` */

/*Table structure for table `act_id_info` */

DROP TABLE IF EXISTS `act_id_info`;

CREATE TABLE `act_id_info` (
  `ID_` varchar(64) COLLATE utf8_bin NOT NULL DEFAULT '',
  `REV_` int(11) DEFAULT NULL,
  `USER_ID_` varchar(64) COLLATE utf8_bin DEFAULT NULL,
  `TYPE_` varchar(64) COLLATE utf8_bin DEFAULT NULL,
  `KEY_` varchar(255) COLLATE utf8_bin DEFAULT NULL,
  `VALUE_` varchar(255) COLLATE utf8_bin DEFAULT NULL,
  `PASSWORD_` longblob,
  `PARENT_ID_` varchar(255) COLLATE utf8_bin DEFAULT NULL,
  PRIMARY KEY (`ID_`)
) ENGINE=InnoDB DEFAULT CHARSET=utf8 COLLATE=utf8_bin;

/*Data for the table `act_id_info` */

/*Table structure for table `act_id_membership` */

DROP TABLE IF EXISTS `act_id_membership`;

CREATE TABLE `act_id_membership` (
  `USER_ID_` varchar(64) COLLATE utf8_bin NOT NULL DEFAULT '',
  `GROUP_ID_` varchar(64) COLLATE utf8_bin NOT NULL DEFAULT '',
  PRIMARY KEY (`USER_ID_`,`GROUP_ID_`),
  KEY `ACT_FK_MEMB_GROUP` (`GROUP_ID_`),
  CONSTRAINT `ACT_FK_MEMB_USER` FOREIGN KEY (`USER_ID_`) REFERENCES `act_id_user` (`ID_`),
  CONSTRAINT `ACT_FK_MEMB_GROUP` FOREIGN KEY (`GROUP_ID_`) REFERENCES `act_id_group` (`ID_`)
) ENGINE=InnoDB DEFAULT CHARSET=utf8 COLLATE=utf8_bin;

/*Data for the table `act_id_membership` */

/*Table structure for table `act_id_user` */

DROP TABLE IF EXISTS `act_id_user`;

CREATE TABLE `act_id_user` (
  `ID_` varchar(64) COLLATE utf8_bin NOT NULL DEFAULT '',
  `REV_` int(11) DEFAULT NULL,
  `FIRST_` varchar(255) COLLATE utf8_bin DEFAULT NULL,
  `LAST_` varchar(255) COLLATE utf8_bin DEFAULT NULL,
  `EMAIL_` varchar(255) COLLATE utf8_bin DEFAULT NULL,
  `PWD_` varchar(255) COLLATE utf8_bin DEFAULT NULL,
  `PICTURE_ID_` varchar(64) COLLATE utf8_bin DEFAULT NULL,
  PRIMARY KEY (`ID_`)
) ENGINE=InnoDB DEFAULT CHARSET=utf8 COLLATE=utf8_bin;

/*Data for the table `act_id_user` */

/*Table structure for table `act_procdef_info` */

DROP TABLE IF EXISTS `act_procdef_info`;

CREATE TABLE `act_procdef_info` (
  `ID_` varchar(64) COLLATE utf8_bin NOT NULL,
  `PROC_DEF_ID_` varchar(64) COLLATE utf8_bin NOT NULL,
  `REV_` int(11) DEFAULT NULL,
  `INFO_JSON_ID_` varchar(64) COLLATE utf8_bin DEFAULT NULL,
  PRIMARY KEY (`ID_`),
  UNIQUE KEY `ACT_UNIQ_INFO_PROCDEF` (`PROC_DEF_ID_`),
  KEY `ACT_IDX_INFO_PROCDEF` (`PROC_DEF_ID_`),
  KEY `ACT_FK_INFO_JSON_BA` (`INFO_JSON_ID_`),
  CONSTRAINT `ACT_FK_INFO_PROCDEF` FOREIGN KEY (`PROC_DEF_ID_`) REFERENCES `act_re_procdef` (`ID_`),
  CONSTRAINT `ACT_FK_INFO_JSON_BA` FOREIGN KEY (`INFO_JSON_ID_`) REFERENCES `act_ge_bytearray` (`ID_`)
) ENGINE=InnoDB DEFAULT CHARSET=utf8 COLLATE=utf8_bin;

/*Data for the table `act_procdef_info` */

/*Table structure for table `act_re_deployment` */

DROP TABLE IF EXISTS `act_re_deployment`;

CREATE TABLE `act_re_deployment` (
  `ID_` varchar(64) COLLATE utf8_bin NOT NULL DEFAULT '',
  `NAME_` varchar(255) COLLATE utf8_bin DEFAULT NULL,
  `CATEGORY_` varchar(255) COLLATE utf8_bin DEFAULT NULL,
  `TENANT_ID_` varchar(255) COLLATE utf8_bin DEFAULT '',
  `DEPLOY_TIME_` timestamp(3) NULL DEFAULT NULL,
  PRIMARY KEY (`ID_`)
) ENGINE=InnoDB DEFAULT CHARSET=utf8 COLLATE=utf8_bin;

/*Data for the table `act_re_deployment` */

insert  into `act_re_deployment`(`ID_`,`NAME_`,`CATEGORY_`,`TENANT_ID_`,`DEPLOY_TIME_`) values ('2506','请假流程001',NULL,'','2016-11-22 22:44:46.907'),('5002','请假流程001',NULL,'','2016-11-22 22:58:34.964');

/*Table structure for table `act_re_model` */

DROP TABLE IF EXISTS `act_re_model`;

CREATE TABLE `act_re_model` (
  `ID_` varchar(64) COLLATE utf8_bin NOT NULL,
  `REV_` int(11) DEFAULT NULL,
  `NAME_` varchar(255) COLLATE utf8_bin DEFAULT NULL,
  `KEY_` varchar(255) COLLATE utf8_bin DEFAULT NULL,
  `CATEGORY_` varchar(255) COLLATE utf8_bin DEFAULT NULL,
  `CREATE_TIME_` timestamp(3) NULL DEFAULT NULL,
  `LAST_UPDATE_TIME_` timestamp(3) NULL DEFAULT NULL,
  `VERSION_` int(11) DEFAULT NULL,
  `META_INFO_` varchar(4000) COLLATE utf8_bin DEFAULT NULL,
  `DEPLOYMENT_ID_` varchar(64) COLLATE utf8_bin DEFAULT NULL,
  `EDITOR_SOURCE_VALUE_ID_` varchar(64) COLLATE utf8_bin DEFAULT NULL,
  `EDITOR_SOURCE_EXTRA_VALUE_ID_` varchar(64) COLLATE utf8_bin DEFAULT NULL,
  `TENANT_ID_` varchar(255) COLLATE utf8_bin DEFAULT '',
  PRIMARY KEY (`ID_`),
  KEY `ACT_FK_MODEL_SOURCE` (`EDITOR_SOURCE_VALUE_ID_`),
  KEY `ACT_FK_MODEL_SOURCE_EXTRA` (`EDITOR_SOURCE_EXTRA_VALUE_ID_`),
  KEY `ACT_FK_MODEL_DEPLOYMENT` (`DEPLOYMENT_ID_`),
  CONSTRAINT `ACT_FK_MODEL_DEPLOYMENT` FOREIGN KEY (`DEPLOYMENT_ID_`) REFERENCES `act_re_deployment` (`ID_`),
  CONSTRAINT `ACT_FK_MODEL_SOURCE` FOREIGN KEY (`EDITOR_SOURCE_VALUE_ID_`) REFERENCES `act_ge_bytearray` (`ID_`),
  CONSTRAINT `ACT_FK_MODEL_SOURCE_EXTRA` FOREIGN KEY (`EDITOR_SOURCE_EXTRA_VALUE_ID_`) REFERENCES `act_ge_bytearray` (`ID_`)
) ENGINE=InnoDB DEFAULT CHARSET=utf8 COLLATE=utf8_bin;

/*Data for the table `act_re_model` */

insert  into `act_re_model`(`ID_`,`REV_`,`NAME_`,`KEY_`,`CATEGORY_`,`CREATE_TIME_`,`LAST_UPDATE_TIME_`,`VERSION_`,`META_INFO_`,`DEPLOYMENT_ID_`,`EDITOR_SOURCE_VALUE_ID_`,`EDITOR_SOURCE_EXTRA_VALUE_ID_`,`TENANT_ID_`) values ('1',5,'12','12','LeaveBill','2016-11-22 21:52:16.421','2016-11-22 22:58:22.656',1,'{\"name\":\"12\",\"revision\":1,\"description\":\"12\"}',NULL,'2','5001',''),('3',11,'请假流程001','请假流程001','LeaveBill','2016-11-22 22:11:15.880','2016-11-22 22:57:20.401',1,'{\"name\":\"请假流程001\",\"revision\":1,\"description\":\"请假流程001\"}',NULL,'4','2501','');

/*Table structure for table `act_re_procdef` */

DROP TABLE IF EXISTS `act_re_procdef`;

CREATE TABLE `act_re_procdef` (
  `ID_` varchar(64) COLLATE utf8_bin NOT NULL,
  `REV_` int(11) DEFAULT NULL,
  `CATEGORY_` varchar(255) COLLATE utf8_bin DEFAULT NULL,
  `NAME_` varchar(255) COLLATE utf8_bin DEFAULT NULL,
  `KEY_` varchar(255) COLLATE utf8_bin NOT NULL,
  `VERSION_` int(11) NOT NULL,
  `DEPLOYMENT_ID_` varchar(64) COLLATE utf8_bin DEFAULT NULL,
  `RESOURCE_NAME_` varchar(4000) COLLATE utf8_bin DEFAULT NULL,
  `DGRM_RESOURCE_NAME_` varchar(4000) COLLATE utf8_bin DEFAULT NULL,
  `DESCRIPTION_` varchar(4000) COLLATE utf8_bin DEFAULT NULL,
  `HAS_START_FORM_KEY_` tinyint(4) DEFAULT NULL,
  `HAS_GRAPHICAL_NOTATION_` tinyint(4) DEFAULT NULL,
  `SUSPENSION_STATE_` int(11) DEFAULT NULL,
  `TENANT_ID_` varchar(255) COLLATE utf8_bin DEFAULT '',
  PRIMARY KEY (`ID_`),
  UNIQUE KEY `ACT_UNIQ_PROCDEF` (`KEY_`,`VERSION_`,`TENANT_ID_`)
) ENGINE=InnoDB DEFAULT CHARSET=utf8 COLLATE=utf8_bin;

/*Data for the table `act_re_procdef` */

insert  into `act_re_procdef`(`ID_`,`REV_`,`CATEGORY_`,`NAME_`,`KEY_`,`VERSION_`,`DEPLOYMENT_ID_`,`RESOURCE_NAME_`,`DGRM_RESOURCE_NAME_`,`DESCRIPTION_`,`HAS_START_FORM_KEY_`,`HAS_GRAPHICAL_NOTATION_`,`SUSPENSION_STATE_`,`TENANT_ID_`) values ('LeaveBill:1:2509',1,'http://www.activiti.org/processdef','leaveBillProcess','LeaveBill',1,'2506','请假流程001.bpmn20.xml','请假流程001.LeaveBill.png',NULL,0,1,1,''),('LeaveBill:2:5005',1,'http://www.activiti.org/processdef','leaveBillProcess','LeaveBill',2,'5002','请假流程001.bpmn20.xml','请假流程001.LeaveBill.png',NULL,0,1,1,'');

/*Table structure for table `act_ru_event_subscr` */

DROP TABLE IF EXISTS `act_ru_event_subscr`;

CREATE TABLE `act_ru_event_subscr` (
  `ID_` varchar(64) COLLATE utf8_bin NOT NULL,
  `REV_` int(11) DEFAULT NULL,
  `EVENT_TYPE_` varchar(255) COLLATE utf8_bin NOT NULL,
  `EVENT_NAME_` varchar(255) COLLATE utf8_bin DEFAULT NULL,
  `EXECUTION_ID_` varchar(64) COLLATE utf8_bin DEFAULT NULL,
  `PROC_INST_ID_` varchar(64) COLLATE utf8_bin DEFAULT NULL,
  `ACTIVITY_ID_` varchar(64) COLLATE utf8_bin DEFAULT NULL,
  `CONFIGURATION_` varchar(255) COLLATE utf8_bin DEFAULT NULL,
  `CREATED_` timestamp(3) NOT NULL DEFAULT CURRENT_TIMESTAMP(3),
  `PROC_DEF_ID_` varchar(64) COLLATE utf8_bin DEFAULT NULL,
  `TENANT_ID_` varchar(255) COLLATE utf8_bin DEFAULT '',
  PRIMARY KEY (`ID_`),
  KEY `ACT_IDX_EVENT_SUBSCR_CONFIG_` (`CONFIGURATION_`),
  KEY `ACT_FK_EVENT_EXEC` (`EXECUTION_ID_`),
  CONSTRAINT `ACT_FK_EVENT_EXEC` FOREIGN KEY (`EXECUTION_ID_`) REFERENCES `act_ru_execution` (`ID_`)
) ENGINE=InnoDB DEFAULT CHARSET=utf8 COLLATE=utf8_bin;

/*Data for the table `act_ru_event_subscr` */

/*Table structure for table `act_ru_execution` */

DROP TABLE IF EXISTS `act_ru_execution`;

CREATE TABLE `act_ru_execution` (
  `ID_` varchar(64) COLLATE utf8_bin NOT NULL DEFAULT '',
  `REV_` int(11) DEFAULT NULL,
  `PROC_INST_ID_` varchar(64) COLLATE utf8_bin DEFAULT NULL,
  `BUSINESS_KEY_` varchar(255) COLLATE utf8_bin DEFAULT NULL,
  `PARENT_ID_` varchar(64) COLLATE utf8_bin DEFAULT NULL,
  `PROC_DEF_ID_` varchar(64) COLLATE utf8_bin DEFAULT NULL,
  `SUPER_EXEC_` varchar(64) COLLATE utf8_bin DEFAULT NULL,
  `ACT_ID_` varchar(255) COLLATE utf8_bin DEFAULT NULL,
  `IS_ACTIVE_` tinyint(4) DEFAULT NULL,
  `IS_CONCURRENT_` tinyint(4) DEFAULT NULL,
  `IS_SCOPE_` tinyint(4) DEFAULT NULL,
  `IS_EVENT_SCOPE_` tinyint(4) DEFAULT NULL,
  `SUSPENSION_STATE_` int(11) DEFAULT NULL,
  `CACHED_ENT_STATE_` int(11) DEFAULT NULL,
  `TENANT_ID_` varchar(255) COLLATE utf8_bin DEFAULT '',
  `NAME_` varchar(255) COLLATE utf8_bin DEFAULT NULL,
  `LOCK_TIME_` timestamp(3) NULL DEFAULT NULL,
  PRIMARY KEY (`ID_`),
  KEY `ACT_IDX_EXEC_BUSKEY` (`BUSINESS_KEY_`),
  KEY `ACT_FK_EXE_PROCINST` (`PROC_INST_ID_`),
  KEY `ACT_FK_EXE_PARENT` (`PARENT_ID_`),
  KEY `ACT_FK_EXE_SUPER` (`SUPER_EXEC_`),
  KEY `ACT_FK_EXE_PROCDEF` (`PROC_DEF_ID_`),
  CONSTRAINT `ACT_FK_EXE_PROCDEF` FOREIGN KEY (`PROC_DEF_ID_`) REFERENCES `act_re_procdef` (`ID_`),
  CONSTRAINT `ACT_FK_EXE_PARENT` FOREIGN KEY (`PARENT_ID_`) REFERENCES `act_ru_execution` (`ID_`),
  CONSTRAINT `ACT_FK_EXE_PROCINST` FOREIGN KEY (`PROC_INST_ID_`) REFERENCES `act_ru_execution` (`ID_`) ON DELETE CASCADE ON UPDATE CASCADE,
  CONSTRAINT `ACT_FK_EXE_SUPER` FOREIGN KEY (`SUPER_EXEC_`) REFERENCES `act_ru_execution` (`ID_`)
) ENGINE=InnoDB DEFAULT CHARSET=utf8 COLLATE=utf8_bin;

/*Data for the table `act_ru_execution` */

insert  into `act_ru_execution`(`ID_`,`REV_`,`PROC_INST_ID_`,`BUSINESS_KEY_`,`PARENT_ID_`,`PROC_DEF_ID_`,`SUPER_EXEC_`,`ACT_ID_`,`IS_ACTIVE_`,`IS_CONCURRENT_`,`IS_SCOPE_`,`IS_EVENT_SCOPE_`,`SUSPENSION_STATE_`,`CACHED_ENT_STATE_`,`TENANT_ID_`,`NAME_`,`LOCK_TIME_`) values ('2510',1,'2510','LeaveBill.2',NULL,'LeaveBill:1:2509',NULL,'sid-4C8CC60D-0FB7-434E-9F14-76DB0C080AEB',1,0,1,0,1,2,'',NULL,NULL),('5006',1,'5006','LeaveBill.3',NULL,'LeaveBill:2:5005',NULL,'sid-4C8CC60D-0FB7-434E-9F14-76DB0C080AEB',1,0,1,0,1,2,'',NULL,NULL);

/*Table structure for table `act_ru_identitylink` */

DROP TABLE IF EXISTS `act_ru_identitylink`;

CREATE TABLE `act_ru_identitylink` (
  `ID_` varchar(64) COLLATE utf8_bin NOT NULL DEFAULT '',
  `REV_` int(11) DEFAULT NULL,
  `GROUP_ID_` varchar(255) COLLATE utf8_bin DEFAULT NULL,
  `TYPE_` varchar(255) COLLATE utf8_bin DEFAULT NULL,
  `USER_ID_` varchar(255) COLLATE utf8_bin DEFAULT NULL,
  `TASK_ID_` varchar(64) COLLATE utf8_bin DEFAULT NULL,
  `PROC_INST_ID_` varchar(64) COLLATE utf8_bin DEFAULT NULL,
  `PROC_DEF_ID_` varchar(64) COLLATE utf8_bin DEFAULT NULL,
  PRIMARY KEY (`ID_`),
  KEY `ACT_IDX_IDENT_LNK_USER` (`USER_ID_`),
  KEY `ACT_IDX_IDENT_LNK_GROUP` (`GROUP_ID_`),
  KEY `ACT_IDX_ATHRZ_PROCEDEF` (`PROC_DEF_ID_`),
  KEY `ACT_FK_TSKASS_TASK` (`TASK_ID_`),
  KEY `ACT_FK_IDL_PROCINST` (`PROC_INST_ID_`),
  CONSTRAINT `ACT_FK_IDL_PROCINST` FOREIGN KEY (`PROC_INST_ID_`) REFERENCES `act_ru_execution` (`ID_`),
  CONSTRAINT `ACT_FK_ATHRZ_PROCEDEF` FOREIGN KEY (`PROC_DEF_ID_`) REFERENCES `act_re_procdef` (`ID_`),
  CONSTRAINT `ACT_FK_TSKASS_TASK` FOREIGN KEY (`TASK_ID_`) REFERENCES `act_ru_task` (`ID_`)
) ENGINE=InnoDB DEFAULT CHARSET=utf8 COLLATE=utf8_bin;

/*Data for the table `act_ru_identitylink` */

insert  into `act_ru_identitylink`(`ID_`,`REV_`,`GROUP_ID_`,`TYPE_`,`USER_ID_`,`TASK_ID_`,`PROC_INST_ID_`,`PROC_DEF_ID_`) values ('5012',1,NULL,'participant','admin',NULL,'5006',NULL);

/*Table structure for table `act_ru_job` */

DROP TABLE IF EXISTS `act_ru_job`;

CREATE TABLE `act_ru_job` (
  `ID_` varchar(64) COLLATE utf8_bin NOT NULL,
  `REV_` int(11) DEFAULT NULL,
  `TYPE_` varchar(255) COLLATE utf8_bin NOT NULL,
  `LOCK_EXP_TIME_` timestamp(3) NULL DEFAULT NULL,
  `LOCK_OWNER_` varchar(255) COLLATE utf8_bin DEFAULT NULL,
  `EXCLUSIVE_` tinyint(1) DEFAULT NULL,
  `EXECUTION_ID_` varchar(64) COLLATE utf8_bin DEFAULT NULL,
  `PROCESS_INSTANCE_ID_` varchar(64) COLLATE utf8_bin DEFAULT NULL,
  `PROC_DEF_ID_` varchar(64) COLLATE utf8_bin DEFAULT NULL,
  `RETRIES_` int(11) DEFAULT NULL,
  `EXCEPTION_STACK_ID_` varchar(64) COLLATE utf8_bin DEFAULT NULL,
  `EXCEPTION_MSG_` varchar(4000) COLLATE utf8_bin DEFAULT NULL,
  `DUEDATE_` timestamp(3) NULL DEFAULT NULL,
  `REPEAT_` varchar(255) COLLATE utf8_bin DEFAULT NULL,
  `HANDLER_TYPE_` varchar(255) COLLATE utf8_bin DEFAULT NULL,
  `HANDLER_CFG_` varchar(4000) COLLATE utf8_bin DEFAULT NULL,
  `TENANT_ID_` varchar(255) COLLATE utf8_bin DEFAULT '',
  PRIMARY KEY (`ID_`),
  KEY `ACT_FK_JOB_EXCEPTION` (`EXCEPTION_STACK_ID_`),
  CONSTRAINT `ACT_FK_JOB_EXCEPTION` FOREIGN KEY (`EXCEPTION_STACK_ID_`) REFERENCES `act_ge_bytearray` (`ID_`)
) ENGINE=InnoDB DEFAULT CHARSET=utf8 COLLATE=utf8_bin;

/*Data for the table `act_ru_job` */

/*Table structure for table `act_ru_task` */

DROP TABLE IF EXISTS `act_ru_task`;

CREATE TABLE `act_ru_task` (
  `ID_` varchar(64) COLLATE utf8_bin NOT NULL DEFAULT '',
  `REV_` int(11) DEFAULT NULL,
  `EXECUTION_ID_` varchar(64) COLLATE utf8_bin DEFAULT NULL,
  `PROC_INST_ID_` varchar(64) COLLATE utf8_bin DEFAULT NULL,
  `PROC_DEF_ID_` varchar(64) COLLATE utf8_bin DEFAULT NULL,
  `NAME_` varchar(255) COLLATE utf8_bin DEFAULT NULL,
  `PARENT_TASK_ID_` varchar(64) COLLATE utf8_bin DEFAULT NULL,
  `DESCRIPTION_` varchar(4000) COLLATE utf8_bin DEFAULT NULL,
  `TASK_DEF_KEY_` varchar(255) COLLATE utf8_bin DEFAULT NULL,
  `OWNER_` varchar(255) COLLATE utf8_bin DEFAULT NULL,
  `ASSIGNEE_` varchar(255) COLLATE utf8_bin DEFAULT NULL,
  `DELEGATION_` varchar(64) COLLATE utf8_bin DEFAULT NULL,
  `PRIORITY_` int(11) DEFAULT NULL,
  `CREATE_TIME_` timestamp(3) NULL DEFAULT NULL,
  `DUE_DATE_` datetime(3) DEFAULT NULL,
  `CATEGORY_` varchar(255) COLLATE utf8_bin DEFAULT NULL,
  `SUSPENSION_STATE_` int(11) DEFAULT NULL,
  `TENANT_ID_` varchar(255) COLLATE utf8_bin DEFAULT '',
  `FORM_KEY_` varchar(255) COLLATE utf8_bin DEFAULT NULL,
  PRIMARY KEY (`ID_`),
  KEY `ACT_IDX_TASK_CREATE` (`CREATE_TIME_`),
  KEY `ACT_FK_TASK_EXE` (`EXECUTION_ID_`),
  KEY `ACT_FK_TASK_PROCINST` (`PROC_INST_ID_`),
  KEY `ACT_FK_TASK_PROCDEF` (`PROC_DEF_ID_`),
  CONSTRAINT `ACT_FK_TASK_PROCDEF` FOREIGN KEY (`PROC_DEF_ID_`) REFERENCES `act_re_procdef` (`ID_`),
  CONSTRAINT `ACT_FK_TASK_EXE` FOREIGN KEY (`EXECUTION_ID_`) REFERENCES `act_ru_execution` (`ID_`),
  CONSTRAINT `ACT_FK_TASK_PROCINST` FOREIGN KEY (`PROC_INST_ID_`) REFERENCES `act_ru_execution` (`ID_`)
) ENGINE=InnoDB DEFAULT CHARSET=utf8 COLLATE=utf8_bin;

/*Data for the table `act_ru_task` */

insert  into `act_ru_task`(`ID_`,`REV_`,`EXECUTION_ID_`,`PROC_INST_ID_`,`PROC_DEF_ID_`,`NAME_`,`PARENT_TASK_ID_`,`DESCRIPTION_`,`TASK_DEF_KEY_`,`OWNER_`,`ASSIGNEE_`,`DELEGATION_`,`PRIORITY_`,`CREATE_TIME_`,`DUE_DATE_`,`CATEGORY_`,`SUSPENSION_STATE_`,`TENANT_ID_`,`FORM_KEY_`) values ('2515',1,'2510','2510','LeaveBill:1:2509','启动流程',NULL,NULL,'sid-4C8CC60D-0FB7-434E-9F14-76DB0C080AEB',NULL,'admin',NULL,50,'2016-11-22 22:45:09.968',NULL,NULL,1,'',NULL),('5011',1,'5006','5006','LeaveBill:2:5005','启动流程',NULL,NULL,'sid-4C8CC60D-0FB7-434E-9F14-76DB0C080AEB',NULL,'admin',NULL,50,'2016-11-22 23:10:59.781',NULL,NULL,1,'',NULL);

/*Table structure for table `act_ru_variable` */

DROP TABLE IF EXISTS `act_ru_variable`;

CREATE TABLE `act_ru_variable` (
  `ID_` varchar(64) COLLATE utf8_bin NOT NULL,
  `REV_` int(11) DEFAULT NULL,
  `TYPE_` varchar(255) COLLATE utf8_bin NOT NULL,
  `NAME_` varchar(255) COLLATE utf8_bin NOT NULL,
  `EXECUTION_ID_` varchar(64) COLLATE utf8_bin DEFAULT NULL,
  `PROC_INST_ID_` varchar(64) COLLATE utf8_bin DEFAULT NULL,
  `TASK_ID_` varchar(64) COLLATE utf8_bin DEFAULT NULL,
  `BYTEARRAY_ID_` varchar(64) COLLATE utf8_bin DEFAULT NULL,
  `DOUBLE_` double DEFAULT NULL,
  `LONG_` bigint(20) DEFAULT NULL,
  `TEXT_` varchar(4000) COLLATE utf8_bin DEFAULT NULL,
  `TEXT2_` varchar(4000) COLLATE utf8_bin DEFAULT NULL,
  PRIMARY KEY (`ID_`),
  KEY `ACT_IDX_VARIABLE_TASK_ID` (`TASK_ID_`),
  KEY `ACT_FK_VAR_EXE` (`EXECUTION_ID_`),
  KEY `ACT_FK_VAR_PROCINST` (`PROC_INST_ID_`),
  KEY `ACT_FK_VAR_BYTEARRAY` (`BYTEARRAY_ID_`),
  CONSTRAINT `ACT_FK_VAR_BYTEARRAY` FOREIGN KEY (`BYTEARRAY_ID_`) REFERENCES `act_ge_bytearray` (`ID_`),
  CONSTRAINT `ACT_FK_VAR_EXE` FOREIGN KEY (`EXECUTION_ID_`) REFERENCES `act_ru_execution` (`ID_`),
  CONSTRAINT `ACT_FK_VAR_PROCINST` FOREIGN KEY (`PROC_INST_ID_`) REFERENCES `act_ru_execution` (`ID_`)
) ENGINE=InnoDB DEFAULT CHARSET=utf8 COLLATE=utf8_bin;

/*Data for the table `act_ru_variable` */

insert  into `act_ru_variable`(`ID_`,`REV_`,`TYPE_`,`NAME_`,`EXECUTION_ID_`,`PROC_INST_ID_`,`TASK_ID_`,`BYTEARRAY_ID_`,`DOUBLE_`,`LONG_`,`TEXT_`,`TEXT2_`) values ('2512',1,'string','businessKey','2510','2510',NULL,NULL,NULL,NULL,'LeaveBill.2',NULL),('2513',1,'string','inputUser','2510','2510',NULL,NULL,NULL,NULL,'admin',NULL),('5008',1,'string','businessKey','5006','5006',NULL,NULL,NULL,NULL,'LeaveBill.3',NULL),('5009',1,'string','inputUser','5006','5006',NULL,NULL,NULL,NULL,'admin',NULL);

/*Table structure for table `leavebill` */

DROP TABLE IF EXISTS `leavebill`;

CREATE TABLE `leavebill` (
  `id` bigint(19) NOT NULL AUTO_INCREMENT COMMENT '主键id',
  `leaveDays` bigint(19) NOT NULL COMMENT '请假天数',
  `context` varchar(100) DEFAULT NULL COMMENT '请假内容',
  `leaveTime` datetime NOT NULL COMMENT '请假时间',
  `leavePeople` varchar(100) NOT NULL COMMENT '请假人userid',
  `remark` varchar(1000) DEFAULT NULL COMMENT '备注',
  `status` tinyint(2) NOT NULL DEFAULT '0' COMMENT '请假状态',
  `processInstanceId` varchar(64) DEFAULT NULL COMMENT '对应的流程实例ID',
  PRIMARY KEY (`id`)
) ENGINE=InnoDB AUTO_INCREMENT=4 DEFAULT CHARSET=utf8 COMMENT='请假表';

/*Data for the table `leavebill` */

insert  into `leavebill`(`id`,`leaveDays`,`context`,`leaveTime`,`leavePeople`,`remark`,`status`,`processInstanceId`) values (2,2,'12','2016-11-22 22:39:07','admin','12',1,'2510'),(3,3,'1','2016-11-22 23:10:52','admin','1',1,'5006');

/*Table structure for table `organization` */

DROP TABLE IF EXISTS `organization`;

CREATE TABLE `organization` (
  `id` bigint(19) NOT NULL AUTO_INCREMENT COMMENT '主键id',
  `name` varchar(64) NOT NULL COMMENT '组织名',
  `address` varchar(100) DEFAULT NULL COMMENT '地址',
  `code` varchar(64) NOT NULL COMMENT '编号',
  `icon` varchar(32) DEFAULT NULL COMMENT '图标',
  `pid` bigint(19) DEFAULT NULL COMMENT '父级主键',
  `seq` tinyint(2) NOT NULL DEFAULT '0' COMMENT '排序',
  `create_time` datetime NOT NULL COMMENT '创建时间',
  PRIMARY KEY (`id`)
) ENGINE=InnoDB AUTO_INCREMENT=7 DEFAULT CHARSET=utf8 COMMENT='组织机构';

/*Data for the table `organization` */

insert  into `organization`(`id`,`name`,`address`,`code`,`icon`,`pid`,`seq`,`create_time`) values (1,'总经办','','01','icon-company',NULL,0,'2014-02-19 01:00:00'),(3,'技术部','','02','icon-company',NULL,1,'2015-10-01 13:10:42'),(5,'产品部','','03','icon-company',NULL,2,'2015-12-06 12:15:30'),(6,'测试组','','04','icon-folder',3,0,'2015-12-06 13:12:18');

/*Table structure for table `process_type` */

DROP TABLE IF EXISTS `process_type`;

CREATE TABLE `process_type` (
  `id` bigint(19) NOT NULL AUTO_INCREMENT COMMENT '主键id',
  `code` varchar(100) DEFAULT NULL,
  `name` varchar(100) DEFAULT NULL,
  PRIMARY KEY (`id`)
) ENGINE=InnoDB AUTO_INCREMENT=11 DEFAULT CHARSET=utf8 COMMENT='流程类型表';

/*Data for the table `process_type` */

insert  into `process_type`(`id`,`code`,`name`) values (10,'LeaveBill','请假流程');

/*Table structure for table `resource` */

DROP TABLE IF EXISTS `resource`;

CREATE TABLE `resource` (
  `id` bigint(19) NOT NULL AUTO_INCREMENT COMMENT '主键',
  `name` varchar(64) NOT NULL COMMENT '资源名称',
  `url` varchar(100) DEFAULT NULL COMMENT '资源路径',
  `description` varchar(255) DEFAULT NULL COMMENT '资源介绍',
  `icon` varchar(32) DEFAULT NULL COMMENT '资源图标',
  `pid` bigint(19) DEFAULT NULL COMMENT '父级资源id',
  `seq` tinyint(2) NOT NULL DEFAULT '0' COMMENT '排序',
  `status` tinyint(2) NOT NULL DEFAULT '0' COMMENT '状态',
  `resource_type` tinyint(2) NOT NULL DEFAULT '0' COMMENT '资源类别',
  `create_time` datetime NOT NULL COMMENT '创建时间',
  PRIMARY KEY (`id`)
) ENGINE=InnoDB AUTO_INCREMENT=251 DEFAULT CHARSET=utf8 COMMENT='资源';

/*Data for the table `resource` */

insert  into `resource`(`id`,`name`,`url`,`description`,`icon`,`pid`,`seq`,`status`,`resource_type`,`create_time`) values (1,'系统管理','','系统管理','monitor-monitor',NULL,0,0,0,'2014-02-19 01:00:00'),(11,'资源管理','/resource/manager.do','资源管理','feed-feed',1,1,0,0,'2014-02-19 01:00:00'),(12,'角色管理','/role/manager.do','角色管理','group-group_gear',1,2,0,0,'2014-02-19 01:00:00'),(13,'用户管理','/user/manager.do','用户管理','icon-man',1,3,0,0,'2014-02-19 01:00:00'),(14,'部门管理','/organization/manager.do','部门管理','icon-tux',1,4,0,0,'2014-02-19 01:00:00'),(111,'列表','/resource/treeGrid.do','资源列表','icon-list',11,0,0,1,'2014-02-19 01:00:00'),(112,'添加','/resource/add.do','资源添加','icon-add',11,0,0,1,'2014-02-19 01:00:00'),(113,'编辑','/resource/edit.do','资源编辑','icon-edit',11,0,0,1,'2014-02-19 01:00:00'),(114,'删除','/resource/delete.do','资源删除','icon-del',11,0,0,1,'2014-02-19 01:00:00'),(121,'列表','/role/dataGrid.do','角色列表','icon-list',12,0,0,1,'2014-02-19 01:00:00'),(122,'添加','/role/add.do','角色添加','icon-add',12,0,0,1,'2014-02-19 01:00:00'),(123,'编辑','/role/edit.do','角色编辑','icon-edit',12,0,0,1,'2014-02-19 01:00:00'),(124,'删除','/role/delete.do','角色删除','icon-del',12,0,0,1,'2014-02-19 01:00:00'),(125,'授权','/role/grant.do','角色授权','icon-ok',12,0,0,1,'2014-02-19 01:00:00'),(131,'列表','/user/dataGrid.do','用户列表','icon-list',13,0,0,1,'2014-02-19 01:00:00'),(132,'添加','/user/add.do','用户添加','icon-add',13,0,0,1,'2014-02-19 01:00:00'),(133,'编辑','/user/edit.do','用户编辑','icon-edit',13,0,0,1,'2014-02-19 01:00:00'),(134,'删除','/user/delete.do','用户删除','icon-del',13,0,0,1,'2014-02-19 01:00:00'),(141,'列表','/organization/treeGrid.do','用户列表','icon-list',14,0,0,1,'2014-02-19 01:00:00'),(142,'添加','/organization/add.do','部门添加','icon-add',14,0,0,1,'2014-02-19 01:00:00'),(143,'编辑','/organization/edit.do','部门编辑','icon-edit',14,0,0,1,'2014-02-19 01:00:00'),(144,'删除','/organization/delete.do','部门删除','icon-del',14,0,0,1,'2014-02-19 01:00:00'),(221,'系统监控','',NULL,'monitor-monitor_edit',NULL,2,0,0,'2015-12-01 11:44:20'),(226,'修改密码','/user/editPwdPage.do',NULL,'icon-edit',NULL,3,0,1,'2015-12-07 20:23:06'),(227,'系统日志','/sysLog/manager.do',NULL,'icon-search',221,0,0,0,'2016-09-30 22:10:53'),(228,'Druid监控','/druid',NULL,'chart-chart_bar',221,0,0,0,'2016-09-30 22:12:50'),(229,'流程管理','',NULL,'flag-flag_blue',NULL,3,0,0,'2016-11-10 10:01:03'),(230,'部署管理','/workflow/deploymentList.do',NULL,'flag-flag_orange',229,2,0,0,'2016-11-10 10:02:16'),(232,'部署流程','/workflow/addDeployment.do',NULL,'icon-add',230,0,0,1,'2016-11-10 10:04:13'),(233,'删除','/workflow/deleteDeployment.do',NULL,'icon-del',230,1,0,1,'2016-11-10 10:05:50'),(234,'个人中心','',NULL,'user-user',NULL,4,0,0,'2016-11-14 12:34:33'),(235,'请假管理','/leave/manager.do',NULL,'clock-clock',234,0,0,0,'2016-11-14 12:37:34'),(236,'列表','/leave/dataGrid.do',NULL,'icon-list',235,0,0,1,'2016-11-14 12:38:26'),(237,' 添加','/leave/add.do',NULL,'icon-add',235,1,0,1,'2016-11-14 12:38:55'),(238,'编辑','/leave/edit.do',NULL,'icon-edit',235,2,0,1,'2016-11-14 12:39:30'),(239,'删除','/leave/delete.do',NULL,'icon-del',235,3,0,1,'2016-11-14 12:39:57'),(240,'流程设计','/workflowModel/manager.do',NULL,'flag-flag_green',229,1,0,0,'2016-11-15 11:18:02'),(241,'列表','/workflowModel/dataGrid.do',NULL,'icon-list',240,0,0,1,'2016-11-15 11:18:43'),(242,'添加','/workflowModel/add.do',NULL,'icon-add',240,1,0,1,'2016-11-15 11:19:09'),(243,'删除','/workflowModel/delete.do',NULL,'icon-del',240,3,0,1,'2016-11-15 11:19:49'),(244,'代办列表','/workflow/personTaskManager.do',NULL,'flag-flag_pink',229,3,0,0,'2016-11-18 10:04:06'),(245,'任务列表','/leave/personTaskList.do',NULL,'bell-bell',234,1,0,0,'2016-11-22 14:16:51'),(246,'类型管理','/processType/manager.do',NULL,'flag-flag_purple',229,0,0,0,'2016-11-22 19:47:08'),(247,'列表','/processType/dataGrid.do',NULL,'icon-list',246,0,0,1,'2016-11-22 19:47:40'),(248,'添加','/processType/add.do',NULL,'icon-add',246,1,0,1,'2016-11-22 19:48:04'),(249,'删除','/processType/delete.do',NULL,'icon-del',246,2,0,1,'2016-11-22 19:48:37'),(250,'修改','/processType/edit.do',NULL,'icon-edit',246,3,0,1,'2016-11-22 19:48:59');

/*Table structure for table `role` */

DROP TABLE IF EXISTS `role`;

CREATE TABLE `role` (
  `id` bigint(19) NOT NULL AUTO_INCREMENT COMMENT '主键id',
  `name` varchar(64) NOT NULL COMMENT '角色名',
  `seq` tinyint(2) NOT NULL DEFAULT '0' COMMENT '排序号',
  `description` varchar(255) DEFAULT NULL COMMENT '简介',
  `status` tinyint(2) NOT NULL DEFAULT '0' COMMENT '状态',
  PRIMARY KEY (`id`)
) ENGINE=InnoDB AUTO_INCREMENT=9 DEFAULT CHARSET=utf8 COMMENT='角色';

/*Data for the table `role` */

insert  into `role`(`id`,`name`,`seq`,`description`,`status`) values (1,'超级管理员',0,'超级管理员',0),(2,'技术部经理',0,'技术部经理',0),(7,'产品部经理',0,'产品部经理',0),(8,'测试账户',0,'测试账户',0);

/*Table structure for table `role_resource` */

DROP TABLE IF EXISTS `role_resource`;

CREATE TABLE `role_resource` (
  `id` bigint(19) NOT NULL AUTO_INCREMENT COMMENT '主键id',
  `role_id` bigint(19) NOT NULL COMMENT '角色id',
  `resource_id` bigint(19) NOT NULL COMMENT '资源id',
  PRIMARY KEY (`id`)
) ENGINE=InnoDB AUTO_INCREMENT=707 DEFAULT CHARSET=utf8 COMMENT='角色资源';

/*Data for the table `role_resource` */

insert  into `role_resource`(`id`,`role_id`,`resource_id`) values (158,3,1),(159,3,11),(160,3,111),(161,3,112),(162,3,113),(163,3,114),(164,3,12),(165,3,121),(166,3,122),(167,3,123),(168,3,124),(169,3,125),(170,3,13),(171,3,131),(172,3,132),(173,3,133),(174,3,134),(175,3,14),(176,3,141),(177,3,142),(178,3,143),(179,3,144),(359,7,1),(360,7,14),(361,7,141),(362,7,142),(363,7,143),(367,7,221),(368,7,226),(437,2,1),(438,2,13),(439,2,131),(440,2,132),(441,2,133),(445,2,221),(446,2,227),(447,2,228),(464,8,1),(465,8,11),(466,8,111),(467,8,112),(468,8,113),(469,8,114),(470,8,12),(471,8,121),(472,8,13),(473,8,131),(661,1,1),(662,1,11),(663,1,111),(664,1,112),(665,1,113),(666,1,114),(667,1,12),(668,1,121),(669,1,122),(670,1,123),(671,1,124),(672,1,125),(673,1,13),(674,1,131),(675,1,132),(676,1,133),(677,1,134),(678,1,14),(679,1,141),(680,1,142),(681,1,143),(682,1,144),(683,1,221),(684,1,227),(685,1,228),(686,1,229),(687,1,246),(688,1,247),(689,1,248),(690,1,249),(691,1,250),(692,1,240),(693,1,241),(694,1,242),(695,1,243),(696,1,230),(697,1,232),(698,1,233),(699,1,244),(700,1,234),(701,1,235),(702,1,236),(703,1,237),(704,1,238),(705,1,239),(706,1,245);

/*Table structure for table `sys_log` */

DROP TABLE IF EXISTS `sys_log`;

CREATE TABLE `sys_log` (
  `id` bigint(20) NOT NULL AUTO_INCREMENT COMMENT '主键id',
  `login_name` varchar(255) DEFAULT NULL COMMENT '登陆名',
  `role_name` varchar(255) DEFAULT NULL COMMENT '角色名',
  `opt_content` varchar(1024) DEFAULT NULL COMMENT '内容',
  `client_ip` varchar(255) DEFAULT NULL COMMENT '客户端ip',
  `create_time` datetime DEFAULT NULL COMMENT '创建时间',
  PRIMARY KEY (`id`)
) ENGINE=InnoDB AUTO_INCREMENT=491 DEFAULT CHARSET=utf8 COMMENT='系统日志';

/*Data for the table `sys_log` */

insert  into `sys_log`(`id`,`login_name`,`role_name`,`opt_content`,`client_ip`,`create_time`) values (406,'匿名用户','匿名用户','[请求地址]:-framework-login.do,[类名]:org.xiaojl.core.controller.FrameworkController,[方法]:loginPost,[参数]:username=admin&password=1&','0:0:0:0:0:0:0:1','2016-11-22 14:23:13'),(407,'匿名用户','匿名用户','[请求地址]:-framework-login.do,[类名]:org.xiaojl.core.controller.FrameworkController,[方法]:loginPost,[参数]:username=admin&password=1&','0:0:0:0:0:0:0:1','2016-11-22 14:27:41'),(408,'匿名用户','匿名用户','[请求地址]:-framework-login.do,[类名]:org.xiaojl.core.controller.FrameworkController,[方法]:loginPost,[参数]:username=admin&password=1&','0:0:0:0:0:0:0:1','2016-11-22 14:32:22'),(409,'匿名用户','匿名用户','[请求地址]:-framework-login.do,[类名]:org.xiaojl.core.controller.FrameworkController,[方法]:loginPost,[参数]:username=admin&password=1&','0:0:0:0:0:0:0:1','2016-11-22 14:53:28'),(410,'匿名用户','匿名用户','[请求地址]:-framework-login.do,[类名]:org.xiaojl.core.controller.FrameworkController,[方法]:loginPost,[参数]:username=admin&password=1&','0:0:0:0:0:0:0:1','2016-11-22 16:51:48'),(411,'匿名用户','匿名用户','[请求地址]:-framework-login.do,[类名]:org.xiaojl.core.controller.FrameworkController,[方法]:loginPost,[参数]:username=admin&password=1&','0:0:0:0:0:0:0:1','2016-11-22 17:11:03'),(412,'匿名用户','匿名用户','[请求地址]:-framework-login.do,[类名]:org.xiaojl.core.controller.FrameworkController,[方法]:loginPost,[参数]:username=keyu0203&password=1&','0:0:0:0:0:0:0:1','2016-11-22 17:20:43'),(413,'匿名用户','匿名用户','[请求地址]:-framework-login.do,[类名]:org.xiaojl.core.controller.FrameworkController,[方法]:loginPost,[参数]:username=admin&password=1&','0:0:0:0:0:0:0:1','2016-11-22 17:20:50'),(414,'匿名用户','匿名用户','[请求地址]:-framework-login.do,[类名]:org.xiaojl.core.controller.FrameworkController,[方法]:loginPost,[参数]:username=admin&password=1&','127.0.0.1','2016-11-22 19:34:22'),(415,'匿名用户','匿名用户','[请求地址]:-framework-login.do,[类名]:org.xiaojl.core.controller.FrameworkController,[方法]:loginPost,[参数]:username=admin&password=1&','127.0.0.1','2016-11-22 19:38:36'),(416,'匿名用户','匿名用户','[请求地址]:-framework-login.do,[类名]:org.xiaojl.core.controller.FrameworkController,[方法]:loginPost,[参数]:username=admin&password=1&','127.0.0.1','2016-11-22 19:39:41'),(417,'匿名用户','匿名用户','[请求地址]:-framework-login.do,[类名]:org.xiaojl.core.controller.FrameworkController,[方法]:loginPost,[参数]:username=admin&password=1&','127.0.0.1','2016-11-22 19:42:55'),(418,'admin','admin','[请求地址]:-workflowModel-addPage.do,[类名]:org.xiaojl.workflow.controller.WorkflowModelController,[方法]:addPage,[参数]:','127.0.0.1','2016-11-22 19:45:14'),(419,'admin','admin','[请求地址]:-resource-addPage.do,[类名]:org.xiaojl.core.controller.ResourceController,[方法]:addPage,[参数]:','127.0.0.1','2016-11-22 19:45:52'),(420,'admin','admin','[请求地址]:-resource-add.do,[类名]:org.xiaojl.core.controller.ResourceController,[方法]:add,[参数]:name=类型管理&resourceType=0&url=/processType/manager.do&seq=0&icon=flag-flag_purple&status=0&pid=229&','127.0.0.1','2016-11-22 19:47:08'),(421,'admin','admin','[请求地址]:-resource-addPage.do,[类名]:org.xiaojl.core.controller.ResourceController,[方法]:addPage,[参数]:','127.0.0.1','2016-11-22 19:47:10'),(422,'admin','admin','[请求地址]:-resource-add.do,[类名]:org.xiaojl.core.controller.ResourceController,[方法]:add,[参数]:name=列表&resourceType=1&url=/processType/dataGrid.do&seq=0&icon=icon-list&status=0&pid=246&','127.0.0.1','2016-11-22 19:47:40'),(423,'admin','admin','[请求地址]:-resource-addPage.do,[类名]:org.xiaojl.core.controller.ResourceController,[方法]:addPage,[参数]:','127.0.0.1','2016-11-22 19:47:42'),(424,'admin','admin','[请求地址]:-resource-add.do,[类名]:org.xiaojl.core.controller.ResourceController,[方法]:add,[参数]:name=添加&resourceType=1&url=/processType/add.do&seq=1&icon=icon-add&status=0&pid=246&','127.0.0.1','2016-11-22 19:48:04'),(425,'admin','admin','[请求地址]:-resource-addPage.do,[类名]:org.xiaojl.core.controller.ResourceController,[方法]:addPage,[参数]:','127.0.0.1','2016-11-22 19:48:06'),(426,'admin','admin','[请求地址]:-resource-add.do,[类名]:org.xiaojl.core.controller.ResourceController,[方法]:add,[参数]:name=删除&resourceType=1&url=/processType/delete.do&seq=2&icon=icon-del&status=0&pid=246&','127.0.0.1','2016-11-22 19:48:37'),(427,'admin','admin','[请求地址]:-resource-addPage.do,[类名]:org.xiaojl.core.controller.ResourceController,[方法]:addPage,[参数]:','127.0.0.1','2016-11-22 19:48:42'),(428,'admin','admin','[请求地址]:-resource-add.do,[类名]:org.xiaojl.core.controller.ResourceController,[方法]:add,[参数]:name=修改&resourceType=1&url=/processType/edit.do&seq=3&icon=icon-edit&status=0&pid=246&','127.0.0.1','2016-11-22 19:48:59'),(429,'admin','admin','[请求地址]:-resource-addPage.do,[类名]:org.xiaojl.core.controller.ResourceController,[方法]:addPage,[参数]:','127.0.0.1','2016-11-22 19:49:07'),(430,'admin','admin','[请求地址]:-resource-editPage.do,[类名]:org.xiaojl.core.controller.ResourceController,[方法]:editPage,[参数]:id=240&_=1479815044678&','127.0.0.1','2016-11-22 19:49:10'),(431,'admin','admin','[请求地址]:-resource-edit.do,[类名]:org.xiaojl.core.controller.ResourceController,[方法]:edit,[参数]:id=240&name=流程设计&resourceType=0&url=/workflowModel/manager.do&seq=1&icon=flag-flag_green&status=0&pid=229&','127.0.0.1','2016-11-22 19:49:13'),(432,'admin','admin','[请求地址]:-resource-editPage.do,[类名]:org.xiaojl.core.controller.ResourceController,[方法]:editPage,[参数]:id=230&_=1479815044679&','127.0.0.1','2016-11-22 19:49:20'),(433,'admin','admin','[请求地址]:-resource-edit.do,[类名]:org.xiaojl.core.controller.ResourceController,[方法]:edit,[参数]:id=230&name=部署管理&resourceType=0&url=/workflow/deploymentList.do&seq=2&icon=flag-flag_orange&status=0&pid=229&','127.0.0.1','2016-11-22 19:49:22'),(434,'admin','admin','[请求地址]:-resource-editPage.do,[类名]:org.xiaojl.core.controller.ResourceController,[方法]:editPage,[参数]:id=244&_=1479815044680&','127.0.0.1','2016-11-22 19:49:28'),(435,'admin','admin','[请求地址]:-resource-edit.do,[类名]:org.xiaojl.core.controller.ResourceController,[方法]:edit,[参数]:id=244&name=代办列表&resourceType=0&url=/workflow/personTaskManager.do&seq=3&icon=flag-flag_pink&status=0&pid=229&','127.0.0.1','2016-11-22 19:49:31'),(436,'admin','admin','[请求地址]:-role-grantPage.do,[类名]:org.xiaojl.core.controller.RoleController,[方法]:grantPage,[参数]:id=1&_=1479815044681&','127.0.0.1','2016-11-22 19:49:36'),(437,'admin','admin','[请求地址]:-role-grant.do,[类名]:org.xiaojl.core.controller.RoleController,[方法]:grant,[参数]:id=1&resourceIds=1,11,111,112,113,114,12,121,122,123,124,125,13,131,132,133,134,14,141,142,143,144,221,227,228,229,246,247,248,249,250,240,241,242,243,230,232,233,244,234,235,236,237,238,239,245&','127.0.0.1','2016-11-22 19:49:39'),(438,'admin','admin','[请求地址]:-framework-logout.do,[类名]:org.xiaojl.core.controller.FrameworkController,[方法]:logout,[参数]:','127.0.0.1','2016-11-22 19:50:00'),(439,'匿名用户','匿名用户','[请求地址]:-framework-login.do,[类名]:org.xiaojl.core.controller.FrameworkController,[方法]:loginPost,[参数]:username=admin&password=1&','127.0.0.1','2016-11-22 19:50:01'),(440,'匿名用户','匿名用户','[请求地址]:-framework-login.do,[类名]:org.xiaojl.core.controller.FrameworkController,[方法]:loginPost,[参数]:username=admin&password=1&','127.0.0.1','2016-11-22 19:52:15'),(441,'admin','admin','[请求地址]:-workflowModel-addPage.do,[类名]:org.xiaojl.workflow.controller.WorkflowModelController,[方法]:addPage,[参数]:','127.0.0.1','2016-11-22 19:55:08'),(442,'admin','admin','[请求地址]:-workflowModel-addPage.do,[类名]:org.xiaojl.workflow.controller.WorkflowModelController,[方法]:addPage,[参数]:','127.0.0.1','2016-11-22 20:04:32'),(443,'匿名用户','匿名用户','[请求地址]:-framework-login.do,[类名]:org.xiaojl.core.controller.FrameworkController,[方法]:loginPost,[参数]:username=admin&password=1&','127.0.0.1','2016-11-22 20:51:03'),(444,'admin','admin','[请求地址]:-processType-add.do,[类名]:org.xiaojl.workflow.controller.ProcessTypeController,[方法]:add,[参数]:code=1&name=1&','127.0.0.1','2016-11-22 20:51:14'),(445,'admin','admin','[请求地址]:-processType-add.do,[类名]:org.xiaojl.workflow.controller.ProcessTypeController,[方法]:add,[参数]:code=1&name=1&','127.0.0.1','2016-11-22 20:53:51'),(446,'admin','admin','[请求地址]:-processType-add.do,[类名]:org.xiaojl.workflow.controller.ProcessTypeController,[方法]:add,[参数]:code=1&name=1&','127.0.0.1','2016-11-22 20:54:43'),(447,'匿名用户','匿名用户','[请求地址]:-framework-login.do,[类名]:org.xiaojl.core.controller.FrameworkController,[方法]:loginPost,[参数]:username=admin&password=1&','127.0.0.1','2016-11-22 20:55:54'),(448,'admin','admin','[请求地址]:-processType-add.do,[类名]:org.xiaojl.workflow.controller.ProcessTypeController,[方法]:add,[参数]:code=2&name=2&','127.0.0.1','2016-11-22 20:56:11'),(449,'admin','admin','[请求地址]:-processType-delete.do,[类名]:org.xiaojl.workflow.controller.ProcessTypeController,[方法]:delete,[参数]:ids=&','127.0.0.1','2016-11-22 20:56:51'),(450,'admin','admin','[请求地址]:-processType-edit.do,[类名]:org.xiaojl.workflow.controller.ProcessTypeController,[方法]:edit,[参数]:id=7&code=11&name=11&','127.0.0.1','2016-11-22 21:05:20'),(451,'admin','admin','[请求地址]:-processType-edit.do,[类名]:org.xiaojl.workflow.controller.ProcessTypeController,[方法]:edit,[参数]:id=8&code=22&name=22&','127.0.0.1','2016-11-22 21:06:01'),(452,'admin','admin','[请求地址]:-processType-edit.do,[类名]:org.xiaojl.workflow.controller.ProcessTypeController,[方法]:edit,[参数]:id=7&code=112&name=112&','127.0.0.1','2016-11-22 21:09:38'),(453,'admin','admin','[请求地址]:-processType-edit.do,[类名]:org.xiaojl.workflow.controller.ProcessTypeController,[方法]:edit,[参数]:id=7&code=12&name=12&','127.0.0.1','2016-11-22 21:11:20'),(454,'admin','admin','[请求地址]:-processType-edit.do,[类名]:org.xiaojl.workflow.controller.ProcessTypeController,[方法]:edit,[参数]:id=7&code=123&name=12&','127.0.0.1','2016-11-22 21:11:46'),(455,'admin','admin','[请求地址]:-processType-edit.do,[类名]:org.xiaojl.workflow.controller.ProcessTypeController,[方法]:edit,[参数]:id=7&code=3&name=12&','127.0.0.1','2016-11-22 21:12:09'),(456,'admin','admin','[请求地址]:-processType-edit.do,[类名]:org.xiaojl.workflow.controller.ProcessTypeController,[方法]:edit,[参数]:id=7&code=123&name=122&','127.0.0.1','2016-11-22 21:12:56'),(457,'admin','admin','[请求地址]:-processType-add.do,[类名]:org.xiaojl.workflow.controller.ProcessTypeController,[方法]:add,[参数]:code=3&name=3&','127.0.0.1','2016-11-22 21:15:10'),(458,'admin','admin','[请求地址]:-processType-edit.do,[类名]:org.xiaojl.workflow.controller.ProcessTypeController,[方法]:edit,[参数]:id=7&code=1233&name=122&','127.0.0.1','2016-11-22 21:15:19'),(459,'admin','admin','[请求地址]:-processType-edit.do,[类名]:org.xiaojl.workflow.controller.ProcessTypeController,[方法]:edit,[参数]:id=8&code=2234&name=22&','127.0.0.1','2016-11-22 21:15:37'),(460,'admin','admin','[请求地址]:-processType-delete.do,[类名]:org.xiaojl.workflow.controller.ProcessTypeController,[方法]:delete,[参数]:ids=&','127.0.0.1','2016-11-22 21:16:45'),(461,'admin','admin','[请求地址]:-processType-delete.do,[类名]:org.xiaojl.workflow.controller.ProcessTypeController,[方法]:delete,[参数]:ids=8&','127.0.0.1','2016-11-22 21:18:01'),(462,'admin','admin','[请求地址]:-processType-delete.do,[类名]:org.xiaojl.workflow.controller.ProcessTypeController,[方法]:delete,[参数]:ids=7&','127.0.0.1','2016-11-22 21:24:10'),(463,'admin','admin','[请求地址]:-processType-delete.do,[类名]:org.xiaojl.workflow.controller.ProcessTypeController,[方法]:delete,[参数]:ids=9&','127.0.0.1','2016-11-22 21:24:12'),(464,'admin','admin','[请求地址]:-processType-add.do,[类名]:org.xiaojl.workflow.controller.ProcessTypeController,[方法]:add,[参数]:code=LeaveBill&name=请假流程&','127.0.0.1','2016-11-22 21:25:22'),(465,'admin','admin','[请求地址]:-workflowModel-addPage.do,[类名]:org.xiaojl.workflow.controller.WorkflowModelController,[方法]:addPage,[参数]:','127.0.0.1','2016-11-22 21:25:52'),(466,'admin','admin','[请求地址]:-workflowModel-addPage.do,[类名]:org.xiaojl.workflow.controller.WorkflowModelController,[方法]:addPage,[参数]:','127.0.0.1','2016-11-22 21:25:58'),(467,'匿名用户','匿名用户','[请求地址]:-framework-login.do,[类名]:org.xiaojl.core.controller.FrameworkController,[方法]:loginPost,[参数]:username=admin&password=1&','127.0.0.1','2016-11-22 21:45:27'),(468,'admin','admin','[请求地址]:-workflowModel-addPage.do,[类名]:org.xiaojl.workflow.controller.WorkflowModelController,[方法]:addPage,[参数]:','127.0.0.1','2016-11-22 21:45:31'),(469,'admin','admin','[请求地址]:-workflowModel-addPage.do,[类名]:org.xiaojl.workflow.controller.WorkflowModelController,[方法]:addPage,[参数]:','127.0.0.1','2016-11-22 21:46:11'),(470,'admin','admin','[请求地址]:-workflowModel-addPage.do,[类名]:org.xiaojl.workflow.controller.WorkflowModelController,[方法]:addPage,[参数]:','127.0.0.1','2016-11-22 21:47:22'),(471,'admin','admin','[请求地址]:-workflowModel-addPage.do,[类名]:org.xiaojl.workflow.controller.WorkflowModelController,[方法]:addPage,[参数]:','127.0.0.1','2016-11-22 21:47:47'),(472,'admin','admin','[请求地址]:-workflowModel-addPage.do,[类名]:org.xiaojl.workflow.controller.WorkflowModelController,[方法]:addPage,[参数]:','127.0.0.1','2016-11-22 21:48:25'),(473,'admin','admin','[请求地址]:-workflowModel-addPage.do,[类名]:org.xiaojl.workflow.controller.WorkflowModelController,[方法]:addPage,[参数]:','127.0.0.1','2016-11-22 21:49:12'),(474,'admin','admin','[请求地址]:-workflowModel-addPage.do,[类名]:org.xiaojl.workflow.controller.WorkflowModelController,[方法]:addPage,[参数]:','127.0.0.1','2016-11-22 21:49:38'),(475,'admin','admin','[请求地址]:-workflowModel-addPage.do,[类名]:org.xiaojl.workflow.controller.WorkflowModelController,[方法]:addPage,[参数]:','127.0.0.1','2016-11-22 21:50:11'),(476,'admin','admin','[请求地址]:-workflowModel-addPage.do,[类名]:org.xiaojl.workflow.controller.WorkflowModelController,[方法]:addPage,[参数]:','127.0.0.1','2016-11-22 21:52:09'),(477,'admin','admin','[请求地址]:-workflowModel-add.do,[类名]:org.xiaojl.workflow.controller.WorkflowModelController,[方法]:add,[参数]:name=12&key=12&category=LeaveBill&description=12&','127.0.0.1','2016-11-22 21:52:16'),(478,'匿名用户','匿名用户','[请求地址]:-framework-login.do,[类名]:org.xiaojl.core.controller.FrameworkController,[方法]:loginPost,[参数]:username=admin&password=1&','127.0.0.1','2016-11-22 22:08:11'),(479,'admin','admin','[请求地址]:-workflowModel-addPage.do,[类名]:org.xiaojl.workflow.controller.WorkflowModelController,[方法]:addPage,[参数]:','127.0.0.1','2016-11-22 22:10:54'),(480,'admin','admin','[请求地址]:-workflowModel-add.do,[类名]:org.xiaojl.workflow.controller.WorkflowModelController,[方法]:add,[参数]:name=请假流程001&key=请假流程001&category=LeaveBill&description=请假流程001&','127.0.0.1','2016-11-22 22:11:16'),(481,'匿名用户','匿名用户','[请求地址]:-framework-login.do,[类名]:org.xiaojl.core.controller.FrameworkController,[方法]:loginPost,[参数]:username=admin&password=1&','127.0.0.1','2016-11-22 22:13:50'),(482,'匿名用户','匿名用户','[请求地址]:-framework-login.do,[类名]:org.xiaojl.core.controller.FrameworkController,[方法]:loginPost,[参数]:username=admin&password=1&','127.0.0.1','2016-11-22 22:15:28'),(483,'匿名用户','匿名用户','[请求地址]:-framework-login.do,[类名]:org.xiaojl.core.controller.FrameworkController,[方法]:loginPost,[参数]:username=admin&password=1&','127.0.0.1','2016-11-22 22:16:35'),(484,'admin','admin','[请求地址]:-leave-addPage.do,[类名]:org.xiaojl.oa.controller.LeaveController,[方法]:addPage,[参数]:','127.0.0.1','2016-11-22 22:39:04'),(485,'admin','admin','[请求地址]:-leave-add.do,[类名]:org.xiaojl.oa.controller.LeaveController,[方法]:add,[参数]:leaveDays=2&leaveTime=2016-11-22 22:39:07&context=12&remark=12&','127.0.0.1','2016-11-22 22:39:13'),(486,'匿名用户','匿名用户','[请求地址]:-framework-login.do,[类名]:org.xiaojl.core.controller.FrameworkController,[方法]:loginPost,[参数]:username=admin&password=1&','127.0.0.1','2016-11-22 22:51:16'),(487,'admin','admin','[请求地址]:-workflow-deleteDeployment.do,[类名]:org.xiaojl.workflow.controller.WorkflowController,[方法]:deleteDeployment,[参数]:deploymentId=2502&','127.0.0.1','2016-11-22 23:02:39'),(488,'admin','admin','[请求地址]:-workflow-deleteDeployment.do,[类名]:org.xiaojl.workflow.controller.WorkflowController,[方法]:deleteDeployment,[参数]:deploymentId=2506&','127.0.0.1','2016-11-22 23:02:43'),(489,'admin','admin','[请求地址]:-leave-addPage.do,[类名]:org.xiaojl.oa.controller.LeaveController,[方法]:addPage,[参数]:','127.0.0.1','2016-11-22 23:10:49'),(490,'admin','admin','[请求地址]:-leave-add.do,[类名]:org.xiaojl.oa.controller.LeaveController,[方法]:add,[参数]:leaveDays=3&leaveTime=2016-11-22 23:10:52&context=1&remark=1&','127.0.0.1','2016-11-22 23:10:56');

/*Table structure for table `user` */

DROP TABLE IF EXISTS `user`;

CREATE TABLE `user` (
  `id` bigint(19) NOT NULL AUTO_INCREMENT COMMENT '主键id',
  `login_name` varchar(64) NOT NULL COMMENT '登陆名',
  `name` varchar(64) NOT NULL COMMENT '用户名',
  `password` varchar(64) NOT NULL COMMENT '密码',
  `sex` tinyint(2) NOT NULL DEFAULT '0' COMMENT '性别',
  `age` tinyint(2) DEFAULT '0' COMMENT '年龄',
  `phone` varchar(20) DEFAULT NULL COMMENT '手机号',
  `user_type` tinyint(2) NOT NULL DEFAULT '0' COMMENT '用户类别',
  `status` tinyint(2) NOT NULL DEFAULT '0' COMMENT '用户状态',
  `organization_id` int(11) NOT NULL DEFAULT '0' COMMENT '所属机构',
  `create_time` datetime NOT NULL COMMENT '创建时间',
  PRIMARY KEY (`id`)
) ENGINE=InnoDB AUTO_INCREMENT=16 DEFAULT CHARSET=utf8 COMMENT='用户';

/*Data for the table `user` */

insert  into `user`(`id`,`login_name`,`name`,`password`,`sex`,`age`,`phone`,`user_type`,`status`,`organization_id`,`create_time`) values (1,'admin','admin','c4ca4238a0b923820dcc509a6f75849b',0,25,'18707173376',0,0,1,'2015-12-06 13:14:05'),(13,'snoopy','snoopy','c4ca4238a0b923820dcc509a6f75849b',0,25,'18707173376',1,0,3,'2015-10-01 13:12:07'),(14,'dreamlu','dreamlu','098f6bcd4621d373cade4e832627b4f6',0,25,'18707173376',1,0,5,'2015-10-11 23:12:58'),(15,'test','test1','098f6bcd4621d373cade4e832627b4f6',0,25,'18707173376',1,0,6,'2015-12-06 13:13:03');

/*Table structure for table `user_role` */

DROP TABLE IF EXISTS `user_role`;

CREATE TABLE `user_role` (
  `id` bigint(19) NOT NULL AUTO_INCREMENT COMMENT '主键id',
  `user_id` bigint(19) NOT NULL COMMENT '用户id',
  `role_id` bigint(19) NOT NULL COMMENT '角色id',
  PRIMARY KEY (`id`)
) ENGINE=InnoDB AUTO_INCREMENT=71 DEFAULT CHARSET=utf8 COMMENT='用户角色';

/*Data for the table `user_role` */

insert  into `user_role`(`id`,`user_id`,`role_id`) values (64,14,7),(67,15,8),(68,1,1),(70,13,2);

/*!40101 SET SQL_MODE=@OLD_SQL_MODE */;
/*!40014 SET FOREIGN_KEY_CHECKS=@OLD_FOREIGN_KEY_CHECKS */;
/*!40014 SET UNIQUE_CHECKS=@OLD_UNIQUE_CHECKS */;
/*!40111 SET SQL_NOTES=@OLD_SQL_NOTES */;
