/*
Navicat MySQL Data Transfer

Source Server         : localhost
Source Server Version : 50703
Source Host           : localhost:3306
Source Database       : shiro

Target Server Type    : MYSQL
Target Server Version : 50703
File Encoding         : 65001

Date: 2016-11-18 17:06:34
*/

SET FOREIGN_KEY_CHECKS=0;

-- ----------------------------
-- Table structure for act_evt_log
-- ----------------------------
DROP TABLE IF EXISTS `act_evt_log`;
CREATE TABLE `act_evt_log` (
  `LOG_NR_` bigint(20) NOT NULL AUTO_INCREMENT,
  `TYPE_` varchar(64) COLLATE utf8_bin DEFAULT NULL,
  `PROC_DEF_ID_` varchar(64) COLLATE utf8_bin DEFAULT NULL,
  `PROC_INST_ID_` varchar(64) COLLATE utf8_bin DEFAULT NULL,
  `EXECUTION_ID_` varchar(64) COLLATE utf8_bin DEFAULT NULL,
  `TASK_ID_` varchar(64) COLLATE utf8_bin DEFAULT NULL,
  `TIME_STAMP_` timestamp(3) NOT NULL DEFAULT CURRENT_TIMESTAMP(3) ON UPDATE CURRENT_TIMESTAMP(3),
  `USER_ID_` varchar(255) COLLATE utf8_bin DEFAULT NULL,
  `DATA_` longblob,
  `LOCK_OWNER_` varchar(255) COLLATE utf8_bin DEFAULT NULL,
  `LOCK_TIME_` timestamp(3) NULL DEFAULT NULL,
  `IS_PROCESSED_` tinyint(4) DEFAULT '0',
  PRIMARY KEY (`LOG_NR_`)
) ENGINE=InnoDB DEFAULT CHARSET=utf8 COLLATE=utf8_bin;

-- ----------------------------
-- Records of act_evt_log
-- ----------------------------

-- ----------------------------
-- Table structure for act_ge_bytearray
-- ----------------------------
DROP TABLE IF EXISTS `act_ge_bytearray`;
CREATE TABLE `act_ge_bytearray` (
  `ID_` varchar(64) COLLATE utf8_bin NOT NULL,
  `REV_` int(11) DEFAULT NULL,
  `NAME_` varchar(255) COLLATE utf8_bin DEFAULT NULL,
  `DEPLOYMENT_ID_` varchar(64) COLLATE utf8_bin DEFAULT NULL,
  `BYTES_` longblob,
  `GENERATED_` tinyint(4) DEFAULT NULL,
  PRIMARY KEY (`ID_`),
  KEY `ACT_FK_BYTEARR_DEPL` (`DEPLOYMENT_ID_`),
  CONSTRAINT `ACT_FK_BYTEARR_DEPL` FOREIGN KEY (`DEPLOYMENT_ID_`) REFERENCES `act_re_deployment` (`ID_`)
) ENGINE=InnoDB DEFAULT CHARSET=utf8 COLLATE=utf8_bin;

-- ----------------------------
-- Records of act_ge_bytearray
-- ----------------------------
INSERT INTO `act_ge_bytearray` VALUES ('12504', '4', 'source', null, 0x65794A795A584E7664584A6A5A556C6B496A6F694D5449314D444D694C434A77636D39775A584A306157567A496A7037496E427962324E6C63334E66615751694F694A4D5A5746325A554A700D0A624777694C434A755957316C496A6F6954475668646D56436157787355484A765932567A63794973496D5276593356745A57353059585270623234694F6949694C434A77636D396A5A584E7A0D0A58324631644768766369493649694973496E427962324E6C63334E66646D567963326C766269493649694973496E427962324E6C63334E66626D46745A584E7759574E6C496A6F69614852300D0A63446F764C3364336479356859335270646D6C3061533576636D637663484A765932567A6332526C5A694973496D56345A574E3164476C76626D78706333526C626D567963794936496949730D0A496D56325A57353062476C7A644756755A584A7A496A6F694969776963326C6E626D46735A47566D6157357064476C76626E4D694F6949694C434A745A584E7A5957646C5A47566D615735700D0A64476C76626E4D694F694969665377696333526C626D4E706243493665794A705A434936496B4A51545535456157466E636D4674496E3073496D4E6F6157786B553268686347567A496A70620D0A65794A795A584E7664584A6A5A556C6B496A6F6963326C6B4C544642525452474D4441784C5459344E4451744E4441344E533143513051334C5451794E446C43526A42475245597A526949730D0A496E42796233426C636E52705A584D694F6E736962335A6C636E4A705A4756705A43493649694973496D3568625755694F694C6C7649446C703473694C434A6B62324E3162575675644746300D0A61573975496A6F69496977695A58686C593356306157397562476C7A644756755A584A7A496A6F69496977696157357064476C6864473979496A6F69496977695A6D39796257746C6557526C0D0A5A6D6C7561585270623234694F6949694C434A6D62334A7463484A766347567964476C6C6379493649694A394C434A7A6447567559326C73496A7037496D6C6B496A6F6955335268636E524F0D0A6232356C52585A6C626E5169665377695932687062475254614746775A584D694F6C74644C434A766458526E62326C755A79493657337369636D567A623356795932564A5A434936496E4E700D0A5A4331444E304A474E544A454D7930784D6B55304C545177526B45744F5546464E5330784D444534517A45314E44597A4E55596966563073496D4A766457356B6379493665794A736233646C0D0A636C4A705A326830496A7037496E67694F6A6B774C434A35496A6F794D7A56394C434A316348426C636B786C5A6E51694F6E7369654349364E6A4173496E6B694F6A49774E5831394C434A6B0D0A62324E725A584A7A496A70625858307365794A795A584E7664584A6A5A556C6B496A6F6963326C6B4C554D794D54597852455A464C5459354D7A51744E45464351533034516B49354C5468460D0A4E6A52444D5451304E45517852434973496E42796233426C636E52705A584D694F6E736962335A6C636E4A705A4756705A43493649694973496D3568625755694F694C6C6B4B2F6C69716A6C0D0A7271486D69626B694C434A6B62324E31625756756447463061573975496A6F694969776959584E35626D4E6F636D39756233567A5A47566D6157357064476C7662694936496D5A6862484E6C0D0A496977695A58686A6248567A61585A6C5A47566D6157357064476C7662694936496D5A6862484E6C496977695A58686C593356306157397562476C7A644756755A584A7A496A6F69496977690D0A6258567364476C70626E4E305957356A5A5639306558426C496A6F69546D39755A534973496D3131624852706157357A6447467559325666593246795A476C755957787064486B694F6949690D0A4C434A746457783061576C7563335268626D4E6C58324E766247786C59335270623234694F6949694C434A746457783061576C7563335268626D4E6C58335A68636D6C68596D786C496A6F690D0A496977696258567364476C70626E4E305957356A5A56396A6232356B61585270623234694F6949694C434A7063325A76636D4E766258426C626E4E6864476C7662694936496D5A6862484E6C0D0A4969776964584E6C636E52686332746863334E705A3235745A573530496A7037496D467A63326C6E626D316C626E51694F6E736959584E7A615764755A5755694F69496B65326C75634856300D0A56584E6C636E306966583073496D5A76636D31725A586C6B5A575A70626D6C3061573975496A6F69496977695A48566C5A4746305A57526C5A6D6C7561585270623234694F6949694C434A770D0A636D6C76636D6C306557526C5A6D6C7561585270623234694F6949694C434A6D62334A7463484A766347567964476C6C6379493649694973496E52686332747361584E305A57356C636E4D690D0A4F694969665377696333526C626D4E706243493665794A705A434936496C567A5A584A5559584E72496E3073496D4E6F6157786B553268686347567A496A706258537769623356305A3239700D0A626D63694F6C7437496E4A6C63323931636D4E6C535751694F694A7A615751744E6A4931526A56424D446B744D5467774D7930304F454A454C5545774E4441744D6A5645513052474E445A470D0A52446842496E31644C434A69623356755A484D694F6E7369624739335A584A536157646F6443493665794A34496A6F794D7A5573496E6B694F6A49324D483073496E5677634756795447566D0D0A6443493665794A34496A6F784D7A5573496E6B694F6A45344D4831394C434A6B62324E725A584A7A496A70625858307365794A795A584E7664584A6A5A556C6B496A6F6963326C6B4C554D330D0A516B59314D6B517A4C544579525451744E44424751533035515555314C5445774D5468444D5455304E6A4D3152694973496E42796233426C636E52705A584D694F6E736962335A6C636E4A700D0A5A4756705A43493649694973496D3568625755694F6949694C434A6B62324E31625756756447463061573975496A6F6949697769593239755A476C306157397563325678645756755932566D0D0A62473933496A6F69496977695A58686C593356306157397562476C7A644756755A584A7A496A6F69496977695A47566D5958567364475A73623363694F694A6D5957787A5A534973496E4E6F0D0A6233646B615746746232356B6257467961325679496A706D5957787A5A583073496E4E305A57356A615777694F6E7369615751694F694A545A5846315A57356A5A555A7362336369665377690D0A5932687062475254614746775A584D694F6C74644C434A766458526E62326C755A79493657337369636D567A623356795932564A5A434936496E4E705A4331444D6A45324D555247525330320D0A4F544D304C545242516B45744F454A434F53303452545930517A45304E4452454D55516966563073496D4A766457356B6379493665794A736233646C636C4A705A326830496A7037496E67690D0A4F6A457A4E4334784E5459794E537769655349364D6A497766537769645842775A584A4D5A575A30496A7037496E67694F6A6B774C6A59774F544D334E537769655349364D6A4977665830730D0A496D52765932746C636E4D694F6C7437496E67694F6A45314C434A35496A6F784E58307365794A34496A6F314D437769655349364E44423958537769644746795A325630496A7037496E4A6C0D0A63323931636D4E6C535751694F694A7A61575174517A49784E6A4645526B55744E6A6B7A4E43303051554A424C546843516A6B744F4555324E454D784E44513052444645496E31394C4873690D0A636D567A623356795932564A5A434936496E4E705A433032524468444F5451794D793033517A63334C5452454E3049744F5467304F43314651546330524455344E6A5A474E6A59694C434A770D0A636D39775A584A306157567A496A7037496D39325A584A796157526C615751694F6949694C434A755957316C496A6F69353775503535434735613668356F6D35496977695A47396A6457316C0D0A626E526864476C766269493649694973496D467A6557356A61484A76626D39316332526C5A6D6C7561585270623234694F694A6D5957787A5A534973496D56345932783163326C325A57526C0D0A5A6D6C7561585270623234694F694A6D5957787A5A534973496D56345A574E3164476C76626D78706333526C626D56796379493665794A6C6547566A645852706232354D61584E305A57356C0D0A636E4D694F6C7437496D56325A573530496A6F6963335268636E51694C434A70625842735A57316C626E526864476C7662694936496D39795A79353461574676616D77756232457562476C7A0D0A644756755A58497554475668646D565559584E7254476C7A644756755A5849694C434A6A6247467A63303568625755694F694A76636D637565476C68623270734C6D39684C6D78706333526C0D0A626D56794C6B786C59585A6C5647467A613078706333526C626D5679496977695A586877636D567A63326C766269493649694973496D526C6247566E5958526C52586877636D567A63326C760D0A6269493649694A3958583073496D3131624852706157357A644746755932566664486C775A534936496B3576626D55694C434A746457783061576C7563335268626D4E6C58324E68636D52700D0A626D467361585235496A6F69496977696258567364476C70626E4E305957356A5A56396A623278735A574E3061573975496A6F69496977696258567364476C70626E4E305957356A5A5639320D0A59584A7059574A735A53493649694973496D3131624852706157357A6447467559325666593239755A476C3061573975496A6F694969776961584E6D62334A6A623231775A57357A595852700D0A623234694F694A6D5957787A5A534973496E567A5A584A3059584E7259584E7A61576475625756756443493649694973496D5A76636D31725A586C6B5A575A70626D6C3061573975496A6F690D0A496977695A48566C5A4746305A57526C5A6D6C7561585270623234694F6949694C434A77636D6C76636D6C306557526C5A6D6C7561585270623234694F6949694C434A6D62334A7463484A760D0A6347567964476C6C6379493649694973496E52686332747361584E305A57356C636E4D694F694969665377696333526C626D4E706243493665794A705A434936496C567A5A584A5559584E720D0A496E3073496D4E6F6157786B553268686347567A496A706258537769623356305A323970626D63694F6C7437496E4A6C63323931636D4E6C535751694F694A7A615751745154637A526A49790D0A4D554974526B453052533030526B45784C546C43515559744D45457851305A464E6B4D344D555645496E31644C434A69623356755A484D694F6E7369624739335A584A536157646F644349360D0A65794A34496A6F7A4E7A4173496E6B694F6A49324D483073496E5677634756795447566D6443493665794A34496A6F794E7A4173496E6B694F6A45344D4831394C434A6B62324E725A584A7A0D0A496A70625858307365794A795A584E7664584A6A5A556C6B496A6F6963326C6B4C5459794E555931515441354C5445344D444D744E446843524331424D4451774C54493152454E45526A51320D0A526B513451534973496E42796233426C636E52705A584D694F6E736962335A6C636E4A705A4756705A43493649694973496D3568625755694F6949694C434A6B62324E3162575675644746300D0A61573975496A6F6949697769593239755A476C306157397563325678645756755932566D62473933496A6F69496977695A58686C593356306157397562476C7A644756755A584A7A496A6F690D0A496977695A47566D5958567364475A73623363694F694A6D5957787A5A534A394C434A7A6447567559326C73496A7037496D6C6B496A6F6955325678645756755932564762473933496E30730D0A496D4E6F6157786B553268686347567A496A706258537769623356305A323970626D63694F6C7437496E4A6C63323931636D4E6C535751694F694A7A615751744E6B5134517A6B304D6A4D740D0A4E304D334E793030524464434C546B344E446774525545334E4551314F445932526A5932496E31644C434A69623356755A484D694F6E7369624739335A584A536157646F6443493665794A340D0A496A6F794E6A6B754E4449354E6A67334E537769655349364D6A497766537769645842775A584A4D5A575A30496A7037496E67694F6A497A4E5334314E7A417A4D5449314C434A35496A6F790D0A4D6A4239665377695A47396A613256796379493657337369654349364E544173496E6B694F6A517766537837496E67694F6A55774C434A35496A6F304D4831644C434A3059584A6E5A5851690D0A4F6E7369636D567A623356795932564A5A434936496E4E705A433032524468444F5451794D793033517A63334C5452454E3049744F5467304F43314651546330524455344E6A5A474E6A59690D0A6658307365794A795A584E7664584A6A5A556C6B496A6F6963326C6B4C5468464F445646524456444C5452434D5555744E4559304D5330344F4456444C544E454D7A41325130497A4E6B49330D0A51694973496E42796233426C636E52705A584D694F6E736962335A6C636E4A705A4756705A43493649694973496D3568625755694F694C6D674C766E75342F6E6B49626C7271486D69626B690D0A4C434A6B62324E31625756756447463061573975496A6F694969776959584E35626D4E6F636D39756233567A5A47566D6157357064476C7662694936496D5A6862484E6C496977695A58686A0D0A6248567A61585A6C5A47566D6157357064476C7662694936496D5A6862484E6C496977695A58686C593356306157397562476C7A644756755A584A7A496A7037496D56345A574E3164476C760D0A626B78706333526C626D567963794936573373695A585A6C626E51694F694A7A6447467964434973496D6C746347786C625756756447463061573975496A6F6962334A6E4C6E6870595739710D0A624335765953357361584E305A57356C6369354D5A5746325A5652686332744D61584E305A57356C63694973496D4E7359584E7A546D46745A534936496D39795A79353461574676616D77750D0A6232457562476C7A644756755A58497554475668646D565559584E7254476C7A644756755A5849694C434A6C654842795A584E7A61573975496A6F69496977695A4756735A576468644756460D0A654842795A584E7A61573975496A6F69496E3164665377696258567364476C70626E4E305957356A5A5639306558426C496A6F69546D39755A534973496D3131624852706157357A644746750D0A59325666593246795A476C755957787064486B694F6949694C434A746457783061576C7563335268626D4E6C58324E766247786C59335270623234694F6949694C434A746457783061576C750D0A63335268626D4E6C58335A68636D6C68596D786C496A6F69496977696258567364476C70626E4E305957356A5A56396A6232356B61585270623234694F6949694C434A7063325A76636D4E760D0A6258426C626E4E6864476C7662694936496D5A6862484E6C4969776964584E6C636E52686332746863334E705A3235745A573530496A6F69496977695A6D39796257746C6557526C5A6D6C750D0A61585270623234694F6949694C434A6B6457566B5958526C5A47566D6157357064476C766269493649694973496E427961573979615852355A47566D6157357064476C7662694936496949730D0A496D5A76636D3177636D39775A584A306157567A496A6F69496977696447467A613278706333526C626D56796379493649694A394C434A7A6447567559326C73496A7037496D6C6B496A6F690D0A56584E6C636C526863327369665377695932687062475254614746775A584D694F6C74644C434A766458526E62326C755A79493657337369636D567A623356795932564A5A434936496E4E700D0A5A4331444F5463774E54517A51693146525555324C545247526B5974515551355153314552445135516A5A464F5556445154556966563073496D4A766457356B6379493665794A736233646C0D0A636C4A705A326830496A7037496E67694F6A55794D437769655349364D6A597766537769645842775A584A4D5A575A30496A7037496E67694F6A51794D437769655349364D546777665830730D0A496D52765932746C636E4D694F6C746466537837496E4A6C63323931636D4E6C535751694F694A7A615751745154637A526A49794D554974526B453052533030526B45784C546C43515559740D0A4D45457851305A464E6B4D344D5556454969776963484A766347567964476C6C6379493665794A76646D5679636D6C6B5A576C6B496A6F6949697769626D46745A53493649694973496D52760D0A593356745A57353059585270623234694F6949694C434A6A6232356B615852706232357A5A5846315A57356A5A575A73623363694F6949694C434A6C6547566A645852706232357361584E300D0A5A57356C636E4D694F6949694C434A6B5A575A68645778305A6D787664794936496D5A6862484E6C496E3073496E4E305A57356A615777694F6E7369615751694F694A545A5846315A57356A0D0A5A555A7362336369665377695932687062475254614746775A584D694F6C74644C434A766458526E62326C755A79493657337369636D567A623356795932564A5A434936496E4E705A4330340D0A525467315255513151793030516A46464C5452474E4445744F4467315179307A52444D774E6B4E434D7A5A434E30496966563073496D4A766457356B6379493665794A736233646C636C4A700D0A5A326830496A7037496E67694F6A51784F5334334F4445794E537769655349364D6A497766537769645842775A584A4D5A575A30496A7037496E67694F6A4D334D4334794D5467334E5377690D0A655349364D6A497766583073496D52765932746C636E4D694F6C7437496E67694F6A55774C434A35496A6F304D48307365794A34496A6F314D437769655349364E44423958537769644746790D0A5A325630496A7037496E4A6C63323931636D4E6C535751694F694A7A615751744F4555344E5556454E554D744E45497852533030526A51784C5467344E554D744D30517A4D445A44516A4D320D0A516A6443496E31394C487369636D567A623356795932564A5A434936496E4E705A4331434E54497A516B51794D4330344D554E424C5451784E6B517451546334517930314E6A51794E4555300D0A4E444D32516A45694C434A77636D39775A584A306157567A496A7037496D39325A584A796157526C615751694F6949694C434A755957316C496A6F693537755435703266496977695A47396A0D0A6457316C626E526864476C766269493649694973496D56345A574E3164476C76626D78706333526C626D56796379493649694A394C434A7A6447567559326C73496A7037496D6C6B496A6F690D0A5257356B546D39755A5556325A573530496E3073496D4E6F6157786B553268686347567A496A706258537769623356305A323970626D63694F6C74644C434A69623356755A484D694F6E73690D0A624739335A584A536157646F6443493665794A34496A6F314F546773496E6B694F6A497A4E483073496E5677634756795447566D6443493665794A34496A6F314E7A4173496E6B694F6A49770D0A4E6E31394C434A6B62324E725A584A7A496A70625858307365794A795A584E7664584A6A5A556C6B496A6F6963326C6B4C554D354E7A41314E444E434C555646525459744E455A47526931420D0A52446C424C5552454E446C434E6B553552554E424E534973496E42796233426C636E52705A584D694F6E736962335A6C636E4A705A4756705A43493649694973496D3568625755694F6949690D0A4C434A6B62324E31625756756447463061573975496A6F6949697769593239755A476C306157397563325678645756755932566D62473933496A6F69496977695A58686C59335630615739750D0A62476C7A644756755A584A7A496A6F69496977695A47566D5958567364475A73623363694F694A6D5957787A5A534A394C434A7A6447567559326C73496A7037496D6C6B496A6F69553256780D0A645756755932564762473933496E3073496D4E6F6157786B553268686347567A496A706258537769623356305A323970626D63694F6C7437496E4A6C63323931636D4E6C535751694F694A7A0D0A61575174516A55794D304A454D6A41744F444644515330304D545A454C5545334F454D744E5459304D6A52464E44517A4E6B4978496E31644C434A69623356755A484D694F6E7369624739330D0A5A584A536157646F6443493665794A34496A6F314E6A6B754E6A51774E6A49314C434A35496A6F794D6A42394C434A316348426C636B786C5A6E51694F6E7369654349364E5449774C6A67330D0A4E537769655349364D6A497766583073496D52765932746C636E4D694F6C7437496E67694F6A55774C434A35496A6F304D48307365794A34496A6F784E437769655349364D545239585377690D0A644746795A325630496A7037496E4A6C63323931636D4E6C535751694F694A7A61575174516A55794D304A454D6A41744F444644515330304D545A454C5545334F454D744E5459304D6A52460D0A4E44517A4E6B4978496E313958537769596D3931626D527A496A7037496D787664325679556D6C6E614851694F6E7369654349364D5449774D437769655349364D5441314D483073496E56770D0A634756795447566D6443493665794A34496A6F774C434A35496A6F7766583073496E4E305A57356A6157787A5A5851694F6E736964584A73496A6F696333526C626D4E7062484E6C64484D760D0A596E4274626A49754D433969634731754D6934774C6D707A623234694C434A755957316C63334268593255694F694A6F644852774F693876596A4E7462693576636D63766333526C626D4E700D0A62484E6C64433969634731754D69347749794A394C434A7A633256346447567563326C76626E4D694F6C746466513D3D, null);
INSERT INTO `act_ge_bytearray` VALUES ('12505', '3', 'source-extra', null, 0x89504E470D0A1A0A0000000D4948445200000288000001360806000000E2616322000000206348524D00007A26000080840000FA00000080E8000075300000EA6000003A98000017709CBA513C0000000467414D410000B18E7CFB5193000000017352474200AECE1CE900000006624B474400FF00FF00FFA0BDA793000000097048597300000EC400000EC401952B0E1B00001DF54944415478DAEDDD0B985555DD30F0CD30DC44400994CC544C132B05FB522BC9C8544A7DD54A5F40D1EC2659F996F6E62DF333D3A43EB2AB9A17F212045E502BF382BE8949661ADEE0C92F4D415440E57E1D2E33F3AEFF9973C6C3C0200A3373CE99DFEF79D6732EEC33CCECFD3F6BFDD7DA6BAF9D65000000000000000000000000000000000000000000000000000000000000000000000000000000000000000000000000000000000000000000000000000000000000000000000000000000000000000000000000000000000000000000000000000000000000000000000000000000000000000000000000000000000000000000000000000000000000000000000000000000000000000000000000000000000000000000000000000000000000000000000000000000000000000000000000000000000000000000000000000000000000000000000000000000000000000000000000000000000000000000000000000000000000000000000000000000000000000000000000000000000000000000000000000000000000000000000000000000000000000000000000000000000000000000000000000000000000000000000000000000000000000000000000000000000000000000000000000000000000000000000000000000000000000000000000000000000000000000000000000000000000000000000000000000000000000000000000000000000000000000000000000000000000000000000000000000000000000000000000000000000000000034D5C12EE0ADA8AFAFEF3A73E6CC6F2C5FBE7CE4CA952BF75AB16245D7BABA3A3B664BBF881D3AD477E9D26541E7CE9D1F5DBB76ED98C183073F2036A894D81057E20A0922152C55D25F9D3F7FFE4F6A6A6AB6E9D7AF5FD6AB57AFAC478F1E595555959DB385A2C14B0D60B674E9D26CDEBC796B6A6B6B9F59B56AD5C8A14387CE101B62A39C63435C892B248854B0D9B367DFF1C20B2F1CB3CB2EBB643BEDB453F43EED94163467CE9C6CD6AC59ABEAEBEB471C72C821BF171B94636C882B7145F9EA6817B03915752AC7ECBDF7DE59DFBE7D55D4AD2046497AF7EEDDE9B5D75E3B72E4C891D36FBCF1C667C506E5141BE24A5C2141A482C5299ED4ABFC7654D43D7BF6DCE0DF572F7F359BF7CFDBB379CFFC3E9B3FF3816CE5A2995997EE3B64D55D7ADA795BA873E7CE51617799376FDE11279E78E29FC68D1BF79AD8A01C62435C892BCA9F891C342B2687C7FC9F38C5D35C45FDD2E3BFC996CFFF575657BB26ABAF5B97AD5CF87C367BDAD8AC66E92B76E056D0BD7BF76CB7DD76ABEBD8B1E32FC406E5101BE24A5C2141A4C2C5958331393CE6FF6CCCC2171FCAD6AD59B1C1FB5171CF9F39C50EDC4A76DE79E7DED5D5D57BDE77DF7D1F161B947A6C882B718504910A17CB4AC49583CDCDFF59B5891E7BF4F4D97A76D8618779E9E1736283528F0D7125AE902052E162CDB15856A239F5B56B9BFF70BD75CAB6A63E7DFABC2B3D0C111B947A6C882B714565A8B60B684E2C481B57B6D1F6D27178677AE82B3628F5D81057E28ACA60049166C542AA16A42D912F6AC371A8161B947A6C882B7185049176AE53B7ED9BFDB7EA2E4601C486D8405C81049176A7F72E1FCDAA3B77DFE0FD8E9DBA65BD771D6C07890DB181B8020922EDCDB67DF7CEBAF7D96BA3EFF7D8E1FD7690D8101B882B9020D21ED5AE5DB5C17BEB562FB363101B882B9020D2DEAC59F17AEEEE05CB5F7F66837F5BB1E0B96CF63FAEC96D83D8101B882B9020D20E2C99F378AAA8AFCDDD03B5392B17BF98CD7AF4CA6CD1EC87B37AEB93890DB181B882B2E21276DE520FFED567EFCAF5D63747DCFE2AB65F967AFC3BBCF788AC6B6E592DC486D8405C41A93382C8668BDEF9E656D4EBF5EC53AFFFC5C7AEB203C586D8405C8104914A13BDF3B7ABBE6E9D1D2836C406E20ACA8453CC6CB601875E6C2720361057D00E18410400408208008004110000092200006F878B5436A2BEBEBEEBF4E9D33FFFC4134F9C3077EEDC4173E6CCD966E9D2A5D5353535597575757D8F1E3DD6F6EEDDFB959E3D7B3E9C36FFC1D9679FFD2F7B0D00CAD389279EB8F3BA75EB8EEDD0A1C3C7D3CB41A9F44B65DB546A529997F28227D3BFFDB563C78E13C78F1FFFB204B11D2686B7DD76DBD5175F7CF188050B1654EFBDF7DED9902143B277BFFBDD594A08B3AE5DBB662949ECB06CD9B2CE2FBDF452FF193366F47FFCF1C74F38E38C3366AF58B1E2E2ABAFBEFA5A7B1100CAC38811238E4D0F5FAFABAB3B3825809D37B249D754764BFFB65B7A3CB6B6B6F6FF0D1F3E7C4A7A3D76C28409E32488EDC0238F3CF2C54B2EB9E48A254B967449073F1B387060967A0A1B464A4A12A3F4EDDB37FBE0073F989D7CF2C91D9E7AEAA95D274E9CF8EB51A3467D7BE1C285FF71CB2DB7FCDB1E0580D294DAF948FA7E5D5F5F3FF46D7C7C48FADC90F43346A584F10B95DAE6B7FB04311DE4EA3FFCE10F93AFBFFEFA4F1C79E491D9A73FFDE98D26869B12C9642A1DEFBDF7DE0137DF7CF3D3A79E7AEA7F194D0480D2336CD8B0E155555557D4D5D56D5F782FDAFD0F7CE003D981071E98EDB1C71ED976DB6D97F5E8D1235BB97265B678F1E26CD6AC59D9A38F3E9A3DFEF8E3D9DAB56B0B1F1B9C3EF7C48811234EABC4D1C4769D204672F8E0830F3E7CFFFDF7EF7FE69967667BEEB9E716FDBCA143876603060CE8367AF4E85F7CF9CB5FEE72EDB5D75EEEAB080025931C1E9592C3712939EC58480C6360E8F0C30FCF9D196C6A9B6DB6C9959D76DA29FBE8473F9A4B16FFF4A73F6577DF7D77565B5B1B9B6C9B7289DFA624B16B4A122B6A60A85D5FC51C238793264DDAFF7BDFFBDE16278705BBEEBA6B76D14517754B01383A05CC485F47002889E430460EEF48095D2E398CA4EFD24B2F8D0B54369A1C6E4C8C2CC6F6F1B9B83EA120FDCC6B2AADCD6FB70962CC394C3D804F9C7EFAE99B1D189B2B7EDE79E79DB76DA74E9D7E99026680AF2500B49D9873D8B163C72B0AC9E15E7BED955D78E185EB25796F457C2E3EBFCF3EFB1427895756529BDF2E13C4B85A79F2E4C957C69CC3AD3572D8548C24A6DE4A97D45BB9CE571300DA30D9A9AABAB630E730460EBFFDED6FE7E6186E8938F5FCAD6F7DAB38C98CD3CDD74810CBD81D77DC313696AA8939832DE988238EE8D6AB57AFFE4E350340DB88A56C5272F8C9781E730E23A9DBD2E4B038498C33914517B70EAE9436BFDD2588317A3863C68CFF8CA56C3A75EAD4E2FFDFA851A3B64F3D97AFB7C5DF9AFEC6F3E38B3164C810CB1921361057B4D7B86A6C83E38294B77B5AB939F1F38E3AEAA8E23C639404B10CC51D525E7BEDB5EA589AA635ECBBEFBE9DBB74E9D23FE63FB4C19FFB8314A8B7EFB8E38E8BD2FF1F57597DEAF8E38FDFB61C8ED3830F3E98FDE52F7F79CB9F7BE49147B2E79E7BEE4DB7BBE1861BB275EBD66D729B6BAFBD367BE6996772CF9F7AEAA9C6F767CF9E5D095F855C6CF4EBD76FF1B061C3C6957A6CCC9B372FFBC73FFEB1C1FB710C5F7FFDF5B7FCF3D6AC5923365AB6CE599AEA9C49A514573367CECC52DDDFF87AC28409D9F3CF3F2FDECA2BAE96A4B8BAE9ADC455DC21253D7C229E17AE586E099FFAD4A78A079D06B7519B2F41DC1271FBBCE616C16E29FBECB3CFBCF4705C5BFDCD1D3A74882FD2C8F405BBBBAAAAEAA5F4E5BA21BE60A79C724AD7523A362FBFFCC6DD8B3EF6B18F6593264D6A7C1DEB4F155BBE7C796389EDA2420F51E1BFF4D24B9BFCD921163B7FF8E18737B94DEA4C34F634CF38E38CC64AFEE4934FCEEAEAEA2AE52BD13DC5C789111BE93BF14AAAD46E2CC5D818376E5CF6E28B2FE6F6FB6F7FFBDBECAEBBEECAEEB9E79EDCB1B8FDF6DB1BB75BB06041F6E73FFF3957EEBCF3CE5CE3FBCD6F7E33B7ED2F7FF9CB58B9201B3F7E7C76D96597898D96AD73BAA587CFE6E36A6E8AA99BDB3AAEFAF7EF9FBBFA34EA8C1031F29EF7BC47BC95575C6D931EFEB328AE26BC595CC5EDF30A17A644DB1F77456B09717573DC3CA3C871E5BEBFDBDD6980B8B772DC3EAF351D78E081DBFDFDEF7F8FFB3B8E29812FD876E9CB7272D42D353535ABA23796DEFB7DDA2F774E9932655D5BFE6EF7DD775FF6EAABAF6683060DCABD8E9E5E54B461CC9831317734DB76DB864EE3D34F3FDD5831A65E65B664C992AC5FBF7EEBFDBCF8F79410E79E4F9C38317BDFFBDED7F83A12CA988352F8F93162F98E77BC23FBEFFFFEEF5C6F3EEEBB1D8F91704623F0AE77BD2BEBDCB9E12E4C5151177E4E85E999CA49293E4E4A7F7F4D34EAE9F5ED6D1D1BD118A6DF21776CEEBFFFFE984F14F744CF8D9EF4E9D3273BF5D4531BB78D633860C0805C63FDB9CF7D2E778C6354397AF7711C0F3AE8A0DC7685E32E365A454CDC3F3E3D1E9FF6DDEA74FC22C3BAA935E32A8ED3F6DB6F9FA544229790C531FDFEF7BF9FCD993327EBD9B36763BD22DECA2EAE86A7C7E1115731629DDAB25B9AC655FEDECA39071C70408BFE42F1F3535B5F7859126DBE04F12D4815C2367185716BDA7DF7DDA3D733A8047747F4F24F495FB25352721543F7F7A42FD3F55DBA749972FDF5D7D7B4C52F145FB0430E396483F7A3175E5C89C782A54D1B80A8A423717CE595577295FCAF7FFDEBECB6DB6ECB55A0912C1E71C411EBF5D0A3722D2C51104B1EC40843880A3912D5F84C342AF1FE75D75D972D5AB468BD79AB9FFDEC67B3B163C7E6B6A9405D0B1D89141B71BA7072DC7BB42D6223FD7FD9F9E79F9FDBFF575F7D75B6DF7EFB65E9F7C862FDD238A6D17846035E105728C6718A6DA2218D5888C63762A3D0B036ED48888D56D3A5D0A8A7B85A9E92AF3FA7E757B6745CC569D958DCF8B0C30ECB257D71FC221E1E78E081DCA8CFB061C3C45B99C7552A27A4D83A61C71D775C96E2EA7FD2EBAB22AED23E1C54D416B7E82FB1DB6EBB15BF1C54EE3BB5DD25884B972EAD8EA1E0D6B476EDDABE2970D7A546F6C212DE35BD5219967ECF615129A50AF3F9B733D7664BC5A9E48DCDD7993F7F7EE3F3984714F38356AC5891EB55C788E3BDF7DE9B5D70C105B944F1939FFC64B6F3CE3B67B7DC724B63EFFAACB3CECA7EF8C31F369E0288F93C311A10C964DC4229C5456E9B5CB73425A251A2728FD311B14D54C80F3DF45056E85CC4CF3AEFBCF35AAD428EBF3F6EF1D4463114238BC7A5D8382E6223FD0EAD161B311A138D6DECE7D8FFBFFAD5AFB2D5AB5767975F7E79F6B39FFD2CD7707EFDEB5FCF752AA2918FD7D180C7ADB0621428E69DC5712C8CE8143A1FC5233A62A34D47808E4E8F47E7E36A664BC5552474711BB58883A61DCBE27570C55BF9C755EAC8F64871756C7A7A6CC455E4E4857F6BE9B6BFC9CFEF23412C331130718AA13545A5938236F6F5FF2DA32FD97B22598BD326AD256E5BF4918F7C24FBF8C73FBEC1BFC56D900A76D861875C0F3C7AF7D16B8FCAB850F1C7EF7CD249276DF4E7473219156988CAFCD0430FCD55BE53A74ECDCD372A1649686CFFBBDFFD2E1B397264AEF23DFAE8A31B3F7BD55557E59637682DD1203CF1C4135989C450ABC5C6873FFCE1DC29B998E375C20927E42E1088862B3A0305712CBEF39DEFE41AECE8104C9E3C3977ECA2931015F69B8DE8888D92D1BFA5E22A250CCDFE5BF11C3EF1569171D5780E7E6B2D6DD39C26C7A16B99EFB7F69720A684A23E25891D5A33493CE08003E6DF7AEBADDBA5A4EB9256FE7337E78B5D18AEEBDC24417CE1431FFAD0EEADF9CB466574CC31C7645FFAD297B2E38F3F7EBD7F8B64304E171757EA51915E72C925B991C2C2F671F15161D4B0E9E4EDE8E9177AF23366CCC855B41107F1FC9DEF7C67E376514947A51BFF1E8D44D3CA37B66DCD0420C4453BF1F7A67DF4FD568C8DDAD4B0D6E73B376D161B4F3EF964AEA18DE3118D6FF7EEDD73170DC4F3387E719AF0339FF94CE3F6B1DC4434EC071F7C70AED18D7BA7168FE84423517C35ABD868F53AA73E3FAAD3B1B5E22AFDEC5C4CC4318E11BBBDF7DEBB71946CDF7DF7156F95115775A9BAAADB487D15EFE71A8565CB96B56892B872E5CAF5C6A3248865A667CF9E6BD317B873D30B1A5A52A74E9D16A620AD493DD30B5BF36F1D3E7C78735FAA55F18549BF53974262985E2F4EAFEF4F657C4AA2EF89F9405FFCE217EB5BF3F78D532B71BA272AE2A6A782620E62D3D7679E7966EE79CCDF8953409FFFFCE7D71BE26F9A20C669A6C2CF2DEEB54729EEB50F1E3C3857E26AC44D8946616BDFA6B139710A2A4E499D7DF6D917B6646CC45488D875290E222E3A46C3DA96B111C7304EB7C5B18A4E40F16DAD62A438AE306D1A2BC59F8DA908F1D988A9C2A9C0B8CA3D1AEF18F1111BAD56E7441CD5A6188AA4B043C4566BC6D51E7BEC917B8C442B2E688B442C2E02D97FFFFDD75B164BBC95655CADCB2785D1A655358DAB9A9A9AE91102B16D24EF2D9920C6CF2F325F8258665202313B7D01F768CD0471FAF4E9B1D8566D1BFFE9CBF31573F754BA45C39F7F2FBAB13775EBD6EDFE54412F6EAB5F2E2AD73875BC39FEF5AF7F65575C7145B670E1C22CFDDED92EBBEC92BBF22F2AE4AF7DED6B8D3FAFE9D57D316AB0B15E7BCC1B8A89E16F264601628E50C1638F3DB6DE64F332B6261F9FDD8A7ADF25111B710CE3745F3CC6F18DE3BCB129088D7F48FEF45E8CBCC467E20AD468B4A367FFECB3CFE68E7934C24DE722898D96911AEBD5F98E68964F0E5B3DAE227E227622118BC738355C58422B461323818B0B3CAEB9E61AF1561E6244706D515C556F2AAE5272F96421417CE18517B6FA22D9C58A8F49F2A404B1FC46101F4C5FC83D0E3CF0C056FB3F1F7EF8E1E8153FD8C67FFAB6450DFFADA9FC29554877B6D5D5CA4DDD74D34DD937BEF18DDCF3B8F864530BC046051A157C5C3DD8F8C7A54A382AEBA8A4A3371DBDF0A657ABC788414171AFBDA998041EBF437E82732ED98CD34EF17F9E76DA69B9D31421AE3E8C49DC4DD6BE2A479D4B3536627467F4E8D1B9258C627E6A73A337B14E5C8CF6C4B18986B9D0D887C215EF7135682C3B124B88C4F662A3E5E51BF1368BAB385EDFFDEE7773895ED4318505A90BF31CE3B8FDF4A73FCD7536C55BD9A87A2B719592C907D3F6B93509638EEBA612FE2DD564BDDE07CB7D47B7BB0471C9922597A6E4E10BB5B5B555ADB458764DAA74066445B7FA69835E7CF4A6A6A40AEC86FC72128B4BE998444217BDBAC2D20EB1D44D8C0A166B5AF1152787F1A58CDE779C8A09711AE8073FF8416E398BE6C4A99FB8227063BDF5C2158CD158142AED1FFDE8478D3DF4AF7EF5ABB9A526E2029996EC8D8A8D2CDB73CF3D734B8E146223161E8ED373D11847235F1885894634D6C38C51E842E31BA7F562EE58E1D45B9C5A8A91967C3D90F5EAD56B8338131B95155771BCFEF6B7BFE59E47FDF0E31FFFB871A1EB48B6623DC21057268BB7CA8CAB74FCEE48EDFD4FE3692C77149D8196582C3B4E2F4F9B362D06833AE4DFBA558258662EBEF8E2E7CF3CF3CC992950DED31ABDADC993274F4A15D1AE13274E9CD5067FEEF752CF69564A9E6E2D9591C28D890AB578FECC39E79CB3C13671F780E6C4712C5E972CE60A35772573412C98DBDC158621AE122C5C29188A4FDF3437AA5066CA223642A1B12E1C97CD1523376F160762A3FDC455C4D195575E29DEDA595C8D1F3FFEE51123464C49C9E5A1B152C6DD77DF9DBBA3CED6169D8775EBD61592C3A96DD4E64B10B754EACD9DFBBB64E0C081D52D3C8AB8F8861B6E785F0AECCBDAE2EF4C017A717B389EC5C9E1E6DA5485DC1EB497D8783BDA7B6C882BF156817175792A87C6934810E38AF3AD39E21AF358FFF8C73F368E1EA636FFAA4AD8EFEDF21E3D63C78EBD65F9F2E5CF44A0B4A43163C6C4E8E18AB973E74EF4150780D63761C2843BD2C394781EA388B1E87961FEE6968A0B927EFEF39FD7A6B6BE71F4B052DAFC767B13C7254B961C7DFBEDB7AF2A5EE2606B9A3E7DFA1FA64D9B7664EA497CA5ADEF710C00EDDC17B2FCD233710FEE9FFCE4275B9C2446729892CDFA575E79A5702A727925B5F9ED36418CF9016BD6ACF94A0A92955BFBF64E2958FE3A7AF4E8412950BE937A2EFFDFF71200DAB6CDAFAFAF3F3D3DCD256FB15CDA85175E983B3DFC76C4E72EB8E082DAE9D3A717460EE3D4F26995D4E657B5E78019376EDCF8E5CB979F7EFEF9E72FDF5A2389317278D65967BDBBB6B6F6CA1428E37C2D01A0EDDD74D34D71EAF72B8524314612CF3DF7DCDC8D179A2C72DDACD82E6EC778CE39E7148F1CC615D6E7565A9B5FDDDE032605C66F860D1BB6F2A28B2EBAEAB8E38EEB78D45147757F9B17AE2CBEECB2CBEE78ECB1C7E2B2B27353205EEFEB0800A5232577D7A7363FAE84BEB243870EDBC59CC43BEFBC3377F1CAC0810373CBACEDBEFBEEB9C5CD63A9A2388D1C49612C823D6DDAB42875AB57AF8EC1B5C2C861ACC7787A25B6F9D5C2A5A157317CF8F0476EBEF9E6B12948DE3F6AD4A89EFBEDB75FB7CDFC78CD7DF7DD77C78D37DEB8C7BA75EBF64801F709A79501A0B4DBFCD45E5F13CBDFC47B9128C662E351DE44F199D7A931E7B052DB7C09E21BBD8A59E9E19329688E1B3366CC699D3B77DE67C08001AF0F1E3C78DBFEFDFB77EEDDBB77BF588C79D5AA55AFA6DEC4927FFEF39FCF4D9D3AB5E373CF3DB7570AACB8C9E6E5F3E6CD1BE7821400288B36FFB068F35392372A258A43DE424E343595B195DEE64B10370C9A58FDFCD6134F3C71E7A79E7AEAB8279F7CF2A0F4FA43A9C49074D7547AA5B2369558F3E87F5239AD1216C40480F6DCE6D7D5D51D9712C5429BDF2FDFE647DB1F573FC7BD95E3F679B7B697365F82D88C587D3D3DFC2C5F00006D7EBB516517000020410400DAB361A9EC5AF43ACEA8FE78333E774F7BC99D24886FEEBDA91CD4E4BD6FA532A0E8F581F9F70080D2F7B1545E2C7A1D179B6C937F5EB84176CC41FC3FF944B250D6A4F2EEA2D797A4B27D25EE207310DF08941EA91C92CAA2549EC807C61753B92295A6F7E31998AD3F4FE1E8FC760040691B94CA7559C300D07BF3EFD5A5B25B2A47A4B27FBE4D8FDBAC4DCB278E2BF3DBAD284A2C774CE5BB95BA9324880D1ECA3FBE2395B9A9DC9FCAB6F984F1AEA2EDDE95CA7EA9EC9C0FA208A609F9CFBC924A2C92BD2095C7EC520028399DF3EDF8F8ACE194F2A5A9BC9AFFB723F26DFE5D4D3EF3C7547E927FBE537EBB704A2AC3F3C965C5718A79F3032ACB2781FF4E256ED73325955DF201F6EF7CC0C4FE1C5BD42301004A47D77C92776E2A93B286419D61F9363C46098F4DE5A4269F79AD28719C53F47C5AA52687C1086296BD2F95DDF30779603EE9EB9C0FA2DDF241734C2A17660D238587E6832A46171FCE7F76752A7FCD1AE6262CC91A4E530300A565692ABFC9B7F70FE5DBFBBBF3EF17460EFB36F9CC0EF95CA090237C216B1875FC4825EF28096296FD335F428CFCC5154A71DB9CE253CCC5C3CD7DF3896204C68FF241B2633E71CCF201F457BB15004AD2B8546ECF1AAE1F882965DF49E56FF97F8BC1A17D52F97ED1F6717A39A68EC548E3ECAC6130E8AEA2CF5424A798D7F7FE7C72B82931D27850BE47B1349F542E2A4A2477B71B01A0640D4DE557456DF6DCA2367C722A2F34D9FECFA95C9CCA99F9D7B1CDE8545655F24E3282F886B84C7DCE666C17BD8AFFCA1A2E73DFDF6E0380B2F18E7CA217033C31873046103F93BD7116B06B93EDE3ACE1975339277B63FA585CDD7C75D6706A3A92C76BF349A604B1429D9A359C327E33112CDDB38689AC67A412B7E7F968D6B04C8E7D0A00A52B2E4AB92995A78BDE7B399F2886985EB67F5132196B1E5F5AB4ED9AFC638C321E99354C2B9B5B893B4A32D31000B1D0F5CFB3869B72174412F8EC4692C38F14054B3CC61C86989B503835ED14330094AEA79BBCBEAEE8F9F2541E284A261F6AB2ED178A9EC755CF153B0F5182D81000776DE4FDB8F8E4174DDE8B61E53F3479AFE9EB5FD9A5005091EADACB1FEA2215000024886C66705455D5D7D5D5D911A5D065ADAB8B5B3BAD131B947A6C882B718504910AD7B56BD7D7962D5B66479480458B16CD480F4F8A0D4A3D36C495B842824885EBD4A9D3D4254B96D8112560DEBC79B124C314B141A9C786B812574810A9703535353F9E3B77EEDAFAFA7A3BA36DCD5AB870612CA530496C50EAB121AEC41512442ADCC1071FFC68AAA89F9E33678E9DD18666CC98715F3A0E730E3BECB047C406A51E1BE24A5C2141A41D483DFA91B366CD5AB974E9523BA30D2C5EBCF8F7A927FF1F75757567880DCA2536C495B8A2FC75B40BD89471E3C6CD3FE9A4931E5DB060C131BD7AF5EADAA54B173BA5152BEAE9D3A7EFD3A14387AF1D7EF8E153C506E5121BE24A5C2141A41DB8F1C61B5F183972E43F5E7DF5D56353C5B1A267CF9EDDD2A31DD37266CD9831E39659B3661D1215F5A1871E7AA7D8A0DC62435C892BCA9B6F1C9BEDDE7BEF1D505555F5F3EAEAEAFDFAF6EDFB729F3E7DDE997AF8FDD27B76CE168A35C7625989B872302687C7FC9F38C53374E8D01962436C94736C882B718504917662F2E4C983522FF373E9E990543E944A577B658BC582B4B1E6D894542695EBE470B12136C495B8020000000000000000000000000000000000000000000000000000000000000000000000000000000000000000000000000000000000000000000000000000000000000000000000000000000000000000000000000000000000000000000000000000000000000000000000000000000000000000000000000000802DF2BFCD70B5F8DA5BAE5D0000000049454E44AE426082, null);
INSERT INTO `act_ge_bytearray` VALUES ('15002', '2', 'source', null, 0x65794A795A584E7664584A6A5A556C6B496A6F694D5455774D4445694C434A77636D39775A584A306157567A496A7037496E427962324E6C63334E66615751694F694A77636D396A5A584E7A0D0A49697769626D46745A53493649694973496D5276593356745A57353059585270623234694F6949694C434A77636D396A5A584E7A58324631644768766369493649694973496E427962324E6C0D0A63334E66646D567963326C766269493649694973496E427962324E6C63334E66626D46745A584E7759574E6C496A6F696148523063446F764C3364336479356859335270646D6C30615335760D0A636D637663484A765932567A6332526C5A694973496D56345A574E3164476C76626D78706333526C626D56796379493649694973496D56325A57353062476C7A644756755A584A7A496A6F690D0A4969776963326C6E626D46735A47566D6157357064476C76626E4D694F6949694C434A745A584E7A5957646C5A47566D6157357064476C76626E4D694F694969665377696333526C626D4E700D0A6243493665794A705A434936496B4A51545535456157466E636D4674496E3073496D4E6F6157786B553268686347567A496A706265794A795A584E7664584A6A5A556C6B496A6F6963326C6B0D0A4C544E454D6A5244526B46454C5468464D3051744E444530525330344D4467334C5456444D54677A4D7A67334D6A59304D694973496E42796233426C636E52705A584D694F6E736962335A6C0D0A636E4A705A4756705A43493649694973496D3568625755694F6949694C434A6B62324E31625756756447463061573975496A6F69496977695A58686C593356306157397562476C7A644756750D0A5A584A7A496A6F69496977696157357064476C6864473979496A6F69496977695A6D39796257746C6557526C5A6D6C7561585270623234694F6949694C434A6D62334A7463484A76634756790D0A64476C6C6379493649694A394C434A7A6447567559326C73496A7037496D6C6B496A6F6955335268636E524F6232356C52585A6C626E5169665377695932687062475254614746775A584D690D0A4F6C74644C434A766458526E62326C755A79493657337369636D567A623356795932564A5A434936496E4E705A433147524449314E5445774D693142516B4E434C5451794D6B59744F5467310D0A4E5330774E7A63774E7A63345255597A4D7A4D6966563073496D4A766457356B6379493665794A736233646C636C4A705A326830496A7037496E67694F6A45314D7934314C434A35496A6F790D0A4E444E394C434A316348426C636B786C5A6E51694F6E7369654349364D54497A4C6A5573496E6B694F6A49784D3331394C434A6B62324E725A584A7A496A70625858307365794A795A584E760D0A64584A6A5A556C6B496A6F6963326C6B4C5449314E6A553152444E434C5468474D5559744E444D79525330354E555A444C5555304F455A47525551794D30597A4D794973496E42796233426C0D0A636E52705A584D694F6E736962335A6C636E4A705A4756705A43493649694973496D3568625755694F694C6E75342F6E6B49626C7271486D69626B694C434A6B62324E3162575675644746300D0A61573975496A6F694969776959584E35626D4E6F636D39756233567A5A47566D6157357064476C7662694936496D5A6862484E6C496977695A58686A6248567A61585A6C5A47566D615735700D0A64476C7662694936496D5A6862484E6C496977695A58686C593356306157397562476C7A644756755A584A7A496A6F69496977696258567364476C70626E4E305957356A5A5639306558426C0D0A496A6F69546D39755A534973496D3131624852706157357A6447467559325666593246795A476C755957787064486B694F6949694C434A746457783061576C7563335268626D4E6C58324E760D0A6247786C59335270623234694F6949694C434A746457783061576C7563335268626D4E6C58335A68636D6C68596D786C496A6F69496977696258567364476C70626E4E305957356A5A56396A0D0A6232356B61585270623234694F6949694C434A7063325A76636D4E766258426C626E4E6864476C7662694936496D5A6862484E6C4969776964584E6C636E52686332746863334E705A3235740D0A5A573530496A6F69496977695A6D39796257746C6557526C5A6D6C7561585270623234694F6949694C434A6B6457566B5958526C5A47566D6157357064476C766269493649694973496E42790D0A61573979615852355A47566D6157357064476C766269493649694973496D5A76636D3177636D39775A584A306157567A496A6F69496977696447467A613278706333526C626D5679637949360D0A49694A394C434A7A6447567559326C73496A7037496D6C6B496A6F6956584E6C636C526863327369665377695932687062475254614746775A584D694F6C74644C434A766458526E62326C750D0A5A79493657337369636D567A623356795932564A5A434936496E4E705A4330314D3051774D544D315153307A4D3052444C5451304D454574516A56474D4330794D6A51344D545578516A67300D0A5154556966563073496D4A766457356B6379493665794A736233646C636C4A705A326830496A7037496E67694F6A49354F4334314C434A35496A6F794E6A68394C434A316348426C636B786C0D0A5A6E51694F6E7369654349364D546B344C6A5573496E6B694F6A45344F4831394C434A6B62324E725A584A7A496A70625858307365794A795A584E7664584A6A5A556C6B496A6F6963326C6B0D0A4C555A454D6A55314D5441794C554643513049744E444979526930354F4455314C5441334E7A41334E7A6846526A4D7A4D794973496E42796233426C636E52705A584D694F6E736962335A6C0D0A636E4A705A4756705A43493649694973496D3568625755694F6949694C434A6B62324E31625756756447463061573975496A6F6949697769593239755A476C306157397563325678645756750D0A5932566D62473933496A6F69496977695A58686C593356306157397562476C7A644756755A584A7A496A6F69496977695A47566D5958567364475A73623363694F694A6D5957787A5A534A390D0A4C434A7A6447567559326C73496A7037496D6C6B496A6F6955325678645756755932564762473933496E3073496D4E6F6157786B553268686347567A496A706258537769623356305A3239700D0A626D63694F6C7437496E4A6C63323931636D4E6C535751694F694A7A615751744D6A55324E5456454D3049744F455978526930304D7A4A464C546B31526B4D7452545134526B5A465244497A0D0A526A4D7A496E31644C434A69623356755A484D694F6E7369624739335A584A536157646F6443493665794A34496A6F784F5463754E6A55324D6A5573496E6B694F6A49794F483073496E56770D0A634756795447566D6443493665794A34496A6F784E5451754D5441354D7A63314C434A35496A6F794D6A6839665377695A47396A613256796379493657337369654349364D545573496E6B690D0A4F6A453166537837496E67694F6A55774C434A35496A6F304D4831644C434A3059584A6E5A5851694F6E7369636D567A623356795932564A5A434936496E4E705A4330794E5459314E55517A0D0A51693034526A46474C54517A4D6B55744F545647517931464E446847526B56454D6A4E474D7A4D696658307365794A795A584E7664584A6A5A556C6B496A6F6963326C6B4C5551314F445A460D0A4E6A4D314C5445354E5455744E4468434F5330344D3059314C545242516A4E434E5464444E55553552534973496E42796233426C636E52705A584D694F6E736962335A6C636E4A705A4756700D0A5A43493649694973496D3568625755694F694C6D674C766E75342F6E6B49626C7271486D69626B694C434A6B62324E31625756756447463061573975496A6F694969776959584E35626D4E6F0D0A636D39756233567A5A47566D6157357064476C7662694936496D5A6862484E6C496977695A58686A6248567A61585A6C5A47566D6157357064476C7662694936496D5A6862484E6C496977690D0A5A58686C593356306157397562476C7A644756755A584A7A496A6F69496977696258567364476C70626E4E305957356A5A5639306558426C496A6F69546D39755A534973496D3131624852700D0A6157357A6447467559325666593246795A476C755957787064486B694F6949694C434A746457783061576C7563335268626D4E6C58324E766247786C59335270623234694F6949694C434A740D0A6457783061576C7563335268626D4E6C58335A68636D6C68596D786C496A6F69496977696258567364476C70626E4E305957356A5A56396A6232356B61585270623234694F6949694C434A700D0A63325A76636D4E766258426C626E4E6864476C7662694936496D5A6862484E6C4969776964584E6C636E52686332746863334E705A3235745A573530496A6F69496977695A6D39796257746C0D0A6557526C5A6D6C7561585270623234694F6949694C434A6B6457566B5958526C5A47566D6157357064476C766269493649694973496E427961573979615852355A47566D6157357064476C760D0A6269493649694973496D5A76636D3177636D39775A584A306157567A496A6F69496977696447467A613278706333526C626D56796379493649694A394C434A7A6447567559326C73496A70370D0A496D6C6B496A6F6956584E6C636C526863327369665377695932687062475254614746775A584D694F6C74644C434A766458526E62326C755A79493657337369636D567A623356795932564A0D0A5A434936496E4E705A4331424F554D77526B5247526930794D3049314C5452444F55597451546443515331454F5463794E4449304D7A59794D54456966563073496D4A766457356B637949360D0A65794A736233646C636C4A705A326830496A7037496E67694F6A51304D7934314C434A35496A6F794E6A68394C434A316348426C636B786C5A6E51694F6E7369654349364D7A517A4C6A55730D0A496E6B694F6A45344F4831394C434A6B62324E725A584A7A496A70625858307365794A795A584E7664584A6A5A556C6B496A6F6963326C6B4C54557A524441784D7A56424C544D7A52454D740D0A4E445177515331434E5559774C5449794E4467784E5446434F4452424E534973496E42796233426C636E52705A584D694F6E736962335A6C636E4A705A4756705A43493649694973496D35680D0A625755694F6949694C434A6B62324E31625756756447463061573975496A6F6949697769593239755A476C306157397563325678645756755932566D62473933496A6F69496977695A58686C0D0A593356306157397562476C7A644756755A584A7A496A6F69496977695A47566D5958567364475A73623363694F694A6D5957787A5A534A394C434A7A6447567559326C73496A7037496D6C6B0D0A496A6F6955325678645756755932564762473933496E3073496D4E6F6157786B553268686347567A496A706258537769623356305A323970626D63694F6C7437496E4A6C63323931636D4E6C0D0A535751694F694A7A61575174524455344E6B55324D7A55744D546B314E5330304F4549354C54677A526A55744E4546434D3049314E304D3152546C46496E31644C434A69623356755A484D690D0A4F6E7369624739335A584A536157646F6443493665794A34496A6F7A4E4449754E6A55324D6A5573496E6B694F6A49794F483073496E5677634756795447566D6443493665794A34496A6F790D0A4F546B754D7A517A4E7A5573496E6B694F6A49794F4831394C434A6B62324E725A584A7A496A706265794A34496A6F314D437769655349364E4442394C487369654349364E544173496E6B690D0A4F6A517766563073496E5268636D646C6443493665794A795A584E7664584A6A5A556C6B496A6F6963326C6B4C5551314F445A464E6A4D314C5445354E5455744E4468434F5330344D3059310D0A4C545242516A4E434E5464444E55553552534A3966537837496E4A6C63323931636D4E6C535751694F694A7A615751744E4545334E546C45515559744D5556474D4330304D5456434C546B770D0A516A41744E5449774E5445334D5455334D5549784969776963484A766347567964476C6C6379493665794A76646D5679636D6C6B5A576C6B496A6F6949697769626D46745A534936496949730D0A496D5276593356745A57353059585270623234694F6949694C434A6C6547566A645852706232357361584E305A57356C636E4D694F694969665377696333526C626D4E706243493665794A700D0A5A434936496B56755A453576626D5646646D567564434A394C434A6A61476C735A464E6F5958426C6379493657313073496D3931644764766157356E496A706258537769596D3931626D527A0D0A496A7037496D787664325679556D6C6E614851694F6E7369654349364E5445324C6A5573496E6B694F6A49304D6E3073496E5677634756795447566D6443493665794A34496A6F304F4467750D0A4E537769655349364D6A453066583073496D52765932746C636E4D694F6C746466537837496E4A6C63323931636D4E6C535751694F694A7A6157517451546C444D455A45526B59744D6A4E430D0A4E533030517A6C474C554533516B457452446B334D6A51794E444D324D6A45784969776963484A766347567964476C6C6379493665794A76646D5679636D6C6B5A576C6B496A6F69496977690D0A626D46745A53493649694973496D5276593356745A57353059585270623234694F6949694C434A6A6232356B615852706232357A5A5846315A57356A5A575A73623363694F6949694C434A6C0D0A6547566A645852706232357361584E305A57356C636E4D694F6949694C434A6B5A575A68645778305A6D787664794936496D5A6862484E6C496E3073496E4E305A57356A615777694F6E73690D0A615751694F694A545A5846315A57356A5A555A7362336369665377695932687062475254614746775A584D694F6C74644C434A766458526E62326C755A79493657337369636D567A623356790D0A5932564A5A434936496E4E705A433030515463314F55524252693078525559774C5451784E5549744F5442434D4330314D6A41314D5463784E546378516A456966563073496D4A766457356B0D0A6379493665794A736233646C636C4A705A326830496A7037496E67694F6A51344E7934344E7A5573496E6B694F6A49794F483073496E5677634756795447566D6443493665794A34496A6F300D0A4E444D754F446B774E6A49314C434A35496A6F794D6A6839665377695A47396A613256796379493657337369654349364E544173496E6B694F6A517766537837496E67694F6A45304C434A350D0A496A6F784E4831644C434A3059584A6E5A5851694F6E7369636D567A623356795932564A5A434936496E4E705A433030515463314F55524252693078525559774C5451784E5549744F5442430D0A4D4330314D6A41314D5463784E546378516A4569665831644C434A69623356755A484D694F6E7369624739335A584A536157646F6443493665794A34496A6F784D6A41774C434A35496A6F780D0A4D44557766537769645842775A584A4D5A575A30496A7037496E67694F6A4173496E6B694F6A4239665377696333526C626D4E7062484E6C6443493665794A31636D77694F694A7A644756750D0A59326C736332563063793969634731754D6934774C324A77625734794C6A4175616E4E7662694973496D35686257567A6347466A5A534936496D6830644841364C7939694D3231754C6D39790D0A5A79397A6447567559326C73633256304C324A77625734794C6A416A496E3073496E4E7A5A5868305A57357A615739756379493657313139, null);
INSERT INTO `act_ge_bytearray` VALUES ('15003', '1', 'source-extra', null, 0x89504E470D0A1A0A0000000D49484452000002370000013E080600000071CF31FB000000206348524D00007A26000080840000FA00000080E8000075300000EA6000003A98000017709CBA513C0000000467414D410000B18E7CFB5193000000017352474200AECE1CE900000006624B474400FF00FF00FFA0BDA793000000097048597300000EC400000EC401952B0E1B000017AD4944415478DAEDDD099415E59D28F0EA665F141015340AEA6842784189236E31D1E3135C9EE364D101453899CC4B8CC798C4A831C63D3313CDC2D1F73051309EB81120EAD1475C80F80C262631A2029118706111645F9B46BAE96DBE7FA52FD3221096DEFBF73BA7CEBDB76FDDBAB7ABFEF57DFFAFEAABAFB20C000000000000000000000000000000000000000000000000000000000000000000000000000000000000000000000000000000000000000000000000000000000000000000000000000000000000000000000000000000000000000000000000000000000000000000000000000000000000000000000000000000000000000000000000000000000000000000000000000000000000000000000000000000000000000000000000000000000000000000000000000000000000000000000000000000000000000000000000000000000000000000000000000000000000000000000000000000000000000000000000000000000000000000000000000000000000000000000000000000000000000000000000000000000000000000000000000000000000000000000000000000000000000000000000000000000000000000000000000000000000000000000000000000000000000000000000000000000000000000000000000000000000000000000000000000000000000000000000000000000000000000000000000000000000000000000000000000008086566415C0EE9B3B77EE855BB76EBDBCBCBCFC1FDF7FFFFD1ED5D5D556CABE1642454559972E5D36A5E9F50E1D3ADC3B68D0A087C5106208C90D34B0D75E7BED94B2B2B24955555587F7EDDBB7A8478F1ED97EFBED971517175B39FB282AF7D2D2D2ACA4A4245BB97265FC6969AAA0460D1932648618420C21B98106306BD6ACFFBD71E3C671FDFAF52B3EF4D043F356220D67D9B265D9E2C58BAB7BF6EC79CDE0C183EF14438821F6543BAB00765D29A516E1BD03070E6C77D04107A9941A411CCD38E080038A962E5D3AF46B5FFBDADAF1E3C7CF1443B4E518427203F566DAB469032A2B2B9F4A9552FBFDF7DFFF43EFD7D45467EB16FF2E5BFE97C7B3556F3E9D6D78EF95ACA6BA22EBD2E3B0548139D5B02F3A76EC98A55677D192254B868E1E3D7ACA830F3EB8520CD1166388BD63EF819DE8DAB5EBA3FDFAF5EBB0A34A29AC9C37255BFDF6F4AC62CBBAFC75657949B6FA9DE7B2157F7DD2CAAB07DDBA75CBFAF7EFDF21992C8668AB3184E406EACDF4E9D307D7D4D47C34FA47EC4854461B97BDB6C3F7362E9F9D956D5A6E25D68358FFC5C5C547FEFAD7BF3E590CD1D66208C90DD4AB4E9D3AFDDB21871CD27167FD23B66C5C9A9F52D899F25247C0EB4BDFBE7D3BA6EDF12531445B8B21243750AF528574765CAABB3335D595BB5E408DB14BEA4B9CD2A9A9A9192A86686B3184E406EAD5D6AD5B8F8C2B2E687ADDBB778FEDD14F0CD1D66208C90DD4ABD4CA6B6F70B5665248FD6D3B148B21DA5A0C21B98146D5A14BAF5DBEDFBE93163B62082437D08274E9D93FEB7EE0C776F85ED703FE217F1FC410486EA0C58801D6FA0CF8A71DBE77C8C0CF65C5ED3A5A49882190DC40CB52B575F30EFF5E59BEC9CA410C81E4065A96758B5FCC96CC7A6087EF2D79EDE7D9DA45BFB5921043D044DA5B05B0FB2ACA36642BE7FD2A2B5D337FA7F354576DCD87D4DFBCF6ADACEF800BB28EDD0EB2E2104320B981E667FDD297B335EFFC3AABAAD8B25BF3BFBF7E61B6E8E57BB2038F3A33EBD5EF543742440C81E4069A8F3885B0EAADA97BFCB96881C7E76298FDDE477CC68A144362081A816600EC6605B32FFEEE50FB88213104F5C6911BD80D715A20261043D0FC39720300486E000024370000921B00803DA343311F327DFAF4FFB960C182AFAD5EBDFAE455AB56F52E2929695F5E5E5ED4A143876CFFFDF7AFECD3A7CFFA030E3860E6C08103FFEF99679E39CD1A03681A23478E3CACB2B2F2B3454545A7A79783D3D4374DDDD35496A615353535B3D37BBF6FD7AEDDA40913262C95DCD0E68C1933E69A0D1B36DCF0CC33CFF4FCF8C73F9E0D1D3A343BFCF0C3B394C8649D3B77CECACACAB24D9B36B55FB264C94173E7CE3D6FCA9429E7DD70C30D9B52C273D775D75D77B33508D0382EBEF8E2CFA6872BAAAAAA3E9D92974E3B98A5739A8E48EF1D911E3F9BE6FBD188112366A4D7F74F9C38F111C90DADDE8F7EF4A363D7AD5BF7ECF2E5CB0F493B4CD171C71D97A52CFFC37B4A4A70623AE8A083B2E38F3F3E1B3D7A743667CE9CFD7EF9CB5FDE74CD35D75CDEB76FDFF3D2E34C6B14A061A4042592957B6A6A6ACED98B8F9F913E77465AC66529D9F9D7471F7DF46DC90DAD35B1B9E5EDB7DFBEF9FCF3CF2F3EF7DC737798D4EC4A2442314D9B36EDC0279E78E2A51FFFF8C777A404E7066B16A07E0D1F3E7C447A189BA6030B7F8B32FB139FF84476D2492765471F7D74D6B367CF6CBFFDF6CBDE7FFFFD6CC3860DD9A2458BB2975F7E397BEDB5D7B28A8A8AC2C74E4B9F9B951AB397B7D6A338929B36ECDE7BEFBD71EEDCB9B75C7DF5D545C71C73CC3E2DEBECB3CFCE060C18509C929BEBC78C19B35F5AE6D7AD61807A4B6CCE2F2A2A7AB8506F4752130DD261C386E547D3B7D7B56BD77C3AF4D043B3534F3D354F749E7EFAE9ECD9679FCDAAAAAA6296EE3535350FA704A7734A707ED6DAD697ABA5DAA89B6EBAE95B29B1B9EDE69B6FDEE7C4A6A07FFFFE592C6FE1C28557DC7AEBADDFB19601EA25B11991129B270A894D242CB7DF7E7B7426DE6162B323714427E68FCF455FCA8294E0DC97129C4B2537B4785FF9CA57FE61C58A15777CFDEB5F2FDEDD1D6377C5F2AEB9E69AE2F7DE7BEF7BDFFAD6B78EB3B601F65EF4B14989CDD84262F3B18F7D2C4B8DC70F24287B223E179F1F346850DD04E79E94E00C90DCD0A275EDDAF5D90B2EB8A0437D1DB1D95E1CC1F9C217BED0A1A2A2E2FF59DB007B2F2536F765B57D6CE288CDD5575F9DF7A9D9C73A20FBE637BF5937418A5354F7496E68B1AEBCF2CA91EDDAB53B2AFAC834A4587EE7CE9D0F4BDF77B9B50EB0E7E272EF94749C15CFA38F4D2424FB9AD8D44D7052F95CF72292D35AD3E929C94D1BD3A14387DB2EB9E4927631205F431B356A54BBE2E2E2EB9BE2FF1C3162C48D51309C71C6193ACD238668A9317445E149741EDEDB53513B13CB3BFFFCF3B7BD4E89D465921B5A9C18C972CB962D87C7A5DB8D21CEE9565757F7AD1D97A1B1FD7BDA519FE8D3A7CFC6F4FD93530173CE45175DD4BD396F9F152B5664AFBCF2CA87FE5E595999AD5EBD7A8F97B775EBD69DBEF7E0830FE6CBDD959FFDEC67D95FFFFAD7FCF99C3973B6FDFDDD77DF6D2BBB4CB38EA1850B1766AB56ADDAF67AE2C489D93BEFBC23B69A670C950C1F3EFCC93D89A128AF634C9A785EB832AA219C73CE39599DC6EE694D545ED73B2D9236A467CF9EA3070F1EDC7E4FC7B2D917279D745287DFFFFEF7FF9A9EDED214FF73515151D7F4F02FA990F897F47F97A6C2E5A9287F3B75EA34E381071E286B4EDBE791471EC98E3CF2C87C80C409132664BD7BF7CE8A8B8BB3871E7A284B2DBFE8089ECFB776EDDA6D15428C6511AF630C8B28FCDE7AEBADBCCFD3A64D9BB2254B9664DFF9CEDF2E5A5BBA746976D861876DFBAE188CF10F7FF843F699CF7C66DBDFB69FE7F5D75F8F9667FEFCAAABAECAA64E9D9A75ECD8311FBCF1F9E79FCF7F5B5BD05C6328622546117FE28927B2EEDDBBE7DB24FD36B1D53C63A84B7AF8E71443FF9C626873FADF9F8D9182771543B5B754C8EBE86890C648F10D542FE471F1A73FFDA9F0A70BD3F463C90D2D6763B76FFF4F83060D6AD452236EE390769AFFD554C9CD76A2D35C94A823CACACACA5301F3782A3C1E5DBE7CF9533366CCA86CCA1F162DE1F43BE24AB3ECB9E79ECB2BA9B4BDF296EC81071EB8ADF20951310D1830207BEAA9A7A2E3767E0EFEA5975ECA5B6051197DEA539FCAE78B0AA360D2A449D9C08103B7551AD1928FCF15E679E18517F2E5C6F747AB3B6EB5118F71242096F9918F7C24AF7C421CCA6E2B894D738DA1D826BD7AF5CABEF8C52FE6C9446CBFDB6EBB2D5BB66C59DCFF2D4F76C456B3D52D1288144717A675B135C5D094144313B68FA1DA7B45E54E3CF1C406FD41B1FC3AC9CDE9921B5A94D4E23A2A5A5E8D290AAB929292A39AE1EA887BB15C920A984BFAF4E9B32915F8FF3FBD1ED754ADF1F49DD98D37DE98AD5FBF3E1B3F7E7CF6C94F7E324BBF25C623CACE3BEFBCBC32880AA920AE9A8843C9314F540C51814565F2E73FFF795B455157757575BE9CBA2DE9D83685CB41E3F2D268D987A87C56AE5C997F262AD0F8FBCF7FFEF3FCB7D5EDABF5F9CF7F3EBBFFFEFBF379DAA8268BA138BA1203B2C5919B4858625BC5B6FFCD6F7E93B7C2870F1F2EB65A868E8544A76FDFBE9B530CBD905E8F8D184AEB6A7061A6A38E6AD822F488238EA8FB7270AB68CCABF2DB8E5448F58C43908D295A70151515FBA7D6C9ADCD75BDA416D27EA970899BD07D360ADFF45B17EC4D3F84BD152DE3A83CA220FFDDEF7E97DD7DF7DD59797979F6939FFC24BBEBAEBBF28AE08A2BAEC8CE3CF3CCBCD28AD75121C550EAD1228FBE1751E9145AD731DFF6ADEB6F7FFBDBD9F7BFFFFDBCE20BD1DF215AEDEFBDF75E3E3C7B4A40F379F24313A9D51F532C330E85C73C51F9C46F2B24C7B1ACEF7EF7BB8D56F99496966662A84EC19D929118723FB6F9F64774EA8E5D25B6FE66CD9A35F9E9B5E61C43714427C5506489E7450C253585371ABADCDE6EF9074A6E685152A1D5310E6137A6F8BE546046279F5B5AD0AA3A2AEEC51287E51BC3C9279F9C1FDA8FBE06975C7249DEC1330AE39B6FFEEF1BAD8F1B372EBBF6DA6BF30A280EDB4F9F3E3D3FAC1FFD18A260FA7BADEB10F347A511A2E23AEBACB3F28AE6C5175FCC162F5EFC8179A3A36ACCFF8B5FFC22BBF4D24BF38AE6820B2ED8F6D9F83D7129696379F3CD373331F4DF5225B8D3F72241115B1F14C9D3AC59B35A5A0C15D56D2436A4EDD677E7AC1590DCB421A9B5579E5A049D1A33C18916486AD556A6C2F83F1BF9DFDD9D42AC3AFDAEEA42A7BD3AADF005279C7042A39E4A9B3D7B765E7144411F9549B76EDDB2679E79267F1EDB2B4E377CEE739FDB367F5CBE19155574DA8C4A24EE1B53B7751D8561DD2B696A93DB6D2DEEB973E7E6DF15CB8EE7871C72C8B6F9A2428A0A26DE8F0A71FB8A26E66DCCC4267CF4A31F8DCAE93631B46DF9F9F68FED19474AA26F5BE108C5B1C71E2BB6B6F3E94F7F3A4FB29A690CE571946D77F572DAC6115BF9DFA21377432638D179BC6EB12DB9A145E9D0A1C3FA5450F54D1AED3B63A74CDFBBF1A1871EBAB531FFD7112346DCB28B566F656D65549C1E8BD3EB0DE9F1B9E8D4D7A953A7A9D15FE24B5FFA524D63FDD66869C761FB68ED5E74D1451F18167DD4A851D9C30F3FFCA1D30F753F1B97F8C667A3B22A9C5288AB59A232AA7B854A9CCA282CA76EEB3AA6BAADEBD34E3B2D9FBEF18D6FECF277470558DFB7EFD899F88D93264D1243B5E2EECF2192848D1B37E6494474D81D3264487E5593D8FAA0384D16A7CDAEBBEEBAE6144355295E0A97AE7E288652C3F0F5D8D4F16624980D99DCC4F2EB5823B9A1454985D52B8B162D3A3725378D762D78148469677DADA9FFF5547054A4DFD1A9B64514715F9AA6686A4EEED2A5CB73A932DAD0543F2E4E05142E7F8D0A24AE2E39FDF4D3773A7FE13441B482E33371F54B5442D1FA8AD33751E145A5B2FD79FA68DDEFA8751DFD2AA2D3E7DF13ADF5E843513073E6CC0F74246DEDBB4F7389A1889588934822E2314E273DFEF8E3F97B711427F6B9E88C7BDF7DF789ADE6270608EA581B43ED76154329319A5D486E162C5850EF03F8D55577DDC7C13EC90D2D4A6A094C7BF5D5574F3DF9E4930F68ACEF9C3367CE86F2F2F2E94DFCAF17D7564A51903C96A6A753C1FB547319E7265ADA77DC71471647D44E39E5949DB6A4636C906879C7D1B0A8680A955738F5D453F3C7B812252ED78D4B6F63FEBAA2655F50B775BDBDE8E0B979F3E6ACB65363DE828F531B51815E7EF9E5F9F787B82A263A69163A92B672CD228662DBDC70C30D79923279F2E46D83E515FAF6C436BAF3CE3BB375EBD689ADE6A9E3EEC6504AA65F48311763CE64D17F6B5749E9BE8AE5D7F182E48696B5B1DBB77F72D6AC59FF5E55559535D6407E7FFCE31FAB6B77E42611877AD3C38C545017065DDBD0DCB64BDCC0342ED52D5C2E3B65CA94FC307F542E5169155AC45129F4E9D3273BF8E083B75526717A20FA4F140EE1C7A1EB68F586385DD1A3478FAC5FBF7E1FFACE38BD1057AAECA8555DB8B2262AC64205F5831FFC605B4BFAAB5FFD6A7EF96E5C2ADC90ADC9E6A239C5506C9BB44FE5CFE3F4CE0F7FF8C37C10BF42A210E3CD84B8024A6CB5EC188AF23A95D577C6D3B8F43F12D68618C82F4E49452259C763AD619D4B6EDA900913262CBDF4D24B67A7403E7EC89021FB37C2519BD22D5BB6BC3569D2A4454DF0EFDE945A3D8B52CBE8B1E63612F18E142A9F50B8726477442B3AFA4EECA918FC6D6757BE147E43DDDF51F714C1CE5AFFAD50B38EA188997BEEB9476CB5D2188AF2FAE28B2F9E1137CE8C06E9B3CF3E1BB764A8F71F18096E24A4B55E6CA2F25A72C3BE493BC9FFB9FFFEFBEF39FEF8E3F76FE8A337E3C78FDF98BEEFEEA6F83FD30EFA1FB6F6CEEDAAF2410C89AD6613433F49537E57F0486EE20AB6FA3CA215FDB36234EA8294888D6B2DEBDE8D33DB988913273E59525232FFB1C71E5BDC90DFF3E4934F2E5DBF7EFDE2E5CB974FB2D601F6AEBC4E0F336A1BA6F9C08B857E49FB2A3A898F1D3B365F6EAD175B53792DB969836A6A6ABEF8AB5FFDAADBFCF9F34B1B62F98B162D7A3F254F3198CEBF35F53D9B005AB8B8F1707E7976DC3B6CCC9831FB9CE044621389521CB9A9555A5454F4E5D6545E4B6EDAA038A75A595979E5EDB7DFBE79D5AA55E5F5B9EC58DEADB7DE5A5A5D5D7D556A75CCB3B601F6ADBC4E0DD22BD3D33CF1488DD22C95B17513933D129F8BCFD7BDE22D253697B7B6F25A72D3464D9E3C79527979F977AEBDF6DAF5F3E6CD5B5B1FCB5CB870E1DA585E5959D99D694779C45A06A89FF23A3D7CB990E0C4119CEBAFBF3E3A1D6F3F00DF4EC57C712B8EF85CDDC428254ED7B7C6F25A87E2B6DD227860F8F0E165DFFBDEF7EE3EE79C73668F1C3972F0DE76324E3BDF9FA74C99D2B7BABAFAFAF4FC016B17A0FECBEBF4F49EA2A2A29ED157263A034747E3E38E3B2E3BF1C413F3BB87C7008B71D97E9C7A8A842606E87BF5D557F3CBBD0BE30BD58A6E0957B6D6F25A72A3453069C488112F4D9D3AF5BEE79F7FFE9DCB2EBBACEC94534EF91FBBFBF9993367BE396EDCB88ACD9B3797A41D6E78DA019D8A0268C0F23A95B5F7C525E2F1B748722271D96EAC9ABFE7C5E863D39ABB0E486EC86AC735189A769A0BC78E1D7BD94F7FFAD35E471F7DF4E2D34F3FBDF331C71C7370EFDEBD7B76EEDCB95BCAFA37A796C0FA850B17AEFBED6F7F5BF2C61B6FF4DFBA756BDC41EFFE152B563CA2F33040E395D72941B92C253967EC415DFE625B29AF2537D4DD696264CAC7468E1C79D8FCF9F32F9C376FDEA7D2EB5E692A9CAB2A3CBE9BFD6D88EEC75ACB804F002DB5BCAEAEAEBE302539515E9F90A6B833725CAD1AE7A0E22AABD96DB1BC96DCF0213132667AB8AB76024079DDA2B85A0A0090DC0000486E000024370000921B004072030020B9010090DC0000486E000024370080E406004072030020B9010090DC0000486E602F141515555457575B11CD40ED76A81643B4B518427203F5BB631417CFD9B4699315D10C949696C6F6F88B18A2ADC510921BA85755555553D7AE5DBBD29A687AEBD7AF5F935ADED3C4106D2D8690DC40BDAAA9A9797CC58A15EDD3A395D1C4962D5B56911E1E1743B4B518427203F56AD8B061B32B2B2B67BEFBEEBB4BAC8DA693D6FFBB1515156F0C1D3AF42531445B8B21243750EFAAABABAF4AE562978D1B376EB0361A5F6969E9FB8B172FEE9AB6C337C5106D3586D83BEDAC02D8B1471E7964CDE8D1A367AD5EBDFADC1E3D7A5476EEDCB9ABB5D26895D2FA3973E694D4D4D47C79D8B0612F8A21DA6A0C21B9817AF7D0430F2D18356AD4EB2B56ACB8A8A2A2E2955EBD7AF52F2A2AB2621AD082050BFE307FFEFC9EE9E957CE3AEBACA7C4106D3D86D873F630D80DD3A64D1B505C5C7C679A8EEDDDBBF75F0E3EF8E0835225157FEB6CEDEC9BEAEAEAB29292923756AE5CB976CD9A35475655552D8AD339679F7DF65C3184184272030D6CFAF4E98353ABFB0BE9E919693A214D2AA67D5799A6D9699A91A6C75B7BC74F312486000000000000000000000000000000000000000000000000000000000000000000000000000000000000000000000000000000000000000000000000000000000000000000000000000000000000000000000000000000000000000000000000000000000000000000000000EADD7F0104B6E266ED1E5DC80000000049454E44AE426082, null);
INSERT INTO `act_ge_bytearray` VALUES ('2', '1', 'leaveBill.png', '1', 0x89504E470D0A1A0A0000000D49484452000002C3000001B808020000002FE37D8A0000247A49444154789CEDDD6F6C53D7FDC7716B85E1A14DCDB46E89F6A4AEF6003FD888B5560A8F868334E249DB6A6955E3ED01B334A90555EBAA69EAC226CAB49645D3DAA1A943746B99B589DF3C55014BA55D564897B14033FE8400A5758114B701EA02A16624E492D8F1F9DD5CC3E5E2C4C676E29C7377DE2F7D1519FBDEEB7B72D4EFF9D48EAF3D020000A0561ED9270000005C8C240100006A4792000000B52349000080DA9124000040ED48120000A07624090000503B92040000A81D49020000D48E240100006A4792000000B52349000080DA9124000040ED48120000A07624090000503B92040000A81D49020000D48E240100006A4792000000B52349000080DA9124000040ED48120000A07624090000503B92040000A81D49020000D48E240100006A4792000000B52349000080DA9124000040ED48120000A07624090000503B92040000A81D49020000D48E240100006A4792000000B52349000080DA9124000040ED48120000A07624090000503B92040000A81D49020000D48E240100006A4792000000B52349000080DA9124000040ED48120000A07624090000503B92040000A81D49020000D48E240100006A4792000000B52349000080DA9124000040ED48120000A07624090000503B92040000A81D49020000D48E240100006A4792000000B52349004A300C2391486CDCB8311C0E076F0A8542E63DF1783C93C9C83E4100981D490290CC0C106662F07ABD668630734357D78E3D3D6F146AD7ABAF6DD8F054241269686858B162452C16937DB200508C240148333838180C06CD00612686C96CAE7CF5EDDBBF66CDF70381406F6FAFEC1307805B4812801C9D9D9D662CD8D3F3C61D3384B30E1D1E58B972E5DAB56B0DC3903D020098469200169A19022291484747475519C259BFDFB225180CA6D369D94301009204B0B0CC18B162C58A783C5E738CB0DFEC308F934AA5640F0880EE4812C0828A4422738F11F63B1D6698E06D0E007291248085D3D9D939973735665657D78E70382C7B5800B446920016C8E0E060201098C71851A8471E7974EBD6ADB20707405F240960819831E2D0E181794F12C367CFDD7BAF8FF73800C8429200164222910887C3F31E230AF5F8E33FDABC79B3EC2102D01449025808C160B0DA4B4754F5B244535393EC2102D0144902A8BB4C26D3D0D050A71851A8969696FEFE7ED90305A02392045077B1582C1A8DD635493CB36953474787EC8102D0114902A8BBB56BD76EDDBAB5AE49624FCF1BC16050F64001E8882401D45D2814AAE43BBAE652A78786EEBDD7277BA00074449200EAAE4E9FFF74D6D5D131AFD72B7BA00074449200EAAEA9A969F8ECB9BA2609B33C1EFE73062001AD07A83BBFDFFFD68913240900FF93683D40DDD5F56212FC9D0400B9481240DD45A3D197B66DAB6B92E8DBB7BFA5A545F64001E8882401D4DDE6CD9B1F7FFC47754D12665259B3E6FBB2070A40472409A0EE52A994CFE7AB6B92686B6BEBEEEE963D50003A2249000BA1AE7F74797574ACA1A181AF0305200549025808757D83E3D9E79E330F2E7B880034459200168261183E9FAF1E5795B83A3A76EFBDBE743A2D7B88003445920016483C1E7FB8BD9D172400FC8F2149000BE7DB0F3ED8D5B5631E63C45B274E3437375F1D1D933D3200FA2249000B2793C9B4B4B4CCD79F5E5EBC3462C688D34343B28705406B24096041259349334C98CBFFDC63C4B71F7C70D7ABAFC91E1000DD91248085363838D8DCDCDCB76FFF5CDED430E3083102800A48128004994C66E5CA951B363C75F1D2485519E2EAE8D8B3CF3D57788B44F62000601A490290C3300C33492C5BE6379381990F2A89112F6DDB666EFFF8E33F32F387ECD307801B4812804CE974FA89279E686868F8F6830F9A41E1D0E181A2F460DEB37DFBFF3DDCDE6E6EB366CDF753A994EC530680DB902400F90CC3482412D168B4B9B9D9733BF31E3346C4E3F14C2623FB340160162409404566AA907D0A0050119204A0228F87FF3601B803DD0A50114902805BD0AD0015912400B805DD0A50114902805BD0AD0015912400B805DD0A50114902805BD0AD0015912400B805DD0A50114902805BD0AD0015912400B805DD0A50114902805BD0AD0015912400B805DD0A50114902805BD0AD0015912400B805DD0A50114902805BD0AD0015912400B805DD0A50114902805BD0AD0015912400B805DD0A50114902805BD0AD0015912400B805DD0A50114902805BD0AD0015912400B805DD0A50114902805BD0AD0015912400B805DD0A50114902805BD0AD0015912400B805DD0A50114902805BD0AD0015912400B805DD0A50114902805BD0AD0015912400B805DD0A50114902805BD0AD0015912400B805DD0A50114902805BD0AD0015912400B805DD0A50114902805BD0AD0015912400B805DD0A50453C1E370384D7EB0D0402E68DA6A626F3E7D2A54B93C9A4EC530380924812802A76EEDCE999A1B5B5359148C83E350028892401A8C2308C254B963863C4F2E5CB9B9A9A32998CEC5303809248128042D6AF5FBF68D1223B49AC5BB7AEA3A343F6490140392409402D8D8D8D8518D1DEDEEEF3F90CC3907D4600500E490250CBDEBD7B172F5E6C26895028C45F4800501F490250CEAA55AB0A4942F68900C09D912400E5A4D3693349F0E14F00AE40920054C495A900B805DD0AB8C5308C783C1E894482C1A0CFE79B7975074D9863377F03E17038168BF1195400E59124801BBABBBBCD15D48C11DBB76FDFD3D3737A6868329BD5B3CCB19BBF81AEAEAE356BD698BF13334FC89E1C00EA224900C2FCDFEE6834DAD6D6367C7678323B4939EBE2A58B669E307F39E9745AF6440150114902BA33634420107869DB8B93D909AA54ED7A75574B4B4B2A95923D5D0094439280EEA2D1A81523AE53E56B4FCFEE952BBF267BBA0028872401AD757777B7B5ADCEE60CAA927AF2A73FD9B4E969D99306402D2409E8CB300C9FCF77F65C2A9B1BA72AA9D1B18F9B9B9773A10B004E2409E82B168B45A3D16CEE9A5DADA16F56F83949E75E5AD5A64DBFE44BC500389124A0AF7038DCB5E36FB762C4EAB60F85787F4A9CCA8AB727C4D109716834B779C71BAF9FBB726052FCC710070CD1774DECBE2E7ED777FC91B58F4A5FD4A5D4E181FE4020207BEA00288424017DF9FDFE13278E64736385F2783CA3428CE5C5959CB83C29AE09F1E39F3DE5F9C4A757AC0E9FCB8AE109317C5DA40C713A275E7EF3A8F5B2C49886353A36E2F57A654F1D00859024A0AF8686864B23E7B2B9D14299E1E0DA9498989A7E28979FFEF9CA6BFFF8E297BEFCF3679ECD09713527AE64C5E5ACC808B1FBE0312B498CEA591EAEE40DC0818E007D5969E0AA5DE63FC77262645C4C4EDDD82093C9FCF6F9179EFECDF3C3E7A72FCA94CD8B492B61EC3F7CB4685FAD8A2401C0898E007D5969E0BF764D27892971F19AF868546485989C98F02F5BE6F1DCE5F1781FFAEE1AE78E87068E14EDAB5591240038D111A02F2B0D5CB1ABF0EEC6C8B8387F555CB82E0E9D78AFB1B1F1AE459FFCD4DDF744BE775B92387878A0685FAD8A2401C0898E007D5969206397F9CFF1BCB86C4CBF2671F1BAE83998FC4AF3FDF77CFE0B77377CF6853FBF7C5D88D109716D627AC7BEFE8345FB6A552409004E7404E8CB5C1173B98FED2A2C906698B892151F4F8AF357B3FB8FA79ABFFA40EBD7BF7161427C64880B861899106696E83B70B0685FAD8A2401C0898E007D15A58160EBCA63EF9C3A743CD93F98DC3790DC77E4E4FE6343FF3CF0F69BC7CFEC1D38F9EF8177F71D79B7FFE8C9E3A73ED8F2876D0FB73F2C7D4527490050011D01FAB292C465673DF6D8A3955CE0F23B0F3D54B4A356459200E0444780BEAC243142555B2409004E7404E86B3A494C5DA2AA2D920400273A02F46525898B54B5459200E0444780BEAC247181AAB64812009CE808D09795243EA2AA2D920400273A02F465258934556D91240038D111A02F92044902C0DCD111A02F2B497C48555B2409004E7404E8CB5C11A7A6CE53D516490280131D01FAB292C439AADA22490070A223405F5692384B555B2409004E7404E8CB4A12C3F528FBC8455FD8517EE34A0E78C7FBEB3728E753C89E3A000AA123405FD6A2FB413DCA3EB2F3299C779657E680A51EAAF038F3353AD9530740217404E8AB1E6B6DD1425E7E699F3567CC7AA8CA2342FD02044902C0ACE808D097B5E8BE5F8FB28FEC7C8AA2A79BF9EC653628731CFBCED90247BD46277BEA0028848E007D4DAFB5F9543DEAC6427EF3C6ADA5DDB181FDB3CC3D255F93B8FD598A9EBA4E83723E85ECA903A0103A02F4652DBA67E6BD6E2EF0E53628BA5174BBFCA3B3DE2E1138E67F7485E7923D750014424780BEACB5F6BDF9ADC231ED9FB3ADEEC51BCFBC5DFED16A6FD7638CB2A70E8042E808D097B5DC0ED5A3EC23176E9479A2321B947D77A3F889666E5FA7A1159E48F6D40150081D01FAB296DBD3F528FBC8851B8ED5BDDCC6951C70D6FB9D3F2B3FE65C46277BEA0028848E007D59CBEDA97A54E1C8F6CF524F643F54661BE701CB1CC1BEED482D75195AE189644F1D0085D011A0AF7A2CB7B3AEE54577965AECCB84803249E28EB7491200EA8A8E007D992B623E7F92AAB64812009CE808D0979524DEA5AA2D920400273A02F465258924556D91240038D111A02F2B49BC43555B2409004E7404E8CBEBF58E8F1FC9E7DFA6AA2A920400273A02F4E5F3F9CE9C793D9F3F4155552409004E7404E82B140AFDBD7B6B5EBC45555EEF245FF1FBFDB2A70E80424812D05767676747C70FA4AFCDEEAA3FC59E8946A3B2A70E80424812D0572A95F2FBEF1B370EE5C571AAC20A8757251209D9530740212409686DE3B4B579718CAAA4FE1AFF752412923D6900D4429280D60CC308061FE8EFFF8B1047A9F2954EF7F8FDF765327DB2270D805A4812D05D32990C04962593092106A95265C6083372F5F6BE287BBA002887240188FEFE7E334C7476FE508823D4CC4A249EF3FB7DBDBD7F943D510054449200A61986D1D1110D06EF8FC57E914EEF166280CA64FE158FFF2A12690B8783E66DD9530440512409E096DEDEDE68F45B4D4D9FF3C0E36968F84C24B2DA0C13B2A70580D24812808AB8660300B72049002AF270456A002E41B70254449200E016742B40452409006E41B70254449200E016742B40452409006E41B70254449200E016742B40452409006E41B70254449200E016742B40452409006E41B70254449200E016742B40452409006E41B70254449200E016742B40452409006E41B70254449200E016742B40452409006E41B70254449200E016742B40452409006E41B70254449200E016742B40452409006E41B70254449200E016742B40452409006E41B70254449200E016742B40452409006E41B70254449200E016742B40452409006E41B70254118FC7CD00E1F57A03818079A3A9A9C9FCB974E9D2643229FBD400A0249204A08A9D3B777A66686D6D4D2412B24F0D004A224900AA300C63C99225CE18B17CF9F2A6A6A64C2623FBD400A0249204A090F5EBD72F5AB4C84E12EBD6ADEBE8E8907D5200500E4902504B6363632146B4B7B7FB7C3EC330649F110094439200D4B277EFDEC58B179B4922140AF1171200D447920094B36AD5AA4292907D2200706724094039E974DA4C127CF813802B9024001571652A006E41B7026E310C231E8F4722916030E8F3F9665EDD4113E6D8CDDF40381C8EC5627C061540792409E086EEEE6E73053563C4F6EDDBF7F4F49C1E1A9ACC66F52C73ECE66FA0ABAB6BCD9A35E6EFC4CC13B2270780BA48128030FFB73B1A8DB6B5B50D9F1D9ECC4E52CEBA78E9A29927CC5F4E3A9D963D510054449280EECC181108045EDAF6E26476822A55BB5EDDD5D2D2924AA5644F1700E59024A0BB68346AC588EB54F9DAD3B37BE5CAAFC99E2E00CA2149406BDDDDDD6D6DABB33983AAA49EFCE94F366D7A5AF6A401500B4902FA320CC3E7F39D3D97CAE6C6A94A6A74ECE3E6E6E55CE80280134902FA8AC562D168349BBB66576BE89B157E4ED2B99756B569D32FF95231004E2409E82B1C0E77EDF8DBAD18B1BAED4321DE9F12A7B2E2ED097174421C1ACD6DDEF1C6EBE7AE1C9814FF31C40143F45D13BBAF8BDFF51D7F64EDA3D21775297578A03F1008C89E3A000A2149405F7EBFFFC48923D9DC58A13C1ECFA81063797125272E4F8A6B42FCF8674F793EF1E915ABC3E7B26278420C5F1729439CCE8997DF3C6ABD2C31A6618D8E8D78BD5ED9530740212409E8ABA1A1E1D2C8B96C6EB4506638B8362526A6A61FCAE5A77FBEF2DA3FBEF8A52FFFFC996773425CCD892B5971392B3242EC3E78CC4A12A37A96872B790370A023405F561AB86A97F9CFB19C18191793533736C86432BF7DFE85A77FF3FCF0F9E98B3265F362D24A18FB0F1F2DDA57AB22490070A223405F561AF8AF5DD349624A5CBC263E1A155921262726FCCB96793C77793CDE87BEBBC6B9E3A1812345FB6A552409004E7404E8CB4A0357EC2ABCBB31322ECE5F1517AE8B4327DE6B6C6CBC6BD1273F75F73D91EFDD96240E1E1E28DA57AB22490070A223405F561AC8D865FE733C2F2E1BD3AF495CBC2E7A0E26BFD27CFF3D9FFFC2DD0D9F7DE1CF2F5F176274425C9B98DEB1AFFF60D1BE5A15490280131D01FA3257C45CEE63BB0A0BA41926AE64C5C793E2FCD5ECFEE3A9E6AF3ED0FAF56F5C98101F19E282214626849925FA0E1C2CDA57AB22490070A223405F456920D8BAF2D83BA70E1D4FF60F26F70D24F71D39B9FFD8D03F0FBCFDE6F1337B074EFE7BE0DD7D47DEED3F7AF2F8A90FB6FC61DBC3ED0F4B5FD149120054404780BEAC2471D9598F3DF6682517B8FCCE430F15EDA85591240038D111A02F2B498C50D516490280131D01FA9A4E125397A86A8B2401C0898E007D5949E222556D91240038D111A02F2B495CA0AA2D920400273A02F46525898FA86A8B2401C0898E007D5949224D555B2409004E7404E88B2441920030777404E8CB4A121F52D516490280131D01FA3257C4A9A9F354B5459200E0444780BEAC24718EAAB64812009CE808D0979524CE52D516490280131D01FAB292C4F0DCAB709C995FCF31739B5977ACFCFE0AB7B11F9A7963BEC62B7BEA0028848E007D59EBEB0773AF99C72973CF6C81E3CE079C75C752C7713E579903CE65BCB2A70E8042E808D0D7BCACAF952CDBA51E2A750295C78BA2478B82054902C002A023405FD6FAFAFE5CCA3E82F3C6CD85BCE436331FAAF0FE0AB799F5AC2A3C6C85A3963D750014424780BEA657D67C6A2E752B37DCFCA7F3A152DBDCF6CA4189C3967FBA59DEDA986D77FBA132CF55DBA8654F1D0085D011A02F6B713D33F72A1C67E6D1EC7B9C0FDDF1494B1DADCC718A36BE991B663F817919AFECA903A0103A02F465ADAFEFCDB10A07B17FDEFE3AC1AD0D9C8F567EC0990F957E4D6296A79879635E8A2401C0898E007D59EBEBD05CCAB172DF7667996DEEB871A987CA3C5AEA20A59E74EEA3963D750014424780BEACF5F5F4BCD4CDAC70E376F92D2BFCE7CCE3947D4D629683146ED81BCCD7784912009CE808D097B5B29E9A4B3916F2DBEE2CB5E5CC479DFF9CB9639933ACE4A1A2279DFB78EDC3CA9E3A000AA123405FF3B5B216A58ADB5F2AB8B59C97DA72D66D6646904A924451B2298A14240900F5404780BECC15319F3F49555B2409004E7404E8CB4A12EF52D516490280131D01FAB2924492AAB64812009CE808D0979524DEA1AA2D920400273A02F4E5F57AC7C78FE4F36F535515490280131D01FAF2F97C67CEBC9ECF9FA0AA2A920400273A02F4150A85FEDEBD352FDEA22AAF7792AFF8FD7ED9530740212409E8ABB3B3B3A3E307D2D76677D59F62CF44A351D9530740212409E82B954AF9FDF78D1B87F2E238556185C3AB128984ECA903A0109204B4B671DADABC384655527F8DFF3A1209C99E34006A2149406B866104830FF4F7FF4588A354F94AA77BFCFEFB32993ED99306402D2409E82E994C0602CB92C984108354A932638419B97A7B5F943D5D0094439200447F7FBF19263A3B7F28C4116A662512CFF9FDBEDEDE3FCA9E28002A224900D30CC3E8E8880683F7C762BF48A7770B31406532FF8AC77F1589B485C341F3B6EC2902A0289204704B6F6F6F34FAADA6A6CFCDFA15E1BA6968F84C24B2DA0C13B2A70580D24812808AB8660300B72049002AF270456A002E41B70254449200E016742B40452409006E41B70254449200E016742B40452409006E41B70254449200E016742B40452409006E41B70254449200E016742B40452409006E41B70254449200E016742B40452409006E41B70254449200E016742B40452409006E41B70254449200E016742B40452409006E41B70254118FC7CD00E1F57A03818079A3A9A9C9FCB974E9D2643229FBD400A0249204A08A9D3B777A66686D6D4D2412B24F0D004A224900AA300C63C99225CE18B17CF9F2A6A6A64C2623FBD400A0249204A090F5EBD72F5AB4C84E12EBD6ADEBE8E8907D5200500E4902504B6363632146B4B7B7FB7C3EC330649F110094439200D4B277EFDEC58B179B4922140AF1171200D447920094B36AD5AA4292907D2200706724094039E974DA4C127CF813802B9024001571652A006E41B7026E310C231E8F4722916030E8F3F9665EDD4113E6D8CDDF40381C8EC5627C061540792409E086EEEE6E73053563C4F6EDDBF7F4F49C1E1A9ACC66F52C73ECE66FA0ABAB6BCD9A35E6EFC4CC13B2270780BA48128030FFB73B1A8DB6B5B50D9F1D9ECC4E52CEBA78E9A29927CC5F4E3A9D963D510054449280EECC181108045EDAF6E26476822A55BB5EDDD5D2D2924AA5644F1700E59024A0BB68346AC588EB54F9DAD3B37BE5CAAFC99E2E00CA2149406BDDDDDD6D6DABB33983AAA49EFCE94F366D7A5AF6A401500B4902FA320CC3E7F39D3D97CAE6C6A94A6A74ECE3E6E6E55CE80280134902FA8AC562D168349BBB66576BE89B157E4ED2B99756B569D32FF95231004E2409E82B1C0E77EDF8DBAD18B1BAED4321DE9F12A7B2E2ED097174421C1ACD6DDEF1C6EBE7AE1C9814FF31C40143F45D13BBAF8BDFF51D7F64EDA3D21775297578A03F1008C89E3A000A2149405F7EBFFFC48923D9DC58A13C1ECFA81063797125272E4F8A6B42FCF8674F793EF1E915ABC3E7B26278420C5F1729439CCE8997DF3C6ABD2C31A6618D8E8D78BD5ED9530740212409E8ABA1A1E1D2C8B96C6EB4506638B8362526A6A61FCAE5A77FBEF2DA3FBEF8A52FFFFC996773425CCD892B5971392B3242EC3E78CC4A12A37A96872B790370A023405F561AB86A97F9CFB19C18191793533736C86432BF7DFE85A77FF3FCF0F9E98B3265F362D24A18FB0F1F2DDA57AB22490070A223405F561AF8AF5DD349624A5CBC263E1A155921262726FCCB96793C77793CDE87BEBBC6B9E3A1812345FB6A552409004E7404E8CB4A0357EC2ABCBB31322ECE5F1517AE8B4327DE6B6C6CBC6BD1273F75F73D91EFDD96240E1E1E28DA57AB22490070A223405F561AC8D865FE733C2F2E1BD3AF495CBC2E7A0E26BFD27CFF3D9FFFC2DD0D9F7DE1CF2F5F176274425C9B98DEB1AFFF60D1BE5A15490280131D01FA3257C45CEE63BB0A0BA41926AE64C5C793E2FCD5ECFEE3A9E6AF3ED0FAF56F5C98101F19E282214626849925FA0E1C2CDA57AB22490070A223405F456920D8BAF2D83BA70E1D4FF60F26F70D24F71D39B9FFD8D03F0FBCFDE6F1337B074EFE7BE0DD7D47DEED3F7AF2F8A90FB6FC61DBC3ED0F4B5FD149120054404780BEAC2471D9598F3DF6682517B8FCCE430F15EDA85591240038D111A02F2B498C50D516490280131D01FA9A4E125397A86A8B2401C0898E007D5949E222556D91240038D111A02F2B495CA0AA2D920400273A02F46525898FA86A8B2401C0898E007D5949224D555B2409004E7404E88B2441920030777404E8CB4A121F52D516490280131D01FA3257C4A9A9F354B5459200E0444780BEAC24718EAAB64812009CE808D0979524CE52D516490280131D01FAB292C4705DABFC53381FAD7CCB520FCDBC51BF41C99E3A000AA123405FD68AFB415DCBF914B33E5DE1CE990FDDF15BC4661E76E68DFA0D4AF6D40150081D01FAAAD38A7BC7B5BF92CDCA9F9B9D3F9C7B91240048414780BEAC15F7FDBA56E129667DA2CAEF2C73BFF3A1A21BF51B1D490280131D01FA9A5E6BF3A9F9AD3BBF2BE1D872D6DD2B39D4ACBBD80FCDDC66DEC7287BEA0028848E007D59CBED99BA5699A7289D1266D9B7D46DFB38CEFBEB3D2E920400273A02F465ADB8EFD5AFECE3DF5CECABDEBD74DAB86D83994F57EF71C99E3A000AA123405FD68A3B54A7BA7DE12FB98DFDD37963E63F4BDD9E75F7BA8EAB707CD9530740217404E8CB5A714FD7A30A472E3ABEF39F451BCCBC51B85DFA3589590E6B1F73D6679FDFD1C99E3A000AA123405FD65A7B6A7EEBE6427EE376D14345B767DD60D6B32A73AACEA7731EA11EA3B39F48F6D40150081D01FAAADF5AEB5CDA6F7F2D6196B57FE6061526893B1E9624016001D011A02F7345CCE74F52D516490280131D01FAB292C4BB54B5459200E0444780BEAC2491A4AA2D920400273A02F465258977A86A8B2401C0898E007D79BDDEF1F123F9FCDB5455459200E0444780BE7C3EDF9933AFE7F327A8AA8A2401C0898E007D8542A1BF776FCD8BB7A8CAEB9DE42B7EBF5FF6D40150084902FAEAECECECE8F881F4B5D95DF5A7D833D16854F6D40150084902FA4AA5527EFF7DE3C6A1BC384E5558E1F0AA4422217BEA0028842401AD6D9CB6362F8E5195D45FE3BF8E4442B2270D805A4812D09A6118C1E003FDFD7F11E22855BED2E91EBFFFBE4CA64FF6A401500B4902BA4B269381C0B2643221C42055AACC186146AEDEDE17654F1700E5902400D1DFDF6F8689CECE1F0A71849A5989C4737EBFAFB7F78FB2270A808A4812C034C3303A3AA2C1E0FDB1D82FD2E9DD420C5099CCBFE2F15F45226DE170D0BC2D7B8A00288A2401DCD2DBDB1B8D7EABA9E97333BFEF5B430D0D9F8944569B6142F6B400501A49025011D76C00E016240940451EAE480DC025E856808A481200DC826E05A8882401C02DE856808A481200DC826E05A8882401C02DE856808A481200DC826E05A8882401C02DE856808A481200DC826E05A8882401C02DE856808A481200DC826E05A8882401C02DE856808A481200DC826E05A8882401C02DE856808A481200DC826E05A8882401C02DE856808A481200DC826E05A8882401C02DE856808A481200DC826E05A8882401C02DE856808A481200DC826E05A8882401C02DE856808A481200DC826E05A8882401C02DE856808A481200DC826E05A8882401C02DE856802AE2F1B81920BC5E6F2010306F343535993F972E5D9A4C26659F1A009444920054B173E74ECF0CADADAD894442F6A90140492409401586612C59B2C41923962F5FDED4D494C964649F1A009444920014B27EFDFA458B16D94962DDBA751D1D1DB24F0A00CA2149006A696C6C2CC488F6F6769FCF671886EC330280724812805AF6EEDDBB78F1623349844221FE420280FA4812807256AD5A554812B24F0400EE8C240128279D4E9B49820F7F0270059204A022AE4C05C02DE85680120CC34824121B376E0C87C3C19B42A190794F2C164BA7D3B24F10006647920024330384991E665E93AA482010D8BA752B1FE500A01A9204204D6F6FEF8A152BEE98219C7C3E1F1FE800A014920420816118D16874E6AB0E4F3EF9D3AEAE1D7B7ADEB06BC386A7DADADA8AB60C87C35CF81280224812C0424BA7D3452F453CFEF88F4E0F0D4D6673A5EAE2A591DF6FD952F84E2FFBC589C1C141D94301009204B0B052A9941902EC40100A85CA6788A23CB161C353F6BE5EAFB7BFBF5FF68000E88E24012C1CC3309CAF463CB369538519C259DBB7FF9F9921EC5726F8580700B94812C0C2894422768CE8EADA51438C28D4A1C3030D0D0D85E3048341D9C302A0359204B0401289C41C5F8D70D6AE575FB38FB679F366D98303A02F9204B040028180FDB711738C1185B2FF66A2A9A989EB4C00908524012C84783C6EFF99E4F0D973F39224AE8E8ED99FE678E28927640F1180A64812C042080683F6073EE7254614EAA56DDB0A876D6868903D44009A2249007597C964ECBF6998AF1724ECBAF7DE1B9F29EDEDED953D50003A22490075178BC5ECCF59CC6F8C30EB91471E2D1CBCA3A343F64001E8882401D4DDDAB56BE7EB231B336B4FCF1B8583AF58B142F64001E8882401D45D28142A2CF6BB5E7D6DDE93C4E9A121FB2A55B2070A40472409A0EEECCF7F1E3A3C30EF49C22CFB8F30640F14808E683D40DDD99FD5ACFC2B36AA2AFBF8B2070A4047B41EA0EEFC7E7F61A57FEBC4897A2409FB6B38640F14808E683D40DDD91793D8D3F3C6BCC7888B9746B8A4040089481240DD45A3D1C262FFFB2D5BE63D49BC75E244E1E0814040F64001E8882401D45D67676761B15FB3E6FBF39E249ED9B4A970F04824227BA00074449200EA2E994CDA6F405C1D1D9BDF24B172E5CAC2C163B198EC8102D011490258083EDF8D6B5A7775ED98C718615F4CC294C964648F12808E4812C042E8E8E828ACF7CDCDCDF3F8B2C4B71F7CB070D870382C7B88003445920016422693B1AFFA305FD7CCEEDBB7DF7E4162707050F61001688A24012C90CD9B3717567DAFD73BF78F839E1E1AB2A3C9DAB56B650F0E80BE4812C0C259B1624561ED3743C05CAE77797574ACB9B9D93E543A9D963D3200FA2249000B27954A353434D809A0B6AFE1183E7BCE8E115EAFB7B7B757F6B000688D24012C2873E1B7FFB8C1CC01D55EABAA6FDF7EFB4D0DD3E6CD9B650F0880EE4812C0424B2412F62B13854F7354F26DE3C367CF3DDCDEEE71204600500149029020994CDA5FEB65E7890D1B9E9AF9155F6680F8FD962D6D6D6DCE8DCD20C29B1A0014419200E4C864321B376EB4BFC6B3484B4B4BA9872291087F6209401D240940263313D8DFEF7547C160B0BFBF5FF62903C06D4812807C8661C4E3713352040281A2F4E0F3F9C2E1F0D6AD5B791D02809A48120000A07624090000503B92040000A81D49020000D48E240100006AF7FF8405534DB8D113C80000000049454E44AE426082, '0');
INSERT INTO `act_ge_bytearray` VALUES ('22502', '1', '001.bpmn20.xml', '22501', 0x3C3F786D6C2076657273696F6E3D22312E302220656E636F64696E673D225554462D38223F3E0A3C646566696E6974696F6E7320786D6C6E733D22687474703A2F2F7777772E6F6D672E6F72672F737065632F42504D4E2F32303130303532342F4D4F44454C2220786D6C6E733A7873693D22687474703A2F2F7777772E77332E6F72672F323030312F584D4C536368656D612D696E7374616E63652220786D6C6E733A7873643D22687474703A2F2F7777772E77332E6F72672F323030312F584D4C536368656D612220786D6C6E733A61637469766974693D22687474703A2F2F61637469766974692E6F72672F62706D6E2220786D6C6E733A62706D6E64693D22687474703A2F2F7777772E6F6D672E6F72672F737065632F42504D4E2F32303130303532342F44492220786D6C6E733A6F6D6764633D22687474703A2F2F7777772E6F6D672E6F72672F737065632F44442F32303130303532342F44432220786D6C6E733A6F6D6764693D22687474703A2F2F7777772E6F6D672E6F72672F737065632F44442F32303130303532342F44492220747970654C616E67756167653D22687474703A2F2F7777772E77332E6F72672F323030312F584D4C536368656D61222065787072657373696F6E4C616E67756167653D22687474703A2F2F7777772E77332E6F72672F313939392F585061746822207461726765744E616D6573706163653D22687474703A2F2F7777772E61637469766974692E6F72672F70726F63657373646566223E0A20203C70726F636573732069643D224C6561766542696C6C22206E616D653D224C6561766542696C6C50726F636573732220697345786563757461626C653D2274727565223E0A202020203C73746172744576656E742069643D227369642D31414534463030312D363834342D343038352D424344372D34323439424630464446334622206E616D653D22E5BC80E5A78B223E3C2F73746172744576656E743E0A202020203C757365725461736B2069643D227369642D43323136314446452D363933342D344142412D384242392D38453634433134343444314422206E616D653D22E590AFE58AA8E5AEA1E689B9222061637469766974693A61737369676E65653D22247B696E707574557365727D223E3C2F757365725461736B3E0A202020203C73657175656E6365466C6F772069643D227369642D43374246353244332D313245342D343046412D394145352D3130313843313534363335462220736F757263655265663D227369642D31414534463030312D363834342D343038352D424344372D34323439424630464446334622207461726765745265663D227369642D43323136314446452D363933342D344142412D384242392D384536344331343434443144223E3C2F73657175656E6365466C6F773E0A202020203C757365725461736B2069643D227369642D36443843393432332D374337372D344437422D393834382D45413734443538363646363622206E616D653D22E7BB8FE79086E5AEA1E689B9223E0A2020202020203C657874656E73696F6E456C656D656E74733E0A20202020202020203C61637469766974693A657865637574696F6E4C697374656E6572206576656E743D2273746172742220636C6173733D226F72672E7869616F6A6C2E6F612E6C697374656E65722E4C656176655461736B4C697374656E6572223E3C2F61637469766974693A657865637574696F6E4C697374656E65723E0A2020202020203C2F657874656E73696F6E456C656D656E74733E0A202020203C2F757365725461736B3E0A202020203C73657175656E6365466C6F772069643D227369642D36323546354130392D313830332D343842442D413034302D3235444344463436464438412220736F757263655265663D227369642D43323136314446452D363933342D344142412D384242392D38453634433134343444314422207461726765745265663D227369642D36443843393432332D374337372D344437422D393834382D454137344435383636463636223E3C2F73657175656E6365466C6F773E0A202020203C757365725461736B2069643D227369642D38453835454435432D344231452D344634312D383835432D33443330364342333642374222206E616D653D22E680BBE7BB8FE79086E5AEA1E689B9223E0A2020202020203C657874656E73696F6E456C656D656E74733E0A20202020202020203C61637469766974693A657865637574696F6E4C697374656E6572206576656E743D2273746172742220636C6173733D226F72672E7869616F6A6C2E6F612E6C697374656E65722E4C656176655461736B4C697374656E6572223E3C2F61637469766974693A657865637574696F6E4C697374656E65723E0A2020202020203C2F657874656E73696F6E456C656D656E74733E0A202020203C2F757365725461736B3E0A202020203C73657175656E6365466C6F772069643D227369642D41373346323231422D464134452D344641312D394241462D3041314346453643383145442220736F757263655265663D227369642D36443843393432332D374337372D344437422D393834382D45413734443538363646363622207461726765745265663D227369642D38453835454435432D344231452D344634312D383835432D334433303643423336423742223E3C2F73657175656E6365466C6F773E0A202020203C656E644576656E742069643D227369642D42353233424432302D383143412D343136442D413738432D35363432344534343336423122206E616D653D22E7BB93E69D9F223E3C2F656E644576656E743E0A202020203C73657175656E6365466C6F772069643D227369642D43393730353433422D454545362D344646462D414439412D4444343942364539454341352220736F757263655265663D227369642D38453835454435432D344231452D344634312D383835432D33443330364342333642374222207461726765745265663D227369642D42353233424432302D383143412D343136442D413738432D353634323445343433364231223E3C2F73657175656E6365466C6F773E0A20203C2F70726F636573733E0A20203C62706D6E64693A42504D4E4469616772616D2069643D2242504D4E4469616772616D5F4C6561766542696C6C223E0A202020203C62706D6E64693A42504D4E506C616E652062706D6E456C656D656E743D224C6561766542696C6C222069643D2242504D4E506C616E655F4C6561766542696C6C223E0A2020202020203C62706D6E64693A42504D4E53686170652062706D6E456C656D656E743D227369642D31414534463030312D363834342D343038352D424344372D343234394246304644463346222069643D2242504D4E53686170655F7369642D31414534463030312D363834342D343038352D424344372D343234394246304644463346223E0A20202020202020203C6F6D6764633A426F756E6473206865696768743D2233302E30222077696474683D2233302E302220783D2236302E302220793D223230352E30223E3C2F6F6D6764633A426F756E64733E0A2020202020203C2F62706D6E64693A42504D4E53686170653E0A2020202020203C62706D6E64693A42504D4E53686170652062706D6E456C656D656E743D227369642D43323136314446452D363933342D344142412D384242392D384536344331343434443144222069643D2242504D4E53686170655F7369642D43323136314446452D363933342D344142412D384242392D384536344331343434443144223E0A20202020202020203C6F6D6764633A426F756E6473206865696768743D2238302E30222077696474683D223130302E302220783D223133352E302220793D223138302E30223E3C2F6F6D6764633A426F756E64733E0A2020202020203C2F62706D6E64693A42504D4E53686170653E0A2020202020203C62706D6E64693A42504D4E53686170652062706D6E456C656D656E743D227369642D36443843393432332D374337372D344437422D393834382D454137344435383636463636222069643D2242504D4E53686170655F7369642D36443843393432332D374337372D344437422D393834382D454137344435383636463636223E0A20202020202020203C6F6D6764633A426F756E6473206865696768743D2238302E30222077696474683D223130302E302220783D223237302E302220793D223138302E30223E3C2F6F6D6764633A426F756E64733E0A2020202020203C2F62706D6E64693A42504D4E53686170653E0A2020202020203C62706D6E64693A42504D4E53686170652062706D6E456C656D656E743D227369642D38453835454435432D344231452D344634312D383835432D334433303643423336423742222069643D2242504D4E53686170655F7369642D38453835454435432D344231452D344634312D383835432D334433303643423336423742223E0A20202020202020203C6F6D6764633A426F756E6473206865696768743D2238302E30222077696474683D223130302E302220783D223432302E302220793D223138302E30223E3C2F6F6D6764633A426F756E64733E0A2020202020203C2F62706D6E64693A42504D4E53686170653E0A2020202020203C62706D6E64693A42504D4E53686170652062706D6E456C656D656E743D227369642D42353233424432302D383143412D343136442D413738432D353634323445343433364231222069643D2242504D4E53686170655F7369642D42353233424432302D383143412D343136442D413738432D353634323445343433364231223E0A20202020202020203C6F6D6764633A426F756E6473206865696768743D2232382E30222077696474683D2232382E302220783D223537302E302220793D223230362E30223E3C2F6F6D6764633A426F756E64733E0A2020202020203C2F62706D6E64693A42504D4E53686170653E0A2020202020203C62706D6E64693A42504D4E456467652062706D6E456C656D656E743D227369642D36323546354130392D313830332D343842442D413034302D323544434446343646443841222069643D2242504D4E456467655F7369642D36323546354130392D313830332D343842442D413034302D323544434446343646443841223E0A20202020202020203C6F6D6764693A776179706F696E7420783D223233352E302220793D223232302E30223E3C2F6F6D6764693A776179706F696E743E0A20202020202020203C6F6D6764693A776179706F696E7420783D223237302E302220793D223232302E30223E3C2F6F6D6764693A776179706F696E743E0A2020202020203C2F62706D6E64693A42504D4E456467653E0A2020202020203C62706D6E64693A42504D4E456467652062706D6E456C656D656E743D227369642D43393730353433422D454545362D344646462D414439412D444434394236453945434135222069643D2242504D4E456467655F7369642D43393730353433422D454545362D344646462D414439412D444434394236453945434135223E0A20202020202020203C6F6D6764693A776179706F696E7420783D223532302E302220793D223232302E30223E3C2F6F6D6764693A776179706F696E743E0A20202020202020203C6F6D6764693A776179706F696E7420783D223537302E302220793D223232302E30223E3C2F6F6D6764693A776179706F696E743E0A2020202020203C2F62706D6E64693A42504D4E456467653E0A2020202020203C62706D6E64693A42504D4E456467652062706D6E456C656D656E743D227369642D41373346323231422D464134452D344641312D394241462D304131434645364338314544222069643D2242504D4E456467655F7369642D41373346323231422D464134452D344641312D394241462D304131434645364338314544223E0A20202020202020203C6F6D6764693A776179706F696E7420783D223337302E302220793D223232302E30223E3C2F6F6D6764693A776179706F696E743E0A20202020202020203C6F6D6764693A776179706F696E7420783D223432302E302220793D223232302E30223E3C2F6F6D6764693A776179706F696E743E0A2020202020203C2F62706D6E64693A42504D4E456467653E0A2020202020203C62706D6E64693A42504D4E456467652062706D6E456C656D656E743D227369642D43374246353244332D313245342D343046412D394145352D313031384331353436333546222069643D2242504D4E456467655F7369642D43374246353244332D313245342D343046412D394145352D313031384331353436333546223E0A20202020202020203C6F6D6764693A776179706F696E7420783D2239302E302220793D223232302E30223E3C2F6F6D6764693A776179706F696E743E0A20202020202020203C6F6D6764693A776179706F696E7420783D223133352E302220793D223232302E30223E3C2F6F6D6764693A776179706F696E743E0A2020202020203C2F62706D6E64693A42504D4E456467653E0A202020203C2F62706D6E64693A42504D4E506C616E653E0A20203C2F62706D6E64693A42504D4E4469616772616D3E0A3C2F646566696E6974696F6E733E, '0');
INSERT INTO `act_ge_bytearray` VALUES ('22503', '1', '001.LeaveBill.png', '22501', 0x89504E470D0A1A0A0000000D49484452000002600000010E08060000002E7DAB67000012074944415478DAEDDD7F8855759F07F0A0A22722222822DAA0D8A58DFE8808A28D3688A03F82277AA01F53CEA43289536E96A9513D154626595152BBB115C153D1D64688B9AE6BEA8C3F2BA51F62AE658F6EFEC8CC69DCD6C77CD24CEBECF91C3CC3F13A338ECEDC3BE7DE79BDE0CB5CEFBD33D6DCB79FEFE77CCFF79E7BDC71000000000000000000000000000000000000000000000000000000000000000000000000000000000000000000000000000000000000000000000000000000000000000000000000000000000000000000000000000000000000000000000000000000000000000000000000000000000000000000000000000000000000000000000000000000000000000000000000000000000000000000000000000000000000000000000000000000000000000000000000000000000000000000000000000000000000000000000000000000000000000000000000000000000000000000000000000000000000000000000000000000000000000000000000000000000000000000000000000000000000000000000000000000000000000000000000000000000000000000000000000000000000000000000000000000000000000000000000000000000000000000000000000000000000000000000000000000000000000000000000000000000000000000000000000000000000000000000000000000000000000000000000000000000000000000000000000000000000000000000000000000004069244972C2C68D1BDF5DB972E5AF1D1D1DC9C2850B8D1A8FF6F6F664D9B265FF9B8E16D930EA211B722557C00045215CBE7C79D2D5D595ECDBB7CF18A2B163C78E64E9D2A5BBD2C278936C1865CF865CC91530407114AA1096A620EE4B8F4ED7C98651F66CC8955C010314A70014A2F28CB418EE970DA3ECD9902BB9020628F6032842A52A86896C1865CF865CC91550A362F8D7BF6C4F367EF2A7E48BF6C7B311B7E33E054C03261B264AB9922BA00AC570F7CE6DC9DAF98F269FCFBDFF9011F7C5638AD8F06DC064C3442957720554A9186EFDE23F0E2B84F9F8F68B398AD8306EC064C3442957720554A918AE5BFC54AFC5301E53C4866F03261B264AB9922BA04AC570EDC2C77A2D86F19822367C1B30D93051CA955C018AA162281BB2A1E6181A30688C6218EF40EAAD18C6638AD8F06DC064C3442957720554A9186EF8F05F7A2D86F19822367C1B30D93051CA955C01552A863F6C5B93AC5D30E5F05301E97DF19822367C1B30D93051CA955C01552A8631367DFAC661C530EE53C05C8855364C9472255740358AE1CF3F271B3EFAD7C34F05A4F7C5638AD8306EC064C344295772050C7E318CAB4EAFFFF09F7BDD8F118FB932F5F06CC064C344295772050C76314C8F32B76F5894FCF7FB7FECB510E6239E13CF75643A4C1A30D93051CA955C01835F0C8F7404EAC874F83660B2211B72255740958A617F8E40FB3A3255D41AB701930DD9902BB902AA540C8FB510E643516BDC064C366443AEE40AA85231341443D9900DB9922B4031540C6543363460865C8106CCD08019264AB9922B4031540C654336D41C430346D92549F2BB356BD6B4BDFEFAEB4BA74F9FBEEB9E7BEED93F7AF4E8E4D65B6F4D5A5A5A7EBBEBAEBBF63DFCF0C31B9F7AEAA937D3F1F71A30430366C8865CC955FD6A6E6EFE9BA6A6A6BBD379FEDD746C48C7EE98F3D3B1371D9BD2C766A55F27C7F37449556ABC66CE9CF9C6D4A953F74F98302179F9E59793952B5726DBB66D4BF6EEDD9B84F8DAD5D5957CF6D96749DAA025F7DE7BEF6FF7DD77DFE6B163C78ED180191A30C344295772553F6EBBEDB63FA463613AF61D6CB8FA3316A7CF6FD1350D92B4D16A7DE289277EBEFFFEFBB3E6EAC08103497FAD5EBD3A79F0C1070FB4B5B5ADBBF9E69BFF4E036668C00C13A55CC95579A54DD4796913F5FE51345D3D8DE58D34E70FC5AAD709B367CF5E74E79D772673E6CC39AAC6ABD2FBEFBF9FB4B6B6EE6994D530C55031940DD9902BB96A344D4D4DB78E1831E2FF8ACD54737373F2E4934F268B162D4ABEF9E69BE4C71F7FCCE6F59F7EFA293B0BF6E1871F263366CC486EBFFDF6CA266CB7D5B0636CBE962C59F2F1F8F1E393F5EBD7278361F3E6CD49DACCED193366CC3F29868606CC3051CA955C95AAF9FA7DDA301D28365E6FBEF966B6B5A83F76EEDC993D3FBEAFD888A53F738CAEEA28C4CA57345FFDFDC5F757FCBCB163C7D67D57AC182A86B2211B7225578DB4F2556CBE264E9C98AD761D8BF8BED8B254D1845909EB8FD8F315A71D076BE5ABA795B0912347EE4C5F900B15434303669828E54AAE8676CF57F1B4E3942953BA4F331EAB383D396DDAB4CAD39117EAB0FA3EF5F8BBC71F7F7C5FECF9AAA6B973E7EE696E6E5EA1181A1A30C3442957723574D2E6ABBDB8F235D0E6ABD88455AC842DD765F561D6AC59FF16BFB05F7EF925A9B671E3C675D6EBB2A462A818CA866CC8955CD5BBB8D44471CFD7B19E76ECEB7464714F9853917DAC7EC575BEE25213B5F0F9E79FEFABD75530C55031940DD9902BB96A80066C61DE1CC506FA6A78FBEDB7AD821D495CE13E36DE0FE4721347ABB5B5B533CE3F97298CE9F847C55031940DD950738C46CE555CB93EDF781FAB543FFCF04355E6F9787764C5252ACED37155888F177AF5D557935A9A3163C6EAF80883B2FC0E0ACBA40B9B9A9AFE4131540C654336E4CA68C45C1DFC78A1EC794F3FFD74B5E7FA62033659C755213EDB313E5EA8963EFAE8A3CDE98B31A76CA12D8C793D1D452886C3B701930DD9902BA3117275F0B31DB3C7972C5952D5B93E2ED65AF86F99A3E3AA101FACBD7DFBF69A36609D9D9D5DE98BB1B5C4A1ED3E8A28865731D480C9866CC8955CD573AE0E7EB07676FF606FBEAF1457CC2FFC776CD57155183D7A74F7076BD74AFC7DF189EA650F6DF12822967315430D986CC8865CC9553DE72A1D7BF23F0FD6A527FABA2445E1EFDEABE3EAE1051B0A03FCC0CF21198A61B9866C18F5900DB992ABB28E5ACFF53AAE0AA3468DFAADD62B607BF6ECE9AC9315B04FE273B2AEBEFAEA13CA703A60F6ECD9C9F1C71F7FD4DF77C1051724B1D279A4E7A5FF8BC9F3CF3F7FC4E74C9E3CB9FB765CBC37BFFDF1C71F0FA715B021CDC6AA55ABB2DF791C61C6BB98F2F1E5975F262B56ACE8F37B376DDA74C89FE3DD4A5F7DF555C3E4A2CE572A6A96ABC8C182050B0E790DA74E9D2A6F0D9EABB83ABD15B092183F7EFCBE5AEF01FBEEBBEFFE5CF23D608714C1A1DC8FD1D1D191DC78E38D494B4B4BD68045811933664CF7ED62213BFDF4D3B302BA61C386E4A4934E4AE2DDAD71FFC9279F9C7D7FE5CF5EBA7469F673468E1C997D3DE79C7392CB2FBF3CBB1D63E6CC99C9F9E79F7F58E1CB7F6EDC7EEBADB70EBBDDE00D5829B211BFEF871E7A28BB1D1B5D77ECD8914D8871FF2DB7DCD2FDBCF4DF5A769D9F2BAEB82279E38D3792575E79257BCEAC59B3BAB3F4EEBBEF764FAE8D908B3A9D28872457F1FA44039567A7B7E645DE1A2757F68095C8A38F3EBAA1D6EF829C3F7FFE7F95F45D902BE20AC1954570281BB0134F3C316BC07A2B8A51CCFAFAFE2892A79E7A6AF6FF17B7A31016BFBF58ACA2699B3E7DFA217F775E74BFFEFAEBEEA62FFDFD24EFBCF34E763B8E80F39FB566CD9AE4D34F3F6DD406AC34D9C857232A570BCE3CF3CCE4CA2BAFEC352BF1FAE5B757AF5E9D7D7DEDB5D7922D5BB664B763F26C845CD4D9443924B98AD7235EFB8B2FBE387BFD4E39E594ECEBB9E79E7BD82A98BC3556AEBC0BB2449E79E699576B7D1DB02953A6CC2DD975C07A3CFA2C4303F6D24B2F654784F1595D7184988FBC0845C0F365FEEBAEBB2E1BC5C7A3F09D76DA695941CB8F58F39FBD6BD7AEACB846218C911F55C6ED58593BFBECB37B2CACC523CF58758B23D4B83D6FDEBCEC6BFCB9811AB052652326A07CC2BAE8A28B926BAEB926BB3F561BE2767C8DC974EBD6AD3D4E88BB77EFCE6EC72A457145A2F85AD77B2EEA64A21CD25CC56B128D4DE5FD512B6EB8E106796BE05CB90E58893CF2C8237F7BF7DD77FF5AC32BE1EF1D3162C4D7F57855DCB2AD8015F76FC488BD7C71CA328A4F14CEDE8E462B0B5914D1BC5046718CDBB1A7220A6B4F852FF694C511667EFA22BFFF924B2EF15144551EB17A109988D3CCF9EB1C93E673CF3D77C8EA463C16FF4DF15AE6A77CE27450AC5EC4EDBC198F89359FF48A93683DE7C247110D5E03266F8D97ABB8127E3AFFEEAFC595F05B5A5A7E7325FC23983871E2FFD4EAB320E7CF9FFF66BD7E2ED45034605150162F5E9C15BDD8485FB9021621AF7C7E1C4DC6CA57F1BEFCD4634F0D589C46C87F5E6B6B6B763B8E3A8B8578F9F2E549DA387717DACA53A0713B4E0768C0AA3F3A3B3BB3DF77ECC389C92CF6D2C464958FB973E76613675FA784F24932B214B723638D920B0D58FF1AB07C952826C7A82DF96B9D6F6E97379F05E9B3206BE08E3BEEB879D2A449FB6BB00AB633FDC7B3AA5E3F197DA81AB07CFF44E57EAFCABD1351B0D6AE5D9BDD3EEBACB3B2D391512CF365F9DE1AB062F1CA8B663C3F9ABEFC79F9BB9F8EABD8F05AFCDED87B11AB701AB0EA8DF8FDC6EF3AF6C944E18C53340F3CF040F6BBCFF7D8C424D953631EAB173151E6AF51FE5AC6C4DAD3045AAFB9D080F5EF1D9071A01699887756E71BE9A3D9FAF6DB6FE5ADF11BB03FE4CD51AC820DF666FCF879E95CFF5BE142B02D3AAD3EB4B5B5AD89E5DE6A8AFD66D1091F69DF8306ECD0E2171B4C7B3AB22BDE973769B1E13EEE8B23C57C993EDFA09AFFBCCA9F117B392A8F3CCF38E38C64C2840947DC7B11EF9A8A7D68713BDF5C9B37811AB0EA8C98C0F2DBF1BA1727B89E8EFEE3F44C3C76FDF5D76759887FE7F9EB1D2B12B10A127969945C68C0FA1EF1DA44062EBDF4D26C6F695E17E294603465D3A64DCB1A2E796BDC5C1DDC2FB6386F9022078375498A6892274D9A74A0B8FA55AF737E2D5F8CF3D2D0EF59BF7E7D559AAFF4A86476FA776C4F3BE10B15C3FEAF7E4531CC6FC73F92D84C1F23DF93117BBEF2E757169C782C8A5F14D628A27961ECEBEFCB8F3C7B9AF4F3C216479B79D13EAEF0EEA8FCDD5295A730346083BB7211BFE378B75AAC481427C7E28418B76325235EFBCA9CF4B4829A3FBF1172A1013BF2E9EB6858E260AD727F69F1804FDE1ABE013B2F1D3BF24669CA9429036EC2A2F94AE7ACE2BEAFDDF53CE7D7544B4B4B735B5BDB4F5D5D5D83DA7CA5FFD03E183162C4967A5F86AC65031645A6F8EE9F282871BD9CCA4295BF0BB2725C76D96549FA5A76FF3936B8C6F35F7CF1C53E1BB0FC82863D8D78ECB8C286D762918CC7AEBDF6DAECB4676F85550336784D587E3B5631F26B26C5CA427EEDA4ABAEBAEAB00B64C6E41B1B94E3358AE714F7FEC4759BF2D3D4F59E0B0D58FF461CC48D1B372EBB9C448C9E1A32796BDC062C343535DD9A6FC8CF57C28EF574647C5FC5CA97538F47ABB9B9B975ECD8B1BB076B252C56BEA2F94A5FE80715C3728F5AEFD3D180C985066C78D79C7ACB5BA335600757C246179BB0D81316AB9DB1AFAFBFEF768C0DF7C53D5F311A61CE1FB2AEB8A5A565D77BEFBDF7D7016CCCDFF9ECB3CFFE294E3BC60BAC181A1A30C34429577255CE393F1D3B8B0D543462719DB0B8586BAC6EE5A727E334635CE13ECEBEBCF0C20BC9A851A37EADB8FAFEEE4699F387F4FC70DAD176B4B5B575AE5AB56ACFD15CE76BC182056FA70DDC27B1F9AE91CEFF2A868AA16CC8865CC955A3CEF9C5CB531CE3586ECFD7E0BE28374523367AF4E8AEE9D3A77FF1C1071F6C49BBDFEDF90778C7076BC7673BB6B7B7FFE7638F3D362FED9A37C68B101D70A3BDF34131540C654336E44AAE1A7DCE3FD888ED3F9AC6AB11E7FCD288ABE7A62FCA84839F23B5293ED93CFF84F3F890CDF89CA7F8A88146BEDAAD62A818CA866CC8955C99F387C79C8F626868C00C0D982157A001331443D9900DB9922B4031540C65C3D0801972051A30430366C8865CC915A0182A86B2211B6A8E2157A0181A1A30C3442957720528868AA16CC8869A6368C040313434608606CC902BD08029428AA16CC8865CC915A0182A86B26168C00CB9020D98A101336443AEE40A500C1543D9900D35C7902B500C0D0D9861A2942BB9021443C550366443CD313460A0181A1A304303E6F5942BD08029868AA16CC8865CC915A0182A86B26168C00CB9020D98A101336443AEE40A500C1543D9900D35C7902B500C0D0D9861A2942BB9021443C550366443CD31346050461D1D1D8A5079C6DEB418EE970DA3ECD9902BB9020668D9B265DBBBBABA14A2128C6DDBB6FD7B5A0CD7C98651F66CC8955C0103B468D1A21B962C59F297EFBFFF7E8F82347447A15108DBDBDBB7A4E326D930CA9E0DB9922B6010A4FF007F9F1E057D124BD1B11FC0A8F988DFFBBA321642D9900DB9922B000000000000000000000000000000000000000000E8D5FF0318DEBB70CFF580890000000049454E44AE426082, '1');
INSERT INTO `act_ge_bytearray` VALUES ('2502', '7', 'source', null, 0x65794A795A584E7664584A6A5A556C6B496A6F694D6A55774D534973496E42796233426C636E52705A584D694F6E736963484A765932567A633139705A434936496B786C59585A6C516D6C730D0A62434973496D3568625755694F694A4D5A5746325A554A7062477851636D396A5A584E7A496977695A47396A6457316C626E526864476C766269493649694973496E427962324E6C63334E660D0A5958563061473979496A6F694969776963484A765932567A633139325A584A7A61573975496A6F694969776963484A765932567A633139755957316C63334268593255694F694A6F644852770D0A4F693876643364334C6D466A64476C32615852704C6D39795A793977636D396A5A584E7A5A47566D496977695A58686C593356306157397562476C7A644756755A584A7A496A6F69496977690D0A5A585A6C626E527361584E305A57356C636E4D694F6949694C434A7A615764755957786B5A575A70626D6C30615739756379493649694973496D316C63334E685A32566B5A575A70626D6C300D0A615739756379493649694A394C434A7A6447567559326C73496A7037496D6C6B496A6F69516C424E546B52705957647959573069665377695932687062475254614746775A584D694F6C74370D0A496E4A6C63323931636D4E6C535751694F694A7A615751744E6A6733516A637A4F4559744F4445794D533030517A4E424C5545324F4441744E4555344F554E47516A42464F546335496977690D0A63484A766347567964476C6C6379493665794A76646D5679636D6C6B5A576C6B496A6F6949697769626D46745A53493649694973496D5276593356745A57353059585270623234694F6949690D0A4C434A6C6547566A645852706232357361584E305A57356C636E4D694F6949694C434A70626D6C3061574630623349694F6949694C434A6D62334A74613256355A47566D6157357064476C760D0A6269493649694973496D5A76636D3177636D39775A584A306157567A496A6F69496E3073496E4E305A57356A615777694F6E7369615751694F694A546447467964453576626D5646646D56750D0A64434A394C434A6A61476C735A464E6F5958426C6379493657313073496D3931644764766157356E496A706265794A795A584E7664584A6A5A556C6B496A6F6963326C6B4C5441774F5552450D0A4D3052424C544A47515459744E4446464E793034516B59774C5451794F454935516B4D78516A673251694A3958537769596D3931626D527A496A7037496D787664325679556D6C6E614851690D0A4F6E7369654349364D5441314C434A35496A6F794D6A46394C434A316348426C636B786C5A6E51694F6E7369654349364E7A5573496E6B694F6A45354D5831394C434A6B62324E725A584A7A0D0A496A70625858307365794A795A584E7664584A6A5A556C6B496A6F6963326C6B4C544E44524441334F55557A4C54497A4E7A45744E445A434F4331434D4446474C5552454F5545344D6A41350D0A5244524551794973496E42796233426C636E52705A584D694F6E736962335A6C636E4A705A4756705A434936497561506B4F5336704F6555732B697674794973496D3568625755694F694C6D0D0A6A35446B7571546E6C4C506F723763694C434A6B62324E31625756756447463061573975496A6F694969776959584E35626D4E6F636D39756233567A5A47566D6157357064476C76626949360D0A496D5A6862484E6C496977695A58686A6248567A61585A6C5A47566D6157357064476C76626949365A6D467363325573496D56345A574E3164476C76626D78706333526C626D5679637949360D0A49694973496D3131624852706157357A644746755932566664486C775A534936496B3576626D55694C434A746457783061576C7563335268626D4E6C58324E68636D5270626D4673615852350D0A496A6F69496977696258567364476C70626E4E305957356A5A56396A623278735A574E3061573975496A6F69496977696258567364476C70626E4E305957356A5A56393259584A7059574A730D0A5A53493649694973496D3131624852706157357A6447467559325666593239755A476C3061573975496A6F694969776961584E6D62334A6A623231775A57357A59585270623234694F694A6D0D0A5957787A5A534973496E567A5A584A3059584E7259584E7A61576475625756756443493665794A6863334E705A3235745A573530496A7037496D467A63326C6E626D566C496A6F694A4874700D0A626E42316446567A5A584A39496E31394C434A6D62334A74613256355A47566D6157357064476C766269493649694973496D52315A5752686447566B5A575A70626D6C3061573975496A6F690D0A4969776963484A7062334A7064486C6B5A575A70626D6C3061573975496A6F69496977695A6D3979625842796233426C636E52705A584D694F6949694C434A3059584E7262476C7A644756750D0A5A584A7A496A6F69496E3073496E4E305A57356A615777694F6E7369615751694F694A56633256795647467A61794A394C434A6A61476C735A464E6F5958426C6379493657313073496D39310D0A644764766157356E496A706265794A795A584E7664584A6A5A556C6B496A6F6963326C6B4C554D784E7A6C444E7A68434C5549794D5549744E445534516930354E7A63354C5456454D6A68440D0A4E444534525456454F534A3958537769596D3931626D527A496A7037496D787664325679556D6C6E614851694F6E7369654349364D6A55774C434A35496A6F794E4456394C434A316348426C0D0A636B786C5A6E51694F6E7369654349364D5455774C434A35496A6F784E6A5639665377695A47396A6132567963794936573131394C487369636D567A623356795932564A5A434936496E4E700D0A5A4330774D446C4552444E4551533079526B45324C545178525463744F454A474D4330304D6A68434F554A444D5549344E6B49694C434A77636D39775A584A306157567A496A7037496D39320D0A5A584A796157526C615751694F6949694C434A755957316C496A6F69496977695A47396A6457316C626E526864476C766269493649694973496D4E76626D527064476C76626E4E6C6358566C0D0A626D4E6C5A6D78766479493649694973496D56345A574E3164476C76626D78706333526C626D56796379493649694973496D526C5A6D46316248526D62473933496A6F695A6D4673633255690D0A665377696333526C626D4E706243493665794A705A434936496C4E6C6358566C626D4E6C526D787664794A394C434A6A61476C735A464E6F5958426C6379493657313073496D3931644764760D0A6157356E496A706265794A795A584E7664584A6A5A556C6B496A6F6963326C6B4C544E44524441334F55557A4C54497A4E7A45744E445A434F4331434D4446474C5552454F5545344D6A41350D0A5244524551794A3958537769596D3931626D527A496A7037496D787664325679556D6C6E614851694F6E7369654349364D5451354C6A45314E6A49354D544D784F5463314D6A6B304C434A350D0A496A6F794D4455754F4455344D446B324F5459324E54517A4D6E3073496E5677634756795447566D6443493665794A34496A6F784D4455754E6A41354D7A4D7A4E6A67774D6A51334D4467730D0A496E6B694F6A49774E5334304E6A49794D5455314D7A4D304E54593466583073496D52765932746C636E4D694F6C7437496E67694F6A45314C434A35496A6F784E58307365794A34496A6F310D0A4D437769655349364E44423958537769644746795A325630496A7037496E4A6C63323931636D4E6C535751694F694A7A615751744D304E454D44633552544D744D6A4D334D5330304E6B49340D0A4C5549774D55597452455135515467794D446C454E455244496E31394C487369636D567A623356795932564A5A434936496E4E705A4330784F545646526A68474D693033526B49304C5451330D0A4F454D74515451784D7931434F5468434D6A63344E6B49304E7A45694C434A77636D39775A584A306157567A496A7037496D39325A584A796157526C615751694F694C6E75342F6E6B49626C0D0A7271486D69626B694C434A755957316C496A6F69353775503535434735613668356F6D35496977695A47396A6457316C626E526864476C766269493649694973496D467A6557356A61484A760D0A626D39316332526C5A6D6C7561585270623234694F694A6D5957787A5A534973496D56345932783163326C325A57526C5A6D6C7561585270623234694F694A6D5957787A5A534973496D56340D0A5A574E3164476C76626D78706333526C626D56796379493665794A6C6547566A645852706232354D61584E305A57356C636E4D694F6C7437496D56325A573530496A6F6963335268636E51690D0A4C434A70625842735A57316C626E526864476C7662694936496D39795A79353461574676616D77756232457562476C7A644756755A58497554475668646D565559584E7254476C7A644756750D0A5A5849694C434A6A6247467A63303568625755694F694A76636D637565476C68623270734C6D39684C6D78706333526C626D56794C6B786C59585A6C5647467A613078706333526C626D56790D0A496977695A586877636D567A63326C766269493649694973496D526C6247566E5958526C52586877636D567A63326C766269493649694A3958583073496D3131624852706157357A644746750D0A5932566664486C775A534936496B3576626D55694C434A746457783061576C7563335268626D4E6C58324E68636D5270626D467361585235496A6F69496977696258567364476C70626E4E300D0A5957356A5A56396A623278735A574E3061573975496A6F69496977696258567364476C70626E4E305957356A5A56393259584A7059574A735A53493649694973496D3131624852706157357A0D0A6447467559325666593239755A476C3061573975496A6F694969776961584E6D62334A6A623231775A57357A59585270623234694F694A6D5957787A5A534973496E567A5A584A3059584E720D0A59584E7A61576475625756756443493649694973496D5A76636D31725A586C6B5A575A70626D6C3061573975496A6F69496977695A48566C5A4746305A57526C5A6D6C7561585270623234690D0A4F6949694C434A77636D6C76636D6C306557526C5A6D6C7561585270623234694F6949694C434A6D62334A7463484A766347567964476C6C6379493649694973496E52686332747361584E300D0A5A57356C636E4D694F694969665377696333526C626D4E706243493665794A705A434936496C567A5A584A5559584E72496E3073496D4E6F6157786B553268686347567A496A7062585377690D0A623356305A323970626D63694F6C7437496E4A6C63323931636D4E6C535751694F694A7A61575174524459304E6A4532517A67744E7A4D78515330304D7A64444C546B784D6A6374526B56460D0A4E4551344D5455334D6A4E42496E31644C434A69623356755A484D694F6E7369624739335A584A536157646F6443493665794A34496A6F7A4F445573496E6B694F6A49304E583073496E56770D0A634756795447566D6443493665794A34496A6F794F445573496E6B694F6A45324E5831394C434A6B62324E725A584A7A496A70625858307365794A795A584E7664584A6A5A556C6B496A6F690D0A63326C6B4C554D784E7A6C444E7A68434C5549794D5549744E445534516930354E7A63354C5456454D6A68444E444534525456454F534973496E42796233426C636E52705A584D694F6E73690D0A62335A6C636E4A705A4756705A43493649694973496D3568625755694F6949694C434A6B62324E31625756756447463061573975496A6F6949697769593239755A476C3061573975633256780D0A645756755932566D62473933496A6F69496977695A58686C593356306157397562476C7A644756755A584A7A496A6F69496977695A47566D5958567364475A73623363694F694A6D5957787A0D0A5A534A394C434A7A6447567559326C73496A7037496D6C6B496A6F6955325678645756755932564762473933496E3073496D4E6F6157786B553268686347567A496A706258537769623356300D0A5A323970626D63694F6C7437496E4A6C63323931636D4E6C535751694F694A7A615751744D546B3152555934526A49744E305A434E4330304E7A68444C5545304D544D74516A6B34516A49330D0A4F445A434E446378496E31644C434A69623356755A484D694F6E7369624739335A584A536157646F6443493665794A34496A6F794F4451754E4449354E6A67334E537769655349364D6A41310D0A66537769645842775A584A4D5A575A30496A7037496E67694F6A49314D4334314E7A417A4D5449314C434A35496A6F794D445639665377695A47396A613256796379493657337369654349360D0A4E544173496E6B694F6A517766537837496E67694F6A55774C434A35496A6F304D4831644C434A3059584A6E5A5851694F6E7369636D567A623356795932564A5A434936496E4E705A4330780D0A4F545646526A68474D693033526B49304C5451334F454D74515451784D7931434F5468434D6A63344E6B49304E7A45696658307365794A795A584E7664584A6A5A556C6B496A6F6963326C6B0D0A4C554A474D555A45516B4A424C545246516A63744E446B304D6931424D6A64444C5459354E545131526A49784E6B4D7A4E794973496E42796233426C636E52705A584D694F6E736962335A6C0D0A636E4A705A4756705A43493649694973496D3568625755694F6949694C434A6B62324E31625756756447463061573975496A6F69496977695A58686C593356306157397562476C7A644756750D0A5A584A7A496A6F69496E3073496E4E305A57356A615777694F6E7369615751694F694A46626D524F6232356C52585A6C626E5169665377695932687062475254614746775A584D694F6C74640D0A4C434A766458526E62326C755A79493657313073496D4A766457356B6379493665794A736233646C636C4A705A326830496A7037496E67694F6A51324F4334314C434A35496A6F794D546C390D0A4C434A316348426C636B786C5A6E51694F6E7369654349364E4451774C6A5573496E6B694F6A45354D5831394C434A6B62324E725A584A7A496A70625858307365794A795A584E7664584A6A0D0A5A556C6B496A6F6963326C6B4C5551324E4459784E6B4D344C54637A4D5545744E444D33517930354D5449334C555A46525452454F4445314E7A497A51534973496E42796233426C636E52700D0A5A584D694F6E736962335A6C636E4A705A4756705A43493649694973496D3568625755694F6949694C434A6B62324E31625756756447463061573975496A6F6949697769593239755A476C300D0A6157397563325678645756755932566D62473933496A6F69496977695A58686C593356306157397562476C7A644756755A584A7A496A6F69496977695A47566D5958567364475A73623363690D0A4F694A6D5957787A5A534A394C434A7A6447567559326C73496A7037496D6C6B496A6F6955325678645756755932564762473933496E3073496D4E6F6157786B553268686347567A496A70620D0A58537769623356305A323970626D63694F6C7437496E4A6C63323931636D4E6C535751694F694A7A61575174516B5978526B5243516B45744E4556434E7930304F5451794C5545794E304D740D0A4E6A6B314E4456474D6A4532517A4D33496E31644C434A69623356755A484D694F6E7369624739335A584A536157646F6443493665794A34496A6F304E4441754E4449354E6A67334E5377690D0A655349364D6A413166537769645842775A584A4D5A575A30496A7037496E67694F6A4D344E5334304F4441304E6A67334E537769655349364D6A413166583073496D52765932746C636E4D690D0A4F6C7437496E67694F6A55774C434A35496A6F304D48307365794A34496A6F784E437769655349364D54523958537769644746795A325630496A7037496E4A6C63323931636D4E6C535751690D0A4F694A7A61575174516B5978526B5243516B45744E4556434E7930304F5451794C5545794E304D744E6A6B314E4456474D6A4532517A4D33496E31394C487369636D567A623356795932564A0D0A5A434936496E4E705A4330324D6A46464D7A52444E533145516B597A4C5451354D544174516B4A46516930334D4464444D4451314E554A474F546B694C434A77636D39775A584A306157567A0D0A496A7037496D39325A584A796157526C615751694F6949694C434A755957316C496A6F69496977695A47396A6457316C626E526864476C766269493649694973496D56345A574E3164476C760D0A626D78706333526C626D56796379493649694973496D6C7561585270595852766369493649694973496D5A76636D31725A586C6B5A575A70626D6C3061573975496A6F69496977695A6D39790D0A625842796233426C636E52705A584D694F694969665377696333526C626D4E706243493665794A705A434936496C4E3059584A30546D39755A5556325A573530496E3073496D4E6F6157786B0D0A553268686347567A496A706258537769623356305A323970626D63694F6C7437496E4A6C63323931636D4E6C535751694F694A7A61575174526B597A4D4459794D454D744F5456454E7930300D0A526A5A444C55457A525451744E6A6B354E304A424D554A434D454A42496E31644C434A69623356755A484D694F6E7369624739335A584A536157646F6443493665794A34496A6F784F5455730D0A496E6B694F6A6B7766537769645842775A584A4D5A575A30496A7037496E67694F6A45324E537769655349364E6A4239665377695A47396A6132567963794936573131394C487369636D567A0D0A623356795932564A5A434936496E4E705A4331424E6B4E444E7A413551793145516A41774C5451794D444974515545784E4330324D6A4E42517A41314E546332517A4D694C434A77636D39770D0A5A584A306157567A496A7037496D39325A584A796157526C615751694F6949694C434A755957316C496A6F69496977695A47396A6457316C626E526864476C766269493649694973496D467A0D0A6557356A61484A76626D39316332526C5A6D6C7561585270623234694F694A6D5957787A5A534973496D56345932783163326C325A57526C5A6D6C7561585270623234694F694A6D5957787A0D0A5A534973496D56345A574E3164476C76626D78706333526C626D56796379493649694973496D3131624852706157357A644746755932566664486C775A534936496B3576626D55694C434A740D0A6457783061576C7563335268626D4E6C58324E68636D5270626D467361585235496A6F69496977696258567364476C70626E4E305957356A5A56396A623278735A574E3061573975496A6F690D0A496977696258567364476C70626E4E305957356A5A56393259584A7059574A735A53493649694973496D3131624852706157357A6447467559325666593239755A476C3061573975496A6F690D0A4969776961584E6D62334A6A623231775A57357A59585270623234694F694A6D5957787A5A534973496E567A5A584A3059584E7259584E7A61576475625756756443493649694973496D5A760D0A636D31725A586C6B5A575A70626D6C3061573975496A6F69496977695A48566C5A4746305A57526C5A6D6C7561585270623234694F6949694C434A77636D6C76636D6C306557526C5A6D6C750D0A61585270623234694F6949694C434A6D62334A7463484A766347567964476C6C6379493649694973496E52686332747361584E305A57356C636E4D694F694969665377696333526C626D4E700D0A6243493665794A705A434936496C567A5A584A5559584E72496E3073496D4E6F6157786B553268686347567A496A706258537769623356305A323970626D63694F6C7437496E4A6C633239310D0A636D4E6C535751694F694A7A61575174525556434D5552434D7A4D744F4549354E533030515449344C554647513059744F45497A4E3045314E7A637851304645496E31644C434A69623356750D0A5A484D694F6E7369624739335A584A536157646F6443493665794A34496A6F7A4E444173496E6B694F6A45784E583073496E5677634756795447566D6443493665794A34496A6F794E4441730D0A496E6B694F6A4D3166583073496D52765932746C636E4D694F6C746466537837496E4A6C63323931636D4E6C535751694F694A7A61575174526B597A4D4459794D454D744F5456454E7930300D0A526A5A444C55457A525451744E6A6B354E304A424D554A434D454A424969776963484A766347567964476C6C6379493665794A76646D5679636D6C6B5A576C6B496A6F6949697769626D46740D0A5A53493649694973496D5276593356745A57353059585270623234694F6949694C434A6A6232356B615852706232357A5A5846315A57356A5A575A73623363694F6949694C434A6C6547566A0D0A645852706232357361584E305A57356C636E4D694F6949694C434A6B5A575A68645778305A6D787664794936496D5A6862484E6C496E3073496E4E305A57356A615777694F6E7369615751690D0A4F694A545A5846315A57356A5A555A7362336369665377695932687062475254614746775A584D694F6C74644C434A766458526E62326C755A79493657337369636D567A623356795932564A0D0A5A434936496E4E705A4331424E6B4E444E7A413551793145516A41774C5451794D444974515545784E4330324D6A4E42517A41314E546332517A4D6966563073496D4A766457356B637949360D0A65794A736233646C636C4A705A326830496A7037496E67694F6A497A4F5334784E5459794E537769655349364E7A56394C434A316348426C636B786C5A6E51694F6E7369654349364D546B310D0A4C6A59774F544D334E537769655349364E7A5639665377695A47396A613256796379493657337369654349364D545573496E6B694F6A453166537837496E67694F6A55774C434A35496A6F300D0A4D4831644C434A3059584A6E5A5851694F6E7369636D567A623356795932564A5A434936496E4E705A4331424E6B4E444E7A413551793145516A41774C5451794D444974515545784E4330320D0A4D6A4E42517A41314E546332517A4D696658307365794A795A584E7664584A6A5A556C6B496A6F6963326C6B4C545644517A5A43516B4E454C5549794F5545744E4459324D793142513046430D0A4C5442474E5467774E5549314D445A4452694973496E42796233426C636E52705A584D694F6E736962335A6C636E4A705A4756705A43493649694973496D3568625755694F6949694C434A6B0D0A62324E31625756756447463061573975496A6F694969776959584E35626D4E6F636D39756233567A5A47566D6157357064476C7662694936496D5A6862484E6C496977695A58686A6248567A0D0A61585A6C5A47566D6157357064476C7662694936496D5A6862484E6C496977695A58686C593356306157397562476C7A644756755A584A7A496A6F69496977696258567364476C70626E4E300D0A5957356A5A5639306558426C496A6F69546D39755A534973496D3131624852706157357A6447467559325666593246795A476C755957787064486B694F6949694C434A746457783061576C750D0A63335268626D4E6C58324E766247786C59335270623234694F6949694C434A746457783061576C7563335268626D4E6C58335A68636D6C68596D786C496A6F69496977696258567364476C700D0A626E4E305957356A5A56396A6232356B61585270623234694F6949694C434A7063325A76636D4E766258426C626E4E6864476C7662694936496D5A6862484E6C4969776964584E6C636E52680D0A6332746863334E705A3235745A573530496A6F69496977695A6D39796257746C6557526C5A6D6C7561585270623234694F6949694C434A6B6457566B5958526C5A47566D6157357064476C760D0A6269493649694973496E427961573979615852355A47566D6157357064476C766269493649694973496D5A76636D3177636D39775A584A306157567A496A6F69496977696447467A613278700D0A6333526C626D56796379493649694A394C434A7A6447567559326C73496A7037496D6C6B496A6F6956584E6C636C526863327369665377695932687062475254614746775A584D694F6C74640D0A4C434A766458526E62326C755A79493657313073496D4A766457356B6379493665794A736233646C636C4A705A326830496A7037496E67694F6A51344E537769655349364D544531665377690D0A645842775A584A4D5A575A30496A7037496E67694F6A4D344E537769655349364D7A5639665377695A47396A6132567963794936573131394C487369636D567A623356795932564A5A4349360D0A496E4E705A433146525549785245497A4D793034516A6B314C5452424D6A677451555A4452693034516A4D33515455334E7A4644515551694C434A77636D39775A584A306157567A496A70370D0A496D39325A584A796157526C615751694F6949694C434A755957316C496A6F69496977695A47396A6457316C626E526864476C766269493649694973496D4E76626D527064476C76626E4E6C0D0A6358566C626D4E6C5A6D78766479493649694973496D56345A574E3164476C76626D78706333526C626D56796379493649694973496D526C5A6D46316248526D62473933496A6F695A6D46730D0A63325569665377696333526C626D4E706243493665794A705A434936496C4E6C6358566C626D4E6C526D787664794A394C434A6A61476C735A464E6F5958426C6379493657313073496D39310D0A644764766157356E496A706265794A795A584E7664584A6A5A556C6B496A6F6963326C6B4C545644517A5A43516B4E454C5549794F5545744E4459324D793142513046434C5442474E5467770D0A4E5549314D445A4452694A3958537769596D3931626D527A496A7037496D787664325679556D6C6E614851694F6E7369654349364D7A67304C6A45314E6A49314C434A35496A6F334E5830730D0A496E5677634756795447566D6443493665794A34496A6F7A4E4441754F44517A4E7A5573496E6B694F6A633166583073496D52765932746C636E4D694F6C7437496E67694F6A55774C434A350D0A496A6F304D48307365794A34496A6F314D437769655349364E44423958537769644746795A325630496A7037496E4A6C63323931636D4E6C535751694F694A7A615751744E554E444E6B4A430D0A51305174516A4935515330304E6A597A4C554644515549744D4559314F444131516A55774E6B4E47496E313958537769596D3931626D527A496A7037496D787664325679556D6C6E614851690D0A4F6E7369654349364D5449774D437769655349364D5441314D483073496E5677634756795447566D6443493665794A34496A6F774C434A35496A6F7766583073496E4E305A57356A6157787A0D0A5A5851694F6E736964584A73496A6F696333526C626D4E7062484E6C64484D76596E4274626A49754D433969634731754D6934774C6D707A623234694C434A755957316C63334268593255690D0A4F694A6F644852774F693876596A4E7462693576636D63766333526C626D4E7062484E6C64433969634731754D69347749794A394C434A7A633256346447567563326C76626E4D694F6C74640D0A66513D3D, null);
INSERT INTO `act_ge_bytearray` VALUES ('3', '1', 'leaveBill.bpmn', '1', 0x3C3F786D6C2076657273696F6E3D22312E302220656E636F64696E673D225554462D38223F3E0A3C646566696E6974696F6E7320786D6C6E733D22687474703A2F2F7777772E6F6D672E6F72672F737065632F42504D4E2F32303130303532342F4D4F44454C2220786D6C6E733A7873693D22687474703A2F2F7777772E77332E6F72672F323030312F584D4C536368656D612D696E7374616E63652220786D6C6E733A61637469766974693D22687474703A2F2F61637469766974692E6F72672F62706D6E2220786D6C6E733A62706D6E64693D22687474703A2F2F7777772E6F6D672E6F72672F737065632F42504D4E2F32303130303532342F44492220786D6C6E733A6F6D6764633D22687474703A2F2F7777772E6F6D672E6F72672F737065632F44442F32303130303532342F44432220786D6C6E733A6F6D6764693D22687474703A2F2F7777772E6F6D672E6F72672F737065632F44442F32303130303532342F44492220747970654C616E67756167653D22687474703A2F2F7777772E77332E6F72672F323030312F584D4C536368656D61222065787072657373696F6E4C616E67756167653D22687474703A2F2F7777772E77332E6F72672F313939392F585061746822207461726765744E616D6573706163653D22687474703A2F2F7777772E61637469766974692E6F72672F74657374223E0A20203C70726F636573732069643D224C6561766542696C6C22206E616D653D224C6561766542696C6C50726F636573732220697345786563757461626C653D2274727565223E0A202020203C73746172744576656E742069643D2273746172746576656E743122206E616D653D225374617274223E3C2F73746172744576656E743E0A202020203C757365725461736B2069643D22757365727461736B3122206E616D653D22E68F90E4BAA4E794B3E8AFB7222061637469766974693A61737369676E65653D22247B696E707574557365727D222061637469766974693A666F726D4B65793D22776F726B666C6F77416374696F6E5F61756469742E616374696F6E223E3C2F757365725461736B3E0A202020203C73657175656E6365466C6F772069643D22666C6F77312220736F757263655265663D2273746172746576656E743122207461726765745265663D22757365727461736B31223E3C2F73657175656E6365466C6F773E0A202020203C757365725461736B2069643D22757365727461736B3222206E616D653D22E7BB8FE7BAAAE4BABAE5AEA1E689B9222061637469766974693A666F726D4B65793D22776F726B666C6F77416374696F6E5F61756469742E616374696F6E223E0A2020202020203C657874656E73696F6E456C656D656E74733E0A20202020202020203C61637469766974693A7461736B4C697374656E6572206576656E743D226372656174652220636C6173733D22636F6D2E7869616F6A6C2E776F726B666C6F775461736B4C697374656E65722E4C6561766542696C6C5461736B4C697374656E6572223E3C2F61637469766974693A7461736B4C697374656E65723E0A2020202020203C2F657874656E73696F6E456C656D656E74733E0A202020203C2F757365725461736B3E0A202020203C73657175656E6365466C6F772069643D22666C6F77322220736F757263655265663D22757365727461736B3122207461726765745265663D22757365727461736B32223E3C2F73657175656E6365466C6F773E0A202020203C757365725461736B2069643D22757365727461736B3322206E616D653D22E88081E680BBE5AEA1E689B9222061637469766974693A666F726D4B65793D22776F726B666C6F77416374696F6E5F61756469742E616374696F6E223E0A2020202020203C657874656E73696F6E456C656D656E74733E0A20202020202020203C61637469766974693A7461736B4C697374656E6572206576656E743D226372656174652220636C6173733D22636F6D2E7869616F6A6C2E776F726B666C6F775461736B4C697374656E65722E4C6561766542696C6C5461736B4C697374656E6572223E3C2F61637469766974693A7461736B4C697374656E65723E0A2020202020203C2F657874656E73696F6E456C656D656E74733E0A202020203C2F757365725461736B3E0A202020203C73657175656E6365466C6F772069643D22666C6F77332220736F757263655265663D22757365727461736B3222207461726765745265663D22757365727461736B33223E3C2F73657175656E6365466C6F773E0A202020203C656E644576656E742069643D22656E646576656E743122206E616D653D22456E64223E3C2F656E644576656E743E0A202020203C73657175656E6365466C6F772069643D22666C6F77342220736F757263655265663D22757365727461736B3322207461726765745265663D22656E646576656E7431223E3C2F73657175656E6365466C6F773E0A20203C2F70726F636573733E0A20203C62706D6E64693A42504D4E4469616772616D2069643D2242504D4E4469616772616D5F4C6561766542696C6C223E0A202020203C62706D6E64693A42504D4E506C616E652062706D6E456C656D656E743D224C6561766542696C6C222069643D2242504D4E506C616E655F4C6561766542696C6C223E0A2020202020203C62706D6E64693A42504D4E53686170652062706D6E456C656D656E743D2273746172746576656E7431222069643D2242504D4E53686170655F73746172746576656E7431223E0A20202020202020203C6F6D6764633A426F756E6473206865696768743D2233352E30222077696474683D2233352E302220783D223239302E302220793D2236302E30223E3C2F6F6D6764633A426F756E64733E0A2020202020203C2F62706D6E64693A42504D4E53686170653E0A2020202020203C62706D6E64693A42504D4E53686170652062706D6E456C656D656E743D22757365727461736B31222069643D2242504D4E53686170655F757365727461736B31223E0A20202020202020203C6F6D6764633A426F756E6473206865696768743D2235352E30222077696474683D223130352E302220783D223235352E302220793D223134302E30223E3C2F6F6D6764633A426F756E64733E0A2020202020203C2F62706D6E64693A42504D4E53686170653E0A2020202020203C62706D6E64693A42504D4E53686170652062706D6E456C656D656E743D22757365727461736B32222069643D2242504D4E53686170655F757365727461736B32223E0A20202020202020203C6F6D6764633A426F756E6473206865696768743D2235352E30222077696474683D223130352E302220783D223235352E302220793D223233302E30223E3C2F6F6D6764633A426F756E64733E0A2020202020203C2F62706D6E64693A42504D4E53686170653E0A2020202020203C62706D6E64693A42504D4E53686170652062706D6E456C656D656E743D22757365727461736B33222069643D2242504D4E53686170655F757365727461736B33223E0A20202020202020203C6F6D6764633A426F756E6473206865696768743D2235352E30222077696474683D223130352E302220783D223235352E302220793D223331302E30223E3C2F6F6D6764633A426F756E64733E0A2020202020203C2F62706D6E64693A42504D4E53686170653E0A2020202020203C62706D6E64693A42504D4E53686170652062706D6E456C656D656E743D22656E646576656E7431222069643D2242504D4E53686170655F656E646576656E7431223E0A20202020202020203C6F6D6764633A426F756E6473206865696768743D2233352E30222077696474683D2233352E302220783D223239302E302220793D223430302E30223E3C2F6F6D6764633A426F756E64733E0A2020202020203C2F62706D6E64693A42504D4E53686170653E0A2020202020203C62706D6E64693A42504D4E456467652062706D6E456C656D656E743D22666C6F7731222069643D2242504D4E456467655F666C6F7731223E0A20202020202020203C6F6D6764693A776179706F696E7420783D223330372E302220793D2239352E30223E3C2F6F6D6764693A776179706F696E743E0A20202020202020203C6F6D6764693A776179706F696E7420783D223330372E302220793D223134302E30223E3C2F6F6D6764693A776179706F696E743E0A2020202020203C2F62706D6E64693A42504D4E456467653E0A2020202020203C62706D6E64693A42504D4E456467652062706D6E456C656D656E743D22666C6F7732222069643D2242504D4E456467655F666C6F7732223E0A20202020202020203C6F6D6764693A776179706F696E7420783D223330372E302220793D223139352E30223E3C2F6F6D6764693A776179706F696E743E0A20202020202020203C6F6D6764693A776179706F696E7420783D223330372E302220793D223233302E30223E3C2F6F6D6764693A776179706F696E743E0A2020202020203C2F62706D6E64693A42504D4E456467653E0A2020202020203C62706D6E64693A42504D4E456467652062706D6E456C656D656E743D22666C6F7733222069643D2242504D4E456467655F666C6F7733223E0A20202020202020203C6F6D6764693A776179706F696E7420783D223330372E302220793D223238352E30223E3C2F6F6D6764693A776179706F696E743E0A20202020202020203C6F6D6764693A776179706F696E7420783D223330372E302220793D223331302E30223E3C2F6F6D6764693A776179706F696E743E0A2020202020203C2F62706D6E64693A42504D4E456467653E0A2020202020203C62706D6E64693A42504D4E456467652062706D6E456C656D656E743D22666C6F7734222069643D2242504D4E456467655F666C6F7734223E0A20202020202020203C6F6D6764693A776179706F696E7420783D223330372E302220793D223336352E30223E3C2F6F6D6764693A776179706F696E743E0A20202020202020203C6F6D6764693A776179706F696E7420783D223330372E302220793D223430302E30223E3C2F6F6D6764693A776179706F696E743E0A2020202020203C2F62706D6E64693A42504D4E456467653E0A202020203C2F62706D6E64693A42504D4E506C616E653E0A20203C2F62706D6E64693A42504D4E4469616772616D3E0A3C2F646566696E6974696F6E733E, '0');
INSERT INTO `act_ge_bytearray` VALUES ('5001', '4', 'source-extra', null, 0x89504E470D0A1A0A0000000D49484452000002170000012708060000001A4B6178000000206348524D00007A26000080840000FA00000080E8000075300000EA6000003A98000017709CBA513C0000000467414D410000B18E7CFB5193000000017352474200AECE1CE900000006624B474400FF00FF00FFA0BDA793000000097048597300000EC400000EC401952B0E1B000020004944415478DAEDDD0B54D555BEC0F17D0E070EA482316054E6A32CB5C6CC96379B2223D32CB5C78C1618688F5551D37467B48753CBCA0CCBB9979A9AA66B594E4A90F8CAC758267A275C99CB2C5FC1E814A302262002F28604CEB9FBF7CFC33DF152E0BC80EF67ADFF3A70382FF6FF77FEFBB7F77FEFFD570A000000000000000000000000000000000000000000000000000000000000000000000000000000000000000000000000000000000000000000000000000000000000000000000000000000000000000000000000000000000000000000000000000000000000000000000000F038134500742F76BB3DF0C89123BFABACAC8CABAEAE1E5A55551568B3D92898CE1E2C4D26BBD56A2D0E0808D855575797181919F93931046288E402E8F67485F0685151D16BB5B5B5E7444444A8909010D5A74F1F65369B299C4E92CA5557B6AABCBC5C1514149C6A686838585353133771E2C44C6208C410C905D02DE5E6E6AE3B7CF8F09D03060C50175C7081B492281437CACBCB53D9D9D935BA953F7DDCB871EB89211043FFCF8FDD0B748F4A416F770E1F3E5C85878753297880B4E6434343FD0B0B0B27C7C5C5652425257D4F0CA127C710C905D08D4837B66EFD3C299542707070B3BFFF58795C151C58AB0A0EAE5745473E57D5278F286BAF7ECA620DA6F03A292020402A076B4141C1A4D8D8D84F9293930B8921F4C4186A8A936840172603EFE4FCB87463B756291CDDF3375559F49DB2359C52765BBDAA2E39A472772F51B5E5C7284017E8D5AB971A346890CDCFCFEF2FC4107A620C915C00DDAFD7E27732F04ECE8FB7A424E70B557FAAAAD9FD5249141D49A7005DA47FFFFEA1168BE5D22D5BB65C4B0CA1A7C510C905D0CDC8544119D1DFDAF9F19A365A96D22285EBF4EBD7AF40DF4C2586D0D36288E402E866640D02992AD81A7B435DEB4FB6B36E812B8585855DA86FA28821F4B4186A8985DD09745DB2B8918C3887F7E9FD70BEBE092786D0D362A825F45C005D982CCAC3E2463E7230FD693F588821F4B41822B9007A18FFA0735BFD9BC54A6B15C410482E00B453E880EB9425A057B3FBFDFC8354E8C0480A08C410482E00B44FEFF0E1AA57D8D016EFEFD3EF0A0A08C410482E00B45F435D4DB3FBEA7FACA060400C81E40240FB9CAA3A61ACA25879E260B3BF551567A9DC6FDE331E03104320B900704665797B74A5F0BE710D88D65497E6A8EC5D8BD4C9DC1DCACE7A052086E042AC730174B396E6F1EF3F355A956743967096C757E89669BFCB26A940639A3D882162089D43CF05D08D482BF26C2B859FB54075EB34E7EB772940104320B900D0BC15D95172B54B8018822B705A04E846868D4FA010400CC1EBE8B90000002417000080E4020000905C000000B41F033AD125D9EDF6C08C8C8CFBF6EEDD7B6F7E7EFE55797979E79497975B6A6B6B95C562B1F7E9D3A72E3434F4587070F00EFDF097E7CC99F31DA506002417408B49C5C71F7FBC382121617A7171B165F8F0E12A2A2A4A5D74D1454A27132A303050E904C35451511170F4E8D1C199999983F7ECD973EFAC59B372ABAAAA12162F5EFC3EA5080024178061E7CE9D0F2E58B0E07FCACACAAC3131316AE4C891CACFCFAFD9E324C1902D3C3C5C5D7DF5D56AE6CC99A6FDFBF70F4C4D4D7D273E3EFEC9929292DB57AD5AF56F4A1400482ED043D9ED76CB860D1BD2962E5D7AD3E4C993D56DB7DDD66252D1164944F4E6B779F3E6612B57AEFCF691471EF94F7A3100C03D18D0099F4F2CB66DDBB663EBD6AD37CD9E3D5B4D9932A5DD8985B3891327AA175E7821C86C36FFE5A1871E7A9C120600920BF430D263B166CD9AFF78FEF9E7D5A5975EEA92D71C3870A09A3F7FBE24180BA74F9F1E47290300C9057A081963B169D3A69B9E78E20963FC842BC9EB3DF7DC73BDFDFDFDDFD209C6304A1B00482ED0CDC9AC90B4B4B44532C6C2553D164D490F467474B4D56C367F40890300C905BAB975EBD62D91E9A43246C29D264D9A141412123298D323004072816E4C7A2D323333EF91E9A6FEFEFE6E7FBFF8F8F873CD66B3570677EAFF71AE4E6CEE8A8A8A62E6168821741B04237C8EACBC5958586891E9A39E70E595570658ADD6C1FA203D28353535DBC3FFEECB3A9952E79D775EA57EFF75269329A5BEBE7EFBAA55AB2A8904104320B9005C4496F46E6D812C7719316244C1575F7D354DFF98E88DFF595708BDF54D9CAE24E2CC6673A96E896ED0BF2FD7494FFAD2A54B6B890A104320B9003A41AE15224B7A7BD2983163FAEAE4E2466F25174D2A89BEBA8298A97F9C595B5B5BA35BA32BF47DEB75B96C4C4F4FAF2742400C81E4026827B90899CCE4F0A48B2FBEF81C7D73950F164790DEEED715C5FD11111165BA92F84C57124B698D821802C905D00E7275D3BE7DFB7AF43DEBEAEAC2F5C1B75E1F78E7F970D184E82D5A7FCE68B9FA6B7474F4A113274E10303EA2A8A848EDD9B347114300C9057C901CF4E4C2639EB473E74EE94A96EFC38B5DA59CF4E7BD64D7AE5D6AEAD4A9048D0FF8E28B2F64BC90228600920BF820ABD56A97CBA67B32C1B8E69A6B8A56AF5EDD571F6C1778F8DF3D9B8AE8D4E9DB802615C3E1D1A3475F4CC4F8861B6EB841E5E4E44882F1123104920BC0C7040707D79596960644444478EC3DFDFDFD4BF481B6363535759E27FFD7989898D62A861ABBDD6ED69FC9EAA810F4EFA5FAF7AD32D55027609FC9F9F2071F7CD04EC4F886B0B03075F5D557AB3973E6104320B9A008E06BFAF6ED9BAB5B80433C995C6464641CD2370D5EFED7655D0293DE7AE92D4857008EFB3ED3DB8AA0A0A0ADBA32282542400C81E402687FCFC5B6CCCCCC2163C68CF1D87BEED8B1435A6FDBBCFCAFF776AA2056EBED93C0C0C08D8CE8073104920BA093CACACA5ECDC9C979A0A1A1C1ECA185B46AB3B2B2E4CAA88F7BEB7F96EE6A7D936E369B979D9E2248EB12C410482E005749484838347BF6EC23FBF7EFBF44CE61BB5B5A5ADA1A9BCD36D00B4B7F8BE74D2653B66E5DAEA6750962082417801B9595953DFB913672E4488B9B7B2F4A972D5B76B93E38BFEE8DFF53273409EC6D1043E86EB82A2A7CD292254B565556561EDCB469935BDF273131517A2DAAF2F3F35329750020B9403757565676C7DAB56B6BB2B2B2DCF2FA1919191B76EFDE3DD964323DCCF5160080E4023D808C813875EAD4C3AFBDF65AB5AB97283E76ECD8970B172EBC4A27164F2F5FBEFC5F943600905CA087484E4E4EA9ACAC7C62EEDCB995AEEAC1901E8B679E79E6A2868686453AB148A6940180E4023D4C4A4ACADFCACACA1E9E3F7F7EF9FAF5EBAB7452D0D1972A7DFDF5D797BEF2CA2BD7D86CB61757AC58B190D20500D763B608BA049D08A4C6C4C4EC5CB972E5924D9B365D111F1F1F3C6AD4A8A0B37C7AED962D5BD62525250DA9AFAF1F6232996EE2540800905C00EAF43A1437EB24635A6262E26301010123860D1B76223232B2F7E0C1830342434323E46267353535C74B4B4BCB0E1C3890B57DFB76BFACACACA10D0D0DFDF573DF2E28284866F02600905C004D930C59D678756C6C6CFFFDFBF74FDBB76FDFF5FAF7D17A930584E452AA217AABD39B2CE9FDBF7A7BCC4B0B640100C905D095A4A4A4FCA06FDE38BD01007C04033A010000C905000020B900000024170000002417000080E4020000905C000000905C000000920B00004072010000482E000000482E000000C905000020B900000020B9007ACE17D86CB6DB6C360AC207E8FD90A36FEA8921F4B41822B900BA99C0C0C0C28A8A0A0AC2079C3C793253DFEC2386D0D36288E402E866FCFDFDB797959551103EA0A0A0A05CDFA41343E869314472017433B5B5B5FF959F9F5F67B7DB290CEFCA2E292919A96FD71043E86931447201743363C78EDDA52B856FF3F2F2280C2FCACCCCDCA2F743DE840913761243E869314472017443BAE519979D9D5D5D5E5E4E6178416969E97ADDE2BCDD66B3CD2286D05363A8293F762BD0B525272717CD983163577171F19D2121218156AB9542F160A590919131C26432FDF6965B6ED94E0CA1A7C610C905D00D2525251D8E8B8BFBE6F8F1E377E983545570707090BEA560DC273B333373956EED8F934A61FCF8F11B8921F4F4187246E400DDC8E6CD9B8799CDE6372D16CBA8F0F0F01FC2C2C2CED72DD1087D1F85D349B206814C159411FD32F04ECE8F4B37F6C489133389211043241740B797969676956E0D4DD53F46E96DB4DE0229954E93C58D640D8274BDADE92E03EF8821620800000000000000000000000000000000000000000000000000000000000000000000000000000000000000000000000000000000000000000000000000000000000000000000000000000000000000000000000000000000000000000000000000000000000000000000000000000000000000000000000000000000000000000000000000000000000000000000000000000000000000801EC94411C053EC767BE09123477E57595919575D5D3DB4AAAA2AD066B351309DFD129B4C76ABD55A1C1010B0ABAEAE2E313232F2736203DD2536407201B44A571C8F161515BD565B5B7B4E4444840A0909517DFAF45166B399C2E924A98475A5ACCACBCB554141C1A9868686833535357113274ECC2436888DAE1C1B20B9005A959B9BBBEEF0E1C3770E1830405D70C105D29AA250DC282F2F4F656767D7D8EDF6E9E3C68D5B4F6CA02BC606BA363F8A00EEAE3CF476E7F0E1C35578783895870748AB3F3434D4BFB0B070725C5C5C465252D2F7C406BA526C80E40268957477EB56D293527904070737FBFB8F95C755C181B5AAE0E07A5574E473557DF288B2F6EAA72CD6600AAF93020202A412B11614144C8A8D8DFD243939B990D84057880D740F9CD4845BC8003D398F2EDDDDAD551E47F7FC4D55167DA76C0DA794DD56AFAA4B0EA9DCDD4B546DF9310AD0057AF5EAA5060D1A64F3F3F3FB0BB181AE101B20B900CED432FD9D0CD093F3E82D29C9F942D59FAA6A76BF54264547D2294017E9DFBF7FA8C562B974CB962DD7121BF0F5D800C905D02699522823FF5B3B8F5ED3460B545AAE709D7EFDFA15E89BA9C4067C3D36407201B449D62A902985ADB137D4B5FE643BEB1BB8525858D885FA268AD880AFC706BA0F0B45007790459064643ABC4FEF87F3F54D38B1015F8F0D741FF45CC02D64F11E1641F2912FF94FFBC1426CC0D76303241740A7F8079DDBEADF2C565AB5C406B101905C00ED143AE03A6509E8D5EC7E3FFF20153A3092022236880D80E402689FDEE1C355AFB0A12DDEDFA7DF151410B1416C00241740FB35D4D534BBAFFEC70A0A06C406407201B4CFA9AA13C66A8B95270E36FB5B557196CAFDE63DE3312036880D80E40238A3B2BC3DBAF278DFB856446BAA4B7354F6AE45EA64EE0E65675D036283D800BA1CA620C1632DD2E3DF7F6AB43ECF862CF52C8FAFD02DD87E974D5281C6747C101BC406D015D073018F90D6E6D9561E3F6BA9EA566CCED7EF5280C406B101905C00CD5B9B1D2557C504B1416C005D07A745E011C3C62750082036801E829E0B00004072010000482E000000C905000040FB31A01300D063C5C6C6F6AFAFAFBFCB6432DDA87FBD4A6F117AEBADB75ABD15D8EDF67DFA6F5FFAF9F9A5A6A4A4FC4089915C78850EC4C08C8C8CFBF6EEDD7B6F7E7EFE55797979E79497975B6A6B6B95C562B1F7E9D3A72E3434F4587070F00EFDF097E7CC99F31DA506009E357DFAF4BBF4CDE30D0D0D37E8E4C1DAC24302F53648FF6D90BEBD4B3FEEBF636262D2F5EF4B962F5F9E4C09925C782CA9F8F8E38F172724244C2F2E2EB60C1F3E5C454545A98B2EBA48E964420506062A9D60982A2A2A028E1E3D3A38333373F09E3D7BEE9D356B566E555555C2E2C58BDFA71401C0BD748220C9C2227DCCBEB5034F8FD2CF8BD2AF11AF938D0756AD5AF56F4A94E4C26D76EEDCF9E082050BFEA7ACACCCAA834E8D1C3952F9F9F9354F837582215B7878B8BAFAEAABD5CC99334DFBF7EF1F989A9AFA4E7C7CFC93252525B713AC00E01ED1D1D131FAE62DBD8539EE9363F52F7FF94B3566CC183564C810D5B76F5FD5A74F1F555D5DAD4A4B4B557676B6DAB56B97D28D41555757E7785AA47EDEDEE9D3A73F462F06C9853B7A2B2C1B366C485BBA74E94D93274F56B7DD765B8B49455B2411D19BDFE6CD9B87AD5CB9F2DB471E79E43FE9C50000972716534C26D3878E7A4F8ED572CCBEE5965B8C065F53E79C738EB15D70C105EABAEBAE33128D4F3EF9446DDAB449353434C8437AEB3AE0439D6004EA0483637613CC16E94462B16DDBB61D5BB76EBD69F6ECD96ACA9429ED4E2C9C4D9C3851BDF0C20B4166B3F92F0F3DF4D0E3943000B8AEC74227166B1D8985240CAFBEFAAA0CE66C31B16889F468C8E3E57972BADBA92E784F2718719432C9854B488FC59A356BFEE3F9E79F57975E7AA94B5E73E0C0816AFEFCF992602C245801A0F3648C854E2CDE72241643870E55F3E6CDFB5982D01EF23C79FE8811239C138C45FA983D8CD226B9E8141963B169D3A69B9E78E289B3CE7ACF96BCDE73CF3DD7DBDFDFFF2D8215003A472716EFA9D3632CA4C7E2C9279F34C65474869C2EF9C31FFEE09CA0C82992F7286D928B0E9359216969698B648C85AB7A2C9A921E8CE8E868ABD96CFE801207808E91E9A6FA983D5E7E96D3D692107436B1704E30A481E9743A3C921E67928B0E5BB76EDD12994E2A6324DC69D2A4494121212183BD15AC31313173E58B191515C5A05F101BE8AAF1D6387E4D066F76F454486BE4F564BC9D53E3339E3D4672D16ED26B919999798F4C37F5F7F777FBFBC5C7C79F6B369BBD35B8F365FDFFAE3DEFBCF34EE8FF574644DF7AF7DD77F7F6D57DF3C1071FA8BCBC3CE3E743870EFDEC6F3285AC2D6FBFFDB62A2F2F3FEBF7DAB973A72499ADFEBDA0A04055565636BB7FCE9C39DDE5AB60C44644444469747474B2AFC786EC8F6FBEF9A6D9FDF5F5F5EAC48913ED7EBD53A74EB5FAB765CB9619AFDB96F7DF7F5F1D3C78D0F879FFFEFD8DF7E7E6E672907561BCC9CA9BB22685A3D742920B77B8F5D65B9DEB83C8D3EB68F478B43CDA4156DE2C2C2CB4C8F4514FB8F2CA2B03AC56EB6009D6D4D4D46C6FFCCF2693A9AFBE89D35FD238FD052DD29F65A3BE6F85FE5CE94B972EADF5957D23F3D01F78E001E3E7CF3FFF5CF695B1A688F8EB5FFFAA366EDCD8EA73E5F4566262A20CA66DAC3CF6EDDBA7AEB9E69A161F2F53D29CE6BB37131616661CC8B66CD9A2B66FDFDE9868ECDEBD5B7DF6D96746E5F3E5975F1AA3CEBBB85E3A1662756CC4EAD828D7B1B15EFFFE91AFC5467272B21A3C78B0B1B64C4A4A8AFAC52F7EA174D2AE9292928C85EE1E79E411E371C5C5C58D95BDAC7120BF4B622AFB322B2BCB385D595151A18E1E3DAAFEF8C73F1A8FFBE1871F54FFFEFD1BDF4B626EC78E1D6AECD8B18DF7357D8CC4A63450C4AC59B38C9808080890756FD43FFEF10FE3B3A1F3F1767A496FA38E9363B62C66E80E328B4462EBABAFBE72DC354D6F892417386BB2A4776B0B64B9CB8811230A74D0FA42B0DAD54F83A2EED75FEEFB6B6B6B2BF5977BB5FEF2AECFCFCFDF989E9E5EEF8D0F252D4F39581F3B764C66F018957ED3FD73EEB9E7FEACB5BA76ED5AE36020AD0D79FCB061C3D425975CD2D87294CAE0C08103C6632C969FBE22F7DD779F9CBF357E9656704D4D4DE3B9DB3FFFF9CFEAC30F3F54FDFAF5FBE94BA59FA35B58C6CFA3478F6E4C72A46293568E241C2FBFFC7277FB7A04EB6D868E8D193A366A7559ADD4BFAFF5666C381245FD19D4534F3DA5B66EDD6AEC43D93FB2AF250974241642920E89054944A74E9D6AEC5FE9A5927D2689C6F5D75F6F3C4E9201079DF4ABCB2FBFBC3121905E12799EE331DBB66D335E57DE5F624F2E0320B7D2BB26AF79E185171A8985902E76120BD7C5DBE96B85185A6B28B88ABCBE53727123C905C945BBC8B542A4A5E34963C68CE9AB83D61782D5D424D1E8ED48342222228AF4977BABFE7D99A75BAD32BB4616B859B162855109382AF1F1E3C7ABDEBD7FEA395DB56AD5FF07BCAE58EEBEFB6EE367391D2249821CF88554FA999999EAC1071F345ED399CD666B7C7D212D58E7F77324160E8E96A958B3668DEAD5AB9751C9392A9DA2A222A5CBADBB7E5502755CCCD4B733F5FF282DCC34B91E83377A34F4FBA9B973E7AA93274FAAC58B17AB51A34629FD39944C219F34699251D13B124821B30924E994C748A52FC989ECB36FBFFDB63109681A17F23ACEBD14922438A629CAB447E9351192581C3F7EDC788E24BC72BF9CCE93CFE67C9AF537BFF98D5AB264C9CF9262B43FDEF47DA31C0FB8F8E28BDDFA01060D1AE4FCEB55EC12928B76918B9049D7A82785848448F378ACFEC2CCF3A1A2684C34F417585A0861FA566AD3183980EA56FBBF3B722EBBC34796C040A3C52795C49123478CDE0869A53A7A0C9C2B0FE70A5FC8E8716737DC70831A376E9CD12275EECA2E2C2C6C4C0C9AF65C486BD5415AA4DF7DF79D7AF1C517D5DFFFFE77E3D48863BAB2F3E9B43FFDE94F46A527AD5A77934446BAF7BD1443D2C29CA6E3639AC486FE0C873C151BD2EB20FB4C2AE92FBEF8C2383DF6E38F3F1A49E51B6FBC6154F28F3FFEB8B1BFA5A7497E976443E2471241892549281C3D17F2B8A63D17CF3CF38C7AE595578C5E2E216329A447447AD264D96819CB238F1192ECCA26AF295DF4F218492CE4B3398E2BF25ACF3DF79CC7120B2FC7865BE3CDF94E3975E14E4D5E3F8CDA92E4A25DE4EAA6EE0ED2A6748BC971A2F0455F2C139D58B474DF101903215DCB9E2095969C075FBE7CB93AEFBCF38C4A3F3838B8F1EFD253F1ECB3CF2A5949552A7A198C79D96597199F4F2A0A470F849C4797A4420EF072D0774E2EA467A2AD9E0B0739BD229B7C16E999983163867AE79D778C96CD8409131CFB545663F558052295D7DEBD7B7D25862EF1546C5C7BEDB5C6FE94710CF7DE7BAF710A4D2A53297B8777DF7D573DFDF4D3467221096A5A5A9A9120CABE97EFFA997A2E1C09A5240442921247AF99F484E5E4E4FCECB192A4CAE33FFAE82315171767C4C01D77DCD1F85CF93C32C5D1537C2C36DCC655D34F5BD3649F05525B925CB4BB1273B4863DE5E69B6F56EBD7AF971F5FF2F0BFDBE1838D4E2E0E8F1E3DFA624F7CC87FFEF39FEAA5975E320EFCB234AF1CBCA567213232D29883FED65B6F198F9301768E1E8CBBEEBAABF1F99244C87E95D69B746F4BA5E29C54B8829C8B95532D0E720AC7935DDED21B23959CAE445EF2606C34E8D6A3DD31A0CE1BB1216460AEC48694B7240A727AEAD34F3F357E96EFB20CFEFDF5AF7FDDF8789956284988C48B24083278D7B9E7422A29893167D2DBE1E8CD90D36AF25EF2DAF2F3F9E79FDFF8384936247990BF4BB2D3348990C77A32B170536C78EB58D462BC393706DC9960C80060E7AA82DA92E4A25DAC56AB5D2E9BEEC904431FE08EEB9B10DD029BE7C9FF352626E6AC930BFD9D2ED55FEAAD7A4BD165F4999C57D795A9DD139FF38A2BAE305AA7D2BD2DA4BB59660148A2202D5169B5CA81455AAC8F3DF658B3E7DF7EFBED4617B99CCA58B46851ABEFE33C5EA2E96991A6958D8374B3CB6053797F69AD3B27349E24DDF4D26D3F67CE9C79EE8C0D1D073290CEA6E3409AF87ED2ABE5CDD890F2975312D29320BD57CECB354B8F920CC275EE8D6AFA5CD9CFF25C49441CA74BA4874C120DE704549256C7EB38F75CC8E6DC732109AF6CBFFFFDEFDBFCDC92DCB87AE55F4FC586278F45678A37FDB38C53BB441E2B49A23B930B797D2745D4962417ED121C1C5CA78328C09303F1F4FB95E99B3A1F2C0E995F29B5ED8AA0A0A0ADBAD228F5D607711E612FAD5219BD2FBD11A2B5CAC3415A8AD2FB2183EBDA4A1A256191C17ECE2D21C76BCB55159BAAAAAA324EAFC8A916A9989CD7BD38D33A085D8C2CFA2097880C726A35FA446C38924BB9953297991B37DE7863EBFFC8E95320D2C320CF919925926048ABF4FBEFBF377A1C2461687A6A74F8F0E12DF65CC8980D19D07926929CCAF80C87AFBFFEFA678344D1B178D34949AC23B9387CF8B0CB17D072E6BCFFA4C38CDD4472D12EFAA092AB5B22433C995CE896EFA1D35F265F492856EBED137DF0DCE82B6B1948C5212D4DE35BBD6F9F714E3D2121C138A0C8FDAD4DEF935E05E9F590F52D6420DEB469D38C0A4596766F9A683827166D25370ED213223D22D2AA95419BCE498EF3EC956E20C0576343D6A658B870A131F6E557BFFA55AB89A6C481F46A48C22849C47BEFBDD7B84F1DB3866496874C45957D298F77E6986DD4B4E7A229E9B192A4D391F84A6C4ABCCAE062E95593F71732E3444ED3390689A263F166B7DBB7E904C418D8293D876D25969DE5DC33A96D6337915CB4B7E7629B6E990C1933668CC7DE73C78E1D766F06AB7433EA9B747DB0754C332DF5B5FD22EB124857B5DCCA380B213331A4DB5BD6A79051F932B550A6F74945232D53A90464E0E582050B8CC74BCF859C67970597EEB9E71EE3EFB21E464BE32FA452702433AD91D667D3F3E7D2427DF3CD37952767D2F4E4D890C5D1240E1C5341651D1449F62471700CE675F432C9406019B4EB4814249EA417CC717A42BAD4659F8AB2B23299C5A5060C18D0EC3DE5D489C45B4B3D168E592B92F438920F9935E4E8A578F4D1478DA9A912ABEE6C65F79478D3FB7A5D4343C39FE547591CADA4A4C42D0B69C9299126AB00AF666F915CB48B3EA8BC9A9393F3800E58B38716D2AAD50722B932AA3796007F5E67FDD9BA55B0DA97565B6C890CD094ADE99A05725E5DB6A6BD1CCEAB273A9303BE1CE0656B8BB44C5B9B39E0E09C58C8203E2195972399E9E2BA4C6C38120BE198957136A487A269EC9C8DFBEFBFBFCDD890CFE0FC399C4F7F9CE9145E0FD6A1784B4949F961FAF4E9E972E1327DCC569B366D32067DBB9A24A94E2BF66EF7D66ACA24175D584242C2A1D9B3671FD159F0259EE8B24C4B4B5BA35BC803BD11ACFA3D13BA5C305B2C2E79CC999C29B170C77BFA92AE181B9ED2DED880DBE3ED6D690FC80F925C48C3C295BD4232C0D7F9D2023A097A973DF613D69A6D7FEFC5B31F7DF451BD64C26E56BA6CD9B2CB095600E898E5CB97CB1506D3E5673966CB3828C7D896CE9281BE32D5DDA92ED89E9F9F9F4AA9935C74C892254B565556561E942CD89D121313A5D7A28A6005804E912B1A1AD343E5CAC9AFBDF65AA7130C492C2451919E8BD32A7543F0616F5E4787E4A21B282B2BBB63EDDAB5353230CB1D32323236ECDEBD7B32C10A009D23A795ED76BB8CF4368EA532936BDEBC79CE8941BBC8F3E4F9CEB386F4B1FAB1E5CB97FF8BD226B9E874B09E3A75EA619D0157BB7AE4FFB163C7BE5CB870E1553A589F265801A0F356AC58213DC00F3B120CE9C1904B02C8D2FD4D16C06A953C4EA6AECBF39C13139DB83CAB8FD5C994F2CF31A0B38392939353626363AD73E7CE7DF3A9A79EEA2DD3DE5CD1632189454343C322FD65205801C0758DC2A5D1D1D132DB64081C97E7000003CA49444154916EBCF595B1123218534E71CB4505E5B2E972F55459244DA61ECBA90F49286481ACDDBB771BD34D1D6B949C266B6D3CA18FD54B295D920B97D259EFDF74B056CF9F3FFFDD69D3A6F94D9932A55707A7A896BEFEFAEBEBBEFEFA6B998BF62CC10A00EEE9C1888989D9A9938BF7648AAADC274986240E4DD6AA3893ED72DA9ADE65920BB707EBCA952B97E80CF88AF8F8F8E051A346059DE5D36BB76CD9B22E292969487D7DFD101DAC3711AC00E0D61E8C6C7D33411FB7A7E9636EBC4E32A2DA51176ED7DB9282828264C6C3915C782A586F96604D4C4C7C2C202060C4B061C34E444646F61E3C787040686868842C275D5353735CAE1572E0C081ACEDDBB7FB6565650DD559B32C01F936C10A001E3D6ECB4A9AAB636363FBDB6CB6693AC9B85EFF3E5A6F727D0759FF5FCE81C82C13B95688AC92BC9A05B2482EBC1EACFBF7EF9FB66FDF3E47B0D69E0ED610F5D345C86449EFFFD5DB63042B00788FACE4A96FDE38BD81E482600500C0173115150000905C000000920B000040720100004072010000482E000000C905000000C905000020B90000002417000080E402000080E4020000905C000000920BA083816536DB6D361B05E103F47EC8D137F5C4067C3D36407201B4293030B0B0A2A28282F001274F9ECCD437FB880DF87A6C80E4026893BFBFFFF6B2B2320AC20714141494EB9B746203BE1E1B20B900DA545B5BFB5FF9F9F97576BB9DC2F0AEEC92929291FA760DB1015F8F0D905C006D1A3B76EC2E5D797C9B9797476178516666E616BD1FF2264C98B093D880AFC706482E80B369A1C66567675797979753185E505A5ABA5EB74C6FB7D96CB3880D7495D840F7E04711C05D9293938B66CC98B1ABB8B8F8CE90909040ABD54AA178B0F2C8C8C8186132997E7BCB2DB76C2736D05562032417C0192525251D8E8B8BFBE6F8F1E377E983595570707090BEA560DC273B333373557676F638A93CC68F1FBF91D840578B0D747D7C93E1119B376F1E66369BDFB4582CA3C2C3C37F080B0B3B5FB75823F47D144E27C95A0532A55046FECB003D398F2EDDDD13274ECC2436888DAE1C1B20B900CE4A5A5ADA55BAD53455FF18A5B7D17A0BA4543A4D164192B50AD2F5B6A6AB0ED02336880D0000000000000000000000000000000000000000000000000000000000000000000000000000000000000000000000000000000000000000000000000000000000000000000000000000000000000000000000000000000000000000000000000000000000000000000000000000000000000000000000000000000000000000000000000000000000000000000000000000000000000000008FF93F858B52C9C65A14D40000000049454E44AE426082, null);

-- ----------------------------
-- Table structure for act_ge_property
-- ----------------------------
DROP TABLE IF EXISTS `act_ge_property`;
CREATE TABLE `act_ge_property` (
  `NAME_` varchar(64) COLLATE utf8_bin NOT NULL,
  `VALUE_` varchar(300) COLLATE utf8_bin DEFAULT NULL,
  `REV_` int(11) DEFAULT NULL,
  PRIMARY KEY (`NAME_`)
) ENGINE=InnoDB DEFAULT CHARSET=utf8 COLLATE=utf8_bin;

-- ----------------------------
-- Records of act_ge_property
-- ----------------------------
INSERT INTO `act_ge_property` VALUES ('next.dbid', '30001', '13');
INSERT INTO `act_ge_property` VALUES ('schema.history', 'create(5.22.0.0)', '1');
INSERT INTO `act_ge_property` VALUES ('schema.version', '5.22.0.0', '1');

-- ----------------------------
-- Table structure for act_hi_actinst
-- ----------------------------
DROP TABLE IF EXISTS `act_hi_actinst`;
CREATE TABLE `act_hi_actinst` (
  `ID_` varchar(64) COLLATE utf8_bin NOT NULL,
  `PROC_DEF_ID_` varchar(64) COLLATE utf8_bin NOT NULL,
  `PROC_INST_ID_` varchar(64) COLLATE utf8_bin NOT NULL,
  `EXECUTION_ID_` varchar(64) COLLATE utf8_bin NOT NULL,
  `ACT_ID_` varchar(255) COLLATE utf8_bin NOT NULL,
  `TASK_ID_` varchar(64) COLLATE utf8_bin DEFAULT NULL,
  `CALL_PROC_INST_ID_` varchar(64) COLLATE utf8_bin DEFAULT NULL,
  `ACT_NAME_` varchar(255) COLLATE utf8_bin DEFAULT NULL,
  `ACT_TYPE_` varchar(255) COLLATE utf8_bin NOT NULL,
  `ASSIGNEE_` varchar(255) COLLATE utf8_bin DEFAULT NULL,
  `START_TIME_` datetime(3) NOT NULL,
  `END_TIME_` datetime(3) DEFAULT NULL,
  `DURATION_` bigint(20) DEFAULT NULL,
  `TENANT_ID_` varchar(255) COLLATE utf8_bin DEFAULT '',
  PRIMARY KEY (`ID_`),
  KEY `ACT_IDX_HI_ACT_INST_START` (`START_TIME_`),
  KEY `ACT_IDX_HI_ACT_INST_END` (`END_TIME_`),
  KEY `ACT_IDX_HI_ACT_INST_PROCINST` (`PROC_INST_ID_`,`ACT_ID_`),
  KEY `ACT_IDX_HI_ACT_INST_EXEC` (`EXECUTION_ID_`,`ACT_ID_`)
) ENGINE=InnoDB DEFAULT CHARSET=utf8 COLLATE=utf8_bin;

-- ----------------------------
-- Records of act_hi_actinst
-- ----------------------------
INSERT INTO `act_hi_actinst` VALUES ('25002', 'LeaveBill:2:22504', '25001', '25001', 'sid-1AE4F001-6844-4085-BCD7-4249BF0FDF3F', null, null, '', 'startEvent', null, '2016-11-16 10:31:46.632', '2016-11-16 10:31:46.662', '30', '');
INSERT INTO `act_hi_actinst` VALUES ('25005', 'LeaveBill:2:22504', '25001', '25001', 'sid-C2161DFE-6934-4ABA-8BB9-8E64C1444D1D', '25006', null, '', 'userTask', 'admin', '2016-11-16 10:31:46.663', null, null, '');
INSERT INTO `act_hi_actinst` VALUES ('27502', 'LeaveBill:1:4', '27501', '27501', 'startevent1', null, null, 'Start', 'startEvent', null, '2016-11-18 09:52:06.754', '2016-11-18 09:52:06.788', '34', '');
INSERT INTO `act_hi_actinst` VALUES ('27504', 'LeaveBill:1:4', '27501', '27501', 'usertask1', '27505', null, '', 'userTask', 'admin', '2016-11-18 09:52:06.789', null, null, '');

-- ----------------------------
-- Table structure for act_hi_attachment
-- ----------------------------
DROP TABLE IF EXISTS `act_hi_attachment`;
CREATE TABLE `act_hi_attachment` (
  `ID_` varchar(64) COLLATE utf8_bin NOT NULL,
  `REV_` int(11) DEFAULT NULL,
  `USER_ID_` varchar(255) COLLATE utf8_bin DEFAULT NULL,
  `NAME_` varchar(255) COLLATE utf8_bin DEFAULT NULL,
  `DESCRIPTION_` varchar(4000) COLLATE utf8_bin DEFAULT NULL,
  `TYPE_` varchar(255) COLLATE utf8_bin DEFAULT NULL,
  `TASK_ID_` varchar(64) COLLATE utf8_bin DEFAULT NULL,
  `PROC_INST_ID_` varchar(64) COLLATE utf8_bin DEFAULT NULL,
  `URL_` varchar(4000) COLLATE utf8_bin DEFAULT NULL,
  `CONTENT_ID_` varchar(64) COLLATE utf8_bin DEFAULT NULL,
  `TIME_` datetime(3) DEFAULT NULL,
  PRIMARY KEY (`ID_`)
) ENGINE=InnoDB DEFAULT CHARSET=utf8 COLLATE=utf8_bin;

-- ----------------------------
-- Records of act_hi_attachment
-- ----------------------------

-- ----------------------------
-- Table structure for act_hi_comment
-- ----------------------------
DROP TABLE IF EXISTS `act_hi_comment`;
CREATE TABLE `act_hi_comment` (
  `ID_` varchar(64) COLLATE utf8_bin NOT NULL,
  `TYPE_` varchar(255) COLLATE utf8_bin DEFAULT NULL,
  `TIME_` datetime(3) NOT NULL,
  `USER_ID_` varchar(255) COLLATE utf8_bin DEFAULT NULL,
  `TASK_ID_` varchar(64) COLLATE utf8_bin DEFAULT NULL,
  `PROC_INST_ID_` varchar(64) COLLATE utf8_bin DEFAULT NULL,
  `ACTION_` varchar(255) COLLATE utf8_bin DEFAULT NULL,
  `MESSAGE_` varchar(4000) COLLATE utf8_bin DEFAULT NULL,
  `FULL_MSG_` longblob,
  PRIMARY KEY (`ID_`)
) ENGINE=InnoDB DEFAULT CHARSET=utf8 COLLATE=utf8_bin;

-- ----------------------------
-- Records of act_hi_comment
-- ----------------------------

-- ----------------------------
-- Table structure for act_hi_detail
-- ----------------------------
DROP TABLE IF EXISTS `act_hi_detail`;
CREATE TABLE `act_hi_detail` (
  `ID_` varchar(64) COLLATE utf8_bin NOT NULL,
  `TYPE_` varchar(255) COLLATE utf8_bin NOT NULL,
  `PROC_INST_ID_` varchar(64) COLLATE utf8_bin DEFAULT NULL,
  `EXECUTION_ID_` varchar(64) COLLATE utf8_bin DEFAULT NULL,
  `TASK_ID_` varchar(64) COLLATE utf8_bin DEFAULT NULL,
  `ACT_INST_ID_` varchar(64) COLLATE utf8_bin DEFAULT NULL,
  `NAME_` varchar(255) COLLATE utf8_bin NOT NULL,
  `VAR_TYPE_` varchar(255) COLLATE utf8_bin DEFAULT NULL,
  `REV_` int(11) DEFAULT NULL,
  `TIME_` datetime(3) NOT NULL,
  `BYTEARRAY_ID_` varchar(64) COLLATE utf8_bin DEFAULT NULL,
  `DOUBLE_` double DEFAULT NULL,
  `LONG_` bigint(20) DEFAULT NULL,
  `TEXT_` varchar(4000) COLLATE utf8_bin DEFAULT NULL,
  `TEXT2_` varchar(4000) COLLATE utf8_bin DEFAULT NULL,
  PRIMARY KEY (`ID_`),
  KEY `ACT_IDX_HI_DETAIL_PROC_INST` (`PROC_INST_ID_`),
  KEY `ACT_IDX_HI_DETAIL_ACT_INST` (`ACT_INST_ID_`),
  KEY `ACT_IDX_HI_DETAIL_TIME` (`TIME_`),
  KEY `ACT_IDX_HI_DETAIL_NAME` (`NAME_`),
  KEY `ACT_IDX_HI_DETAIL_TASK_ID` (`TASK_ID_`)
) ENGINE=InnoDB DEFAULT CHARSET=utf8 COLLATE=utf8_bin;

-- ----------------------------
-- Records of act_hi_detail
-- ----------------------------

-- ----------------------------
-- Table structure for act_hi_identitylink
-- ----------------------------
DROP TABLE IF EXISTS `act_hi_identitylink`;
CREATE TABLE `act_hi_identitylink` (
  `ID_` varchar(64) COLLATE utf8_bin NOT NULL,
  `GROUP_ID_` varchar(255) COLLATE utf8_bin DEFAULT NULL,
  `TYPE_` varchar(255) COLLATE utf8_bin DEFAULT NULL,
  `USER_ID_` varchar(255) COLLATE utf8_bin DEFAULT NULL,
  `TASK_ID_` varchar(64) COLLATE utf8_bin DEFAULT NULL,
  `PROC_INST_ID_` varchar(64) COLLATE utf8_bin DEFAULT NULL,
  PRIMARY KEY (`ID_`),
  KEY `ACT_IDX_HI_IDENT_LNK_USER` (`USER_ID_`),
  KEY `ACT_IDX_HI_IDENT_LNK_TASK` (`TASK_ID_`),
  KEY `ACT_IDX_HI_IDENT_LNK_PROCINST` (`PROC_INST_ID_`)
) ENGINE=InnoDB DEFAULT CHARSET=utf8 COLLATE=utf8_bin;

-- ----------------------------
-- Records of act_hi_identitylink
-- ----------------------------
INSERT INTO `act_hi_identitylink` VALUES ('25007', null, 'participant', 'admin', null, '25001');
INSERT INTO `act_hi_identitylink` VALUES ('27506', null, 'participant', 'admin', null, '27501');

-- ----------------------------
-- Table structure for act_hi_procinst
-- ----------------------------
DROP TABLE IF EXISTS `act_hi_procinst`;
CREATE TABLE `act_hi_procinst` (
  `ID_` varchar(64) COLLATE utf8_bin NOT NULL,
  `PROC_INST_ID_` varchar(64) COLLATE utf8_bin NOT NULL,
  `BUSINESS_KEY_` varchar(255) COLLATE utf8_bin DEFAULT NULL,
  `PROC_DEF_ID_` varchar(64) COLLATE utf8_bin NOT NULL,
  `START_TIME_` datetime(3) NOT NULL,
  `END_TIME_` datetime(3) DEFAULT NULL,
  `DURATION_` bigint(20) DEFAULT NULL,
  `START_USER_ID_` varchar(255) COLLATE utf8_bin DEFAULT NULL,
  `START_ACT_ID_` varchar(255) COLLATE utf8_bin DEFAULT NULL,
  `END_ACT_ID_` varchar(255) COLLATE utf8_bin DEFAULT NULL,
  `SUPER_PROCESS_INSTANCE_ID_` varchar(64) COLLATE utf8_bin DEFAULT NULL,
  `DELETE_REASON_` varchar(4000) COLLATE utf8_bin DEFAULT NULL,
  `TENANT_ID_` varchar(255) COLLATE utf8_bin DEFAULT '',
  `NAME_` varchar(255) COLLATE utf8_bin DEFAULT NULL,
  PRIMARY KEY (`ID_`),
  UNIQUE KEY `PROC_INST_ID_` (`PROC_INST_ID_`),
  KEY `ACT_IDX_HI_PRO_INST_END` (`END_TIME_`),
  KEY `ACT_IDX_HI_PRO_I_BUSKEY` (`BUSINESS_KEY_`)
) ENGINE=InnoDB DEFAULT CHARSET=utf8 COLLATE=utf8_bin;

-- ----------------------------
-- Records of act_hi_procinst
-- ----------------------------
INSERT INTO `act_hi_procinst` VALUES ('25001', '25001', 'LeaveBill.1', 'LeaveBill:2:22504', '2016-11-16 10:31:46.631', null, null, null, 'sid-1AE4F001-6844-4085-BCD7-4249BF0FDF3F', null, null, null, '', null);
INSERT INTO `act_hi_procinst` VALUES ('27501', '27501', null, 'LeaveBill:1:4', '2016-11-18 09:52:06.753', null, null, null, 'startevent1', null, null, null, '', null);

-- ----------------------------
-- Table structure for act_hi_taskinst
-- ----------------------------
DROP TABLE IF EXISTS `act_hi_taskinst`;
CREATE TABLE `act_hi_taskinst` (
  `ID_` varchar(64) COLLATE utf8_bin NOT NULL,
  `PROC_DEF_ID_` varchar(64) COLLATE utf8_bin DEFAULT NULL,
  `TASK_DEF_KEY_` varchar(255) COLLATE utf8_bin DEFAULT NULL,
  `PROC_INST_ID_` varchar(64) COLLATE utf8_bin DEFAULT NULL,
  `EXECUTION_ID_` varchar(64) COLLATE utf8_bin DEFAULT NULL,
  `NAME_` varchar(255) COLLATE utf8_bin DEFAULT NULL,
  `PARENT_TASK_ID_` varchar(64) COLLATE utf8_bin DEFAULT NULL,
  `DESCRIPTION_` varchar(4000) COLLATE utf8_bin DEFAULT NULL,
  `OWNER_` varchar(255) COLLATE utf8_bin DEFAULT NULL,
  `ASSIGNEE_` varchar(255) COLLATE utf8_bin DEFAULT NULL,
  `START_TIME_` datetime(3) NOT NULL,
  `CLAIM_TIME_` datetime(3) DEFAULT NULL,
  `END_TIME_` datetime(3) DEFAULT NULL,
  `DURATION_` bigint(20) DEFAULT NULL,
  `DELETE_REASON_` varchar(4000) COLLATE utf8_bin DEFAULT NULL,
  `PRIORITY_` int(11) DEFAULT NULL,
  `DUE_DATE_` datetime(3) DEFAULT NULL,
  `FORM_KEY_` varchar(255) COLLATE utf8_bin DEFAULT NULL,
  `CATEGORY_` varchar(255) COLLATE utf8_bin DEFAULT NULL,
  `TENANT_ID_` varchar(255) COLLATE utf8_bin DEFAULT '',
  PRIMARY KEY (`ID_`),
  KEY `ACT_IDX_HI_TASK_INST_PROCINST` (`PROC_INST_ID_`)
) ENGINE=InnoDB DEFAULT CHARSET=utf8 COLLATE=utf8_bin;

-- ----------------------------
-- Records of act_hi_taskinst
-- ----------------------------
INSERT INTO `act_hi_taskinst` VALUES ('25006', 'LeaveBill:2:22504', 'sid-C2161DFE-6934-4ABA-8BB9-8E64C1444D1D', '25001', '25001', '', null, null, null, 'admin', '2016-11-16 10:31:46.684', null, null, null, null, '50', null, null, null, '');
INSERT INTO `act_hi_taskinst` VALUES ('27505', 'LeaveBill:1:4', 'usertask1', '27501', '27501', '', null, null, null, 'admin', '2016-11-18 09:52:06.819', null, null, null, null, '50', null, 'workflowAction_audit.action', null, '');

-- ----------------------------
-- Table structure for act_hi_varinst
-- ----------------------------
DROP TABLE IF EXISTS `act_hi_varinst`;
CREATE TABLE `act_hi_varinst` (
  `ID_` varchar(64) COLLATE utf8_bin NOT NULL,
  `PROC_INST_ID_` varchar(64) COLLATE utf8_bin DEFAULT NULL,
  `EXECUTION_ID_` varchar(64) COLLATE utf8_bin DEFAULT NULL,
  `TASK_ID_` varchar(64) COLLATE utf8_bin DEFAULT NULL,
  `NAME_` varchar(255) COLLATE utf8_bin NOT NULL,
  `VAR_TYPE_` varchar(100) COLLATE utf8_bin DEFAULT NULL,
  `REV_` int(11) DEFAULT NULL,
  `BYTEARRAY_ID_` varchar(64) COLLATE utf8_bin DEFAULT NULL,
  `DOUBLE_` double DEFAULT NULL,
  `LONG_` bigint(20) DEFAULT NULL,
  `TEXT_` varchar(4000) COLLATE utf8_bin DEFAULT NULL,
  `TEXT2_` varchar(4000) COLLATE utf8_bin DEFAULT NULL,
  `CREATE_TIME_` datetime(3) DEFAULT NULL,
  `LAST_UPDATED_TIME_` datetime(3) DEFAULT NULL,
  PRIMARY KEY (`ID_`),
  KEY `ACT_IDX_HI_PROCVAR_PROC_INST` (`PROC_INST_ID_`),
  KEY `ACT_IDX_HI_PROCVAR_NAME_TYPE` (`NAME_`,`VAR_TYPE_`),
  KEY `ACT_IDX_HI_PROCVAR_TASK_ID` (`TASK_ID_`)
) ENGINE=InnoDB DEFAULT CHARSET=utf8 COLLATE=utf8_bin;

-- ----------------------------
-- Records of act_hi_varinst
-- ----------------------------
INSERT INTO `act_hi_varinst` VALUES ('25003', '25001', '25001', null, 'businessKey', 'string', '0', null, null, null, 'LeaveBill.1', null, '2016-11-16 10:31:46.633', '2016-11-16 10:31:46.633');
INSERT INTO `act_hi_varinst` VALUES ('25004', '25001', '25001', null, 'inputUser', 'string', '0', null, null, null, 'admin', null, '2016-11-16 10:31:46.635', '2016-11-16 10:31:46.635');
INSERT INTO `act_hi_varinst` VALUES ('27503', '27501', '27501', null, 'inputUser', 'string', '0', null, null, null, 'admin', null, '2016-11-18 09:52:06.754', '2016-11-18 09:52:06.754');

-- ----------------------------
-- Table structure for act_id_group
-- ----------------------------
DROP TABLE IF EXISTS `act_id_group`;
CREATE TABLE `act_id_group` (
  `ID_` varchar(64) COLLATE utf8_bin NOT NULL,
  `REV_` int(11) DEFAULT NULL,
  `NAME_` varchar(255) COLLATE utf8_bin DEFAULT NULL,
  `TYPE_` varchar(255) COLLATE utf8_bin DEFAULT NULL,
  PRIMARY KEY (`ID_`)
) ENGINE=InnoDB DEFAULT CHARSET=utf8 COLLATE=utf8_bin;

-- ----------------------------
-- Records of act_id_group
-- ----------------------------

-- ----------------------------
-- Table structure for act_id_info
-- ----------------------------
DROP TABLE IF EXISTS `act_id_info`;
CREATE TABLE `act_id_info` (
  `ID_` varchar(64) COLLATE utf8_bin NOT NULL,
  `REV_` int(11) DEFAULT NULL,
  `USER_ID_` varchar(64) COLLATE utf8_bin DEFAULT NULL,
  `TYPE_` varchar(64) COLLATE utf8_bin DEFAULT NULL,
  `KEY_` varchar(255) COLLATE utf8_bin DEFAULT NULL,
  `VALUE_` varchar(255) COLLATE utf8_bin DEFAULT NULL,
  `PASSWORD_` longblob,
  `PARENT_ID_` varchar(255) COLLATE utf8_bin DEFAULT NULL,
  PRIMARY KEY (`ID_`)
) ENGINE=InnoDB DEFAULT CHARSET=utf8 COLLATE=utf8_bin;

-- ----------------------------
-- Records of act_id_info
-- ----------------------------

-- ----------------------------
-- Table structure for act_id_membership
-- ----------------------------
DROP TABLE IF EXISTS `act_id_membership`;
CREATE TABLE `act_id_membership` (
  `USER_ID_` varchar(64) COLLATE utf8_bin NOT NULL,
  `GROUP_ID_` varchar(64) COLLATE utf8_bin NOT NULL,
  PRIMARY KEY (`USER_ID_`,`GROUP_ID_`),
  KEY `ACT_FK_MEMB_GROUP` (`GROUP_ID_`),
  CONSTRAINT `ACT_FK_MEMB_GROUP` FOREIGN KEY (`GROUP_ID_`) REFERENCES `act_id_group` (`ID_`),
  CONSTRAINT `ACT_FK_MEMB_USER` FOREIGN KEY (`USER_ID_`) REFERENCES `act_id_user` (`ID_`)
) ENGINE=InnoDB DEFAULT CHARSET=utf8 COLLATE=utf8_bin;

-- ----------------------------
-- Records of act_id_membership
-- ----------------------------

-- ----------------------------
-- Table structure for act_id_user
-- ----------------------------
DROP TABLE IF EXISTS `act_id_user`;
CREATE TABLE `act_id_user` (
  `ID_` varchar(64) COLLATE utf8_bin NOT NULL,
  `REV_` int(11) DEFAULT NULL,
  `FIRST_` varchar(255) COLLATE utf8_bin DEFAULT NULL,
  `LAST_` varchar(255) COLLATE utf8_bin DEFAULT NULL,
  `EMAIL_` varchar(255) COLLATE utf8_bin DEFAULT NULL,
  `PWD_` varchar(255) COLLATE utf8_bin DEFAULT NULL,
  `PICTURE_ID_` varchar(64) COLLATE utf8_bin DEFAULT NULL,
  PRIMARY KEY (`ID_`)
) ENGINE=InnoDB DEFAULT CHARSET=utf8 COLLATE=utf8_bin;

-- ----------------------------
-- Records of act_id_user
-- ----------------------------

-- ----------------------------
-- Table structure for act_procdef_info
-- ----------------------------
DROP TABLE IF EXISTS `act_procdef_info`;
CREATE TABLE `act_procdef_info` (
  `ID_` varchar(64) COLLATE utf8_bin NOT NULL,
  `PROC_DEF_ID_` varchar(64) COLLATE utf8_bin NOT NULL,
  `REV_` int(11) DEFAULT NULL,
  `INFO_JSON_ID_` varchar(64) COLLATE utf8_bin DEFAULT NULL,
  PRIMARY KEY (`ID_`),
  UNIQUE KEY `ACT_UNIQ_INFO_PROCDEF` (`PROC_DEF_ID_`),
  KEY `ACT_IDX_INFO_PROCDEF` (`PROC_DEF_ID_`),
  KEY `ACT_FK_INFO_JSON_BA` (`INFO_JSON_ID_`),
  CONSTRAINT `ACT_FK_INFO_JSON_BA` FOREIGN KEY (`INFO_JSON_ID_`) REFERENCES `act_ge_bytearray` (`ID_`),
  CONSTRAINT `ACT_FK_INFO_PROCDEF` FOREIGN KEY (`PROC_DEF_ID_`) REFERENCES `act_re_procdef` (`ID_`)
) ENGINE=InnoDB DEFAULT CHARSET=utf8 COLLATE=utf8_bin;

-- ----------------------------
-- Records of act_procdef_info
-- ----------------------------

-- ----------------------------
-- Table structure for act_re_deployment
-- ----------------------------
DROP TABLE IF EXISTS `act_re_deployment`;
CREATE TABLE `act_re_deployment` (
  `ID_` varchar(64) COLLATE utf8_bin NOT NULL,
  `NAME_` varchar(255) COLLATE utf8_bin DEFAULT NULL,
  `CATEGORY_` varchar(255) COLLATE utf8_bin DEFAULT NULL,
  `TENANT_ID_` varchar(255) COLLATE utf8_bin DEFAULT '',
  `DEPLOY_TIME_` timestamp(3) NULL DEFAULT NULL,
  PRIMARY KEY (`ID_`)
) ENGINE=InnoDB DEFAULT CHARSET=utf8 COLLATE=utf8_bin;

-- ----------------------------
-- Records of act_re_deployment
-- ----------------------------
INSERT INTO `act_re_deployment` VALUES ('1', '111', null, '', '2016-11-10 10:43:44.539');
INSERT INTO `act_re_deployment` VALUES ('22501', '001', null, '', '2016-11-16 09:55:47.888');

-- ----------------------------
-- Table structure for act_re_model
-- ----------------------------
DROP TABLE IF EXISTS `act_re_model`;
CREATE TABLE `act_re_model` (
  `ID_` varchar(64) COLLATE utf8_bin NOT NULL,
  `REV_` int(11) DEFAULT NULL,
  `NAME_` varchar(255) COLLATE utf8_bin DEFAULT NULL,
  `KEY_` varchar(255) COLLATE utf8_bin DEFAULT NULL,
  `CATEGORY_` varchar(255) COLLATE utf8_bin DEFAULT NULL,
  `CREATE_TIME_` timestamp(3) NULL DEFAULT NULL,
  `LAST_UPDATE_TIME_` timestamp(3) NULL DEFAULT NULL,
  `VERSION_` int(11) DEFAULT NULL,
  `META_INFO_` varchar(4000) COLLATE utf8_bin DEFAULT NULL,
  `DEPLOYMENT_ID_` varchar(64) COLLATE utf8_bin DEFAULT NULL,
  `EDITOR_SOURCE_VALUE_ID_` varchar(64) COLLATE utf8_bin DEFAULT NULL,
  `EDITOR_SOURCE_EXTRA_VALUE_ID_` varchar(64) COLLATE utf8_bin DEFAULT NULL,
  `TENANT_ID_` varchar(255) COLLATE utf8_bin DEFAULT '',
  PRIMARY KEY (`ID_`),
  KEY `ACT_FK_MODEL_SOURCE` (`EDITOR_SOURCE_VALUE_ID_`),
  KEY `ACT_FK_MODEL_SOURCE_EXTRA` (`EDITOR_SOURCE_EXTRA_VALUE_ID_`),
  KEY `ACT_FK_MODEL_DEPLOYMENT` (`DEPLOYMENT_ID_`),
  CONSTRAINT `ACT_FK_MODEL_DEPLOYMENT` FOREIGN KEY (`DEPLOYMENT_ID_`) REFERENCES `act_re_deployment` (`ID_`),
  CONSTRAINT `ACT_FK_MODEL_SOURCE` FOREIGN KEY (`EDITOR_SOURCE_VALUE_ID_`) REFERENCES `act_ge_bytearray` (`ID_`),
  CONSTRAINT `ACT_FK_MODEL_SOURCE_EXTRA` FOREIGN KEY (`EDITOR_SOURCE_EXTRA_VALUE_ID_`) REFERENCES `act_ge_bytearray` (`ID_`)
) ENGINE=InnoDB DEFAULT CHARSET=utf8 COLLATE=utf8_bin;

-- ----------------------------
-- Records of act_re_model
-- ----------------------------
INSERT INTO `act_re_model` VALUES ('12503', '6', '001', '001', null, '2016-11-15 17:02:39.675', '2016-11-16 09:55:38.332', '1', '{\"name\":\"001\",\"revision\":1,\"description\":\"001\"}', null, '12504', '12505', '');
INSERT INTO `act_re_model` VALUES ('15001', '4', '002', '002', null, '2016-11-15 17:23:08.781', '2016-11-15 17:24:12.158', '1', '{\"name\":\"002\",\"revision\":1,\"description\":\"002\"}', null, '15002', '15003', '');
INSERT INTO `act_re_model` VALUES ('2501', '22', '001', '1', null, '2016-11-15 12:31:17.518', '2016-11-17 14:23:26.295', '1', '{\"name\":\"001\",\"revision\":1,\"description\":\"web\"}', null, '2502', '5001', '');

-- ----------------------------
-- Table structure for act_re_procdef
-- ----------------------------
DROP TABLE IF EXISTS `act_re_procdef`;
CREATE TABLE `act_re_procdef` (
  `ID_` varchar(64) COLLATE utf8_bin NOT NULL,
  `REV_` int(11) DEFAULT NULL,
  `CATEGORY_` varchar(255) COLLATE utf8_bin DEFAULT NULL,
  `NAME_` varchar(255) COLLATE utf8_bin DEFAULT NULL,
  `KEY_` varchar(255) COLLATE utf8_bin NOT NULL,
  `VERSION_` int(11) NOT NULL,
  `DEPLOYMENT_ID_` varchar(64) COLLATE utf8_bin DEFAULT NULL,
  `RESOURCE_NAME_` varchar(4000) COLLATE utf8_bin DEFAULT NULL,
  `DGRM_RESOURCE_NAME_` varchar(4000) COLLATE utf8_bin DEFAULT NULL,
  `DESCRIPTION_` varchar(4000) COLLATE utf8_bin DEFAULT NULL,
  `HAS_START_FORM_KEY_` tinyint(4) DEFAULT NULL,
  `HAS_GRAPHICAL_NOTATION_` tinyint(4) DEFAULT NULL,
  `SUSPENSION_STATE_` int(11) DEFAULT NULL,
  `TENANT_ID_` varchar(255) COLLATE utf8_bin DEFAULT '',
  PRIMARY KEY (`ID_`),
  UNIQUE KEY `ACT_UNIQ_PROCDEF` (`KEY_`,`VERSION_`,`TENANT_ID_`)
) ENGINE=InnoDB DEFAULT CHARSET=utf8 COLLATE=utf8_bin;

-- ----------------------------
-- Records of act_re_procdef
-- ----------------------------
INSERT INTO `act_re_procdef` VALUES ('LeaveBill:1:4', '1', 'http://www.activiti.org/test', 'LeaveBillProcess', 'LeaveBill', '1', '1', 'leaveBill.bpmn', 'leaveBill.png', null, '0', '1', '1', '');
INSERT INTO `act_re_procdef` VALUES ('LeaveBill:2:22504', '1', 'http://www.activiti.org/processdef', 'LeaveBillProcess', 'LeaveBill', '2', '22501', '001.bpmn20.xml', '001.LeaveBill.png', null, '0', '1', '1', '');

-- ----------------------------
-- Table structure for act_ru_event_subscr
-- ----------------------------
DROP TABLE IF EXISTS `act_ru_event_subscr`;
CREATE TABLE `act_ru_event_subscr` (
  `ID_` varchar(64) COLLATE utf8_bin NOT NULL,
  `REV_` int(11) DEFAULT NULL,
  `EVENT_TYPE_` varchar(255) COLLATE utf8_bin NOT NULL,
  `EVENT_NAME_` varchar(255) COLLATE utf8_bin DEFAULT NULL,
  `EXECUTION_ID_` varchar(64) COLLATE utf8_bin DEFAULT NULL,
  `PROC_INST_ID_` varchar(64) COLLATE utf8_bin DEFAULT NULL,
  `ACTIVITY_ID_` varchar(64) COLLATE utf8_bin DEFAULT NULL,
  `CONFIGURATION_` varchar(255) COLLATE utf8_bin DEFAULT NULL,
  `CREATED_` timestamp(3) NOT NULL DEFAULT CURRENT_TIMESTAMP(3),
  `PROC_DEF_ID_` varchar(64) COLLATE utf8_bin DEFAULT NULL,
  `TENANT_ID_` varchar(255) COLLATE utf8_bin DEFAULT '',
  PRIMARY KEY (`ID_`),
  KEY `ACT_IDX_EVENT_SUBSCR_CONFIG_` (`CONFIGURATION_`),
  KEY `ACT_FK_EVENT_EXEC` (`EXECUTION_ID_`),
  CONSTRAINT `ACT_FK_EVENT_EXEC` FOREIGN KEY (`EXECUTION_ID_`) REFERENCES `act_ru_execution` (`ID_`)
) ENGINE=InnoDB DEFAULT CHARSET=utf8 COLLATE=utf8_bin;

-- ----------------------------
-- Records of act_ru_event_subscr
-- ----------------------------

-- ----------------------------
-- Table structure for act_ru_execution
-- ----------------------------
DROP TABLE IF EXISTS `act_ru_execution`;
CREATE TABLE `act_ru_execution` (
  `ID_` varchar(64) COLLATE utf8_bin NOT NULL,
  `REV_` int(11) DEFAULT NULL,
  `PROC_INST_ID_` varchar(64) COLLATE utf8_bin DEFAULT NULL,
  `BUSINESS_KEY_` varchar(255) COLLATE utf8_bin DEFAULT NULL,
  `PARENT_ID_` varchar(64) COLLATE utf8_bin DEFAULT NULL,
  `PROC_DEF_ID_` varchar(64) COLLATE utf8_bin DEFAULT NULL,
  `SUPER_EXEC_` varchar(64) COLLATE utf8_bin DEFAULT NULL,
  `ACT_ID_` varchar(255) COLLATE utf8_bin DEFAULT NULL,
  `IS_ACTIVE_` tinyint(4) DEFAULT NULL,
  `IS_CONCURRENT_` tinyint(4) DEFAULT NULL,
  `IS_SCOPE_` tinyint(4) DEFAULT NULL,
  `IS_EVENT_SCOPE_` tinyint(4) DEFAULT NULL,
  `SUSPENSION_STATE_` int(11) DEFAULT NULL,
  `CACHED_ENT_STATE_` int(11) DEFAULT NULL,
  `TENANT_ID_` varchar(255) COLLATE utf8_bin DEFAULT '',
  `NAME_` varchar(255) COLLATE utf8_bin DEFAULT NULL,
  `LOCK_TIME_` timestamp(3) NULL DEFAULT NULL,
  PRIMARY KEY (`ID_`),
  KEY `ACT_IDX_EXEC_BUSKEY` (`BUSINESS_KEY_`),
  KEY `ACT_FK_EXE_PROCINST` (`PROC_INST_ID_`),
  KEY `ACT_FK_EXE_PARENT` (`PARENT_ID_`),
  KEY `ACT_FK_EXE_SUPER` (`SUPER_EXEC_`),
  KEY `ACT_FK_EXE_PROCDEF` (`PROC_DEF_ID_`),
  CONSTRAINT `ACT_FK_EXE_PARENT` FOREIGN KEY (`PARENT_ID_`) REFERENCES `act_ru_execution` (`ID_`),
  CONSTRAINT `ACT_FK_EXE_PROCDEF` FOREIGN KEY (`PROC_DEF_ID_`) REFERENCES `act_re_procdef` (`ID_`),
  CONSTRAINT `ACT_FK_EXE_PROCINST` FOREIGN KEY (`PROC_INST_ID_`) REFERENCES `act_ru_execution` (`ID_`) ON DELETE CASCADE ON UPDATE CASCADE,
  CONSTRAINT `ACT_FK_EXE_SUPER` FOREIGN KEY (`SUPER_EXEC_`) REFERENCES `act_ru_execution` (`ID_`)
) ENGINE=InnoDB DEFAULT CHARSET=utf8 COLLATE=utf8_bin;

-- ----------------------------
-- Records of act_ru_execution
-- ----------------------------
INSERT INTO `act_ru_execution` VALUES ('25001', '1', '25001', 'LeaveBill.1', null, 'LeaveBill:2:22504', null, 'sid-C2161DFE-6934-4ABA-8BB9-8E64C1444D1D', '1', '0', '1', '0', '1', '2', '', null, null);
INSERT INTO `act_ru_execution` VALUES ('27501', '1', '27501', null, null, 'LeaveBill:1:4', null, 'usertask1', '1', '0', '1', '0', '1', '2', '', null, null);

-- ----------------------------
-- Table structure for act_ru_identitylink
-- ----------------------------
DROP TABLE IF EXISTS `act_ru_identitylink`;
CREATE TABLE `act_ru_identitylink` (
  `ID_` varchar(64) COLLATE utf8_bin NOT NULL,
  `REV_` int(11) DEFAULT NULL,
  `GROUP_ID_` varchar(255) COLLATE utf8_bin DEFAULT NULL,
  `TYPE_` varchar(255) COLLATE utf8_bin DEFAULT NULL,
  `USER_ID_` varchar(255) COLLATE utf8_bin DEFAULT NULL,
  `TASK_ID_` varchar(64) COLLATE utf8_bin DEFAULT NULL,
  `PROC_INST_ID_` varchar(64) COLLATE utf8_bin DEFAULT NULL,
  `PROC_DEF_ID_` varchar(64) COLLATE utf8_bin DEFAULT NULL,
  PRIMARY KEY (`ID_`),
  KEY `ACT_IDX_IDENT_LNK_USER` (`USER_ID_`),
  KEY `ACT_IDX_IDENT_LNK_GROUP` (`GROUP_ID_`),
  KEY `ACT_IDX_ATHRZ_PROCEDEF` (`PROC_DEF_ID_`),
  KEY `ACT_FK_TSKASS_TASK` (`TASK_ID_`),
  KEY `ACT_FK_IDL_PROCINST` (`PROC_INST_ID_`),
  CONSTRAINT `ACT_FK_ATHRZ_PROCEDEF` FOREIGN KEY (`PROC_DEF_ID_`) REFERENCES `act_re_procdef` (`ID_`),
  CONSTRAINT `ACT_FK_IDL_PROCINST` FOREIGN KEY (`PROC_INST_ID_`) REFERENCES `act_ru_execution` (`ID_`),
  CONSTRAINT `ACT_FK_TSKASS_TASK` FOREIGN KEY (`TASK_ID_`) REFERENCES `act_ru_task` (`ID_`)
) ENGINE=InnoDB DEFAULT CHARSET=utf8 COLLATE=utf8_bin;

-- ----------------------------
-- Records of act_ru_identitylink
-- ----------------------------
INSERT INTO `act_ru_identitylink` VALUES ('25007', '1', null, 'participant', 'admin', null, '25001', null);
INSERT INTO `act_ru_identitylink` VALUES ('27506', '1', null, 'participant', 'admin', null, '27501', null);

-- ----------------------------
-- Table structure for act_ru_job
-- ----------------------------
DROP TABLE IF EXISTS `act_ru_job`;
CREATE TABLE `act_ru_job` (
  `ID_` varchar(64) COLLATE utf8_bin NOT NULL,
  `REV_` int(11) DEFAULT NULL,
  `TYPE_` varchar(255) COLLATE utf8_bin NOT NULL,
  `LOCK_EXP_TIME_` timestamp(3) NULL DEFAULT NULL,
  `LOCK_OWNER_` varchar(255) COLLATE utf8_bin DEFAULT NULL,
  `EXCLUSIVE_` tinyint(1) DEFAULT NULL,
  `EXECUTION_ID_` varchar(64) COLLATE utf8_bin DEFAULT NULL,
  `PROCESS_INSTANCE_ID_` varchar(64) COLLATE utf8_bin DEFAULT NULL,
  `PROC_DEF_ID_` varchar(64) COLLATE utf8_bin DEFAULT NULL,
  `RETRIES_` int(11) DEFAULT NULL,
  `EXCEPTION_STACK_ID_` varchar(64) COLLATE utf8_bin DEFAULT NULL,
  `EXCEPTION_MSG_` varchar(4000) COLLATE utf8_bin DEFAULT NULL,
  `DUEDATE_` timestamp(3) NULL DEFAULT NULL,
  `REPEAT_` varchar(255) COLLATE utf8_bin DEFAULT NULL,
  `HANDLER_TYPE_` varchar(255) COLLATE utf8_bin DEFAULT NULL,
  `HANDLER_CFG_` varchar(4000) COLLATE utf8_bin DEFAULT NULL,
  `TENANT_ID_` varchar(255) COLLATE utf8_bin DEFAULT '',
  PRIMARY KEY (`ID_`),
  KEY `ACT_FK_JOB_EXCEPTION` (`EXCEPTION_STACK_ID_`),
  CONSTRAINT `ACT_FK_JOB_EXCEPTION` FOREIGN KEY (`EXCEPTION_STACK_ID_`) REFERENCES `act_ge_bytearray` (`ID_`)
) ENGINE=InnoDB DEFAULT CHARSET=utf8 COLLATE=utf8_bin;

-- ----------------------------
-- Records of act_ru_job
-- ----------------------------

-- ----------------------------
-- Table structure for act_ru_task
-- ----------------------------
DROP TABLE IF EXISTS `act_ru_task`;
CREATE TABLE `act_ru_task` (
  `ID_` varchar(64) COLLATE utf8_bin NOT NULL,
  `REV_` int(11) DEFAULT NULL,
  `EXECUTION_ID_` varchar(64) COLLATE utf8_bin DEFAULT NULL,
  `PROC_INST_ID_` varchar(64) COLLATE utf8_bin DEFAULT NULL,
  `PROC_DEF_ID_` varchar(64) COLLATE utf8_bin DEFAULT NULL,
  `NAME_` varchar(255) COLLATE utf8_bin DEFAULT NULL,
  `PARENT_TASK_ID_` varchar(64) COLLATE utf8_bin DEFAULT NULL,
  `DESCRIPTION_` varchar(4000) COLLATE utf8_bin DEFAULT NULL,
  `TASK_DEF_KEY_` varchar(255) COLLATE utf8_bin DEFAULT NULL,
  `OWNER_` varchar(255) COLLATE utf8_bin DEFAULT NULL,
  `ASSIGNEE_` varchar(255) COLLATE utf8_bin DEFAULT NULL,
  `DELEGATION_` varchar(64) COLLATE utf8_bin DEFAULT NULL,
  `PRIORITY_` int(11) DEFAULT NULL,
  `CREATE_TIME_` timestamp(3) NULL DEFAULT NULL,
  `DUE_DATE_` datetime(3) DEFAULT NULL,
  `CATEGORY_` varchar(255) COLLATE utf8_bin DEFAULT NULL,
  `SUSPENSION_STATE_` int(11) DEFAULT NULL,
  `TENANT_ID_` varchar(255) COLLATE utf8_bin DEFAULT '',
  `FORM_KEY_` varchar(255) COLLATE utf8_bin DEFAULT NULL,
  PRIMARY KEY (`ID_`),
  KEY `ACT_IDX_TASK_CREATE` (`CREATE_TIME_`),
  KEY `ACT_FK_TASK_EXE` (`EXECUTION_ID_`),
  KEY `ACT_FK_TASK_PROCINST` (`PROC_INST_ID_`),
  KEY `ACT_FK_TASK_PROCDEF` (`PROC_DEF_ID_`),
  CONSTRAINT `ACT_FK_TASK_EXE` FOREIGN KEY (`EXECUTION_ID_`) REFERENCES `act_ru_execution` (`ID_`),
  CONSTRAINT `ACT_FK_TASK_PROCDEF` FOREIGN KEY (`PROC_DEF_ID_`) REFERENCES `act_re_procdef` (`ID_`),
  CONSTRAINT `ACT_FK_TASK_PROCINST` FOREIGN KEY (`PROC_INST_ID_`) REFERENCES `act_ru_execution` (`ID_`)
) ENGINE=InnoDB DEFAULT CHARSET=utf8 COLLATE=utf8_bin;

-- ----------------------------
-- Records of act_ru_task
-- ----------------------------
INSERT INTO `act_ru_task` VALUES ('25006', '1', '25001', '25001', 'LeaveBill:2:22504', '', null, null, 'sid-C2161DFE-6934-4ABA-8BB9-8E64C1444D1D', null, 'admin', null, '50', '2016-11-16 10:31:46.664', null, null, '1', '', null);
INSERT INTO `act_ru_task` VALUES ('27505', '1', '27501', '27501', 'LeaveBill:1:4', '', null, null, 'usertask1', null, 'admin', null, '50', '2016-11-18 09:52:06.789', null, null, '1', '', 'workflowAction_audit.action');

-- ----------------------------
-- Table structure for act_ru_variable
-- ----------------------------
DROP TABLE IF EXISTS `act_ru_variable`;
CREATE TABLE `act_ru_variable` (
  `ID_` varchar(64) COLLATE utf8_bin NOT NULL,
  `REV_` int(11) DEFAULT NULL,
  `TYPE_` varchar(255) COLLATE utf8_bin NOT NULL,
  `NAME_` varchar(255) COLLATE utf8_bin NOT NULL,
  `EXECUTION_ID_` varchar(64) COLLATE utf8_bin DEFAULT NULL,
  `PROC_INST_ID_` varchar(64) COLLATE utf8_bin DEFAULT NULL,
  `TASK_ID_` varchar(64) COLLATE utf8_bin DEFAULT NULL,
  `BYTEARRAY_ID_` varchar(64) COLLATE utf8_bin DEFAULT NULL,
  `DOUBLE_` double DEFAULT NULL,
  `LONG_` bigint(20) DEFAULT NULL,
  `TEXT_` varchar(4000) COLLATE utf8_bin DEFAULT NULL,
  `TEXT2_` varchar(4000) COLLATE utf8_bin DEFAULT NULL,
  PRIMARY KEY (`ID_`),
  KEY `ACT_IDX_VARIABLE_TASK_ID` (`TASK_ID_`),
  KEY `ACT_FK_VAR_EXE` (`EXECUTION_ID_`),
  KEY `ACT_FK_VAR_PROCINST` (`PROC_INST_ID_`),
  KEY `ACT_FK_VAR_BYTEARRAY` (`BYTEARRAY_ID_`),
  CONSTRAINT `ACT_FK_VAR_BYTEARRAY` FOREIGN KEY (`BYTEARRAY_ID_`) REFERENCES `act_ge_bytearray` (`ID_`),
  CONSTRAINT `ACT_FK_VAR_EXE` FOREIGN KEY (`EXECUTION_ID_`) REFERENCES `act_ru_execution` (`ID_`),
  CONSTRAINT `ACT_FK_VAR_PROCINST` FOREIGN KEY (`PROC_INST_ID_`) REFERENCES `act_ru_execution` (`ID_`)
) ENGINE=InnoDB DEFAULT CHARSET=utf8 COLLATE=utf8_bin;

-- ----------------------------
-- Records of act_ru_variable
-- ----------------------------
INSERT INTO `act_ru_variable` VALUES ('25003', '1', 'string', 'businessKey', '25001', '25001', null, null, null, null, 'LeaveBill.1', null);
INSERT INTO `act_ru_variable` VALUES ('25004', '1', 'string', 'inputUser', '25001', '25001', null, null, null, null, 'admin', null);
INSERT INTO `act_ru_variable` VALUES ('27503', '1', 'string', 'inputUser', '27501', '27501', null, null, null, null, 'admin', null);

-- ----------------------------
-- Table structure for leavebill
-- ----------------------------
DROP TABLE IF EXISTS `leavebill`;
CREATE TABLE `leavebill` (
  `id` bigint(19) NOT NULL AUTO_INCREMENT COMMENT 'id',
  `leaveDays` bigint(19) NOT NULL COMMENT '',
  `context` varchar(100) DEFAULT NULL COMMENT '',
  `leaveTime` datetime NOT NULL COMMENT '',
  `leavePeople` varchar(100) NOT NULL COMMENT 'userid',
  `remark` varchar(1000) DEFAULT NULL COMMENT '',
  `status` tinyint(2) NOT NULL DEFAULT '0' COMMENT '',
  PRIMARY KEY (`id`)
) ENGINE=InnoDB AUTO_INCREMENT=2 DEFAULT CHARSET=utf8 COMMENT='';

-- ----------------------------
-- Records of leavebill
-- ----------------------------
INSERT INTO `leavebill` VALUES ('1', '1', '1', '2016-11-16 10:24:54', 'admin', '1', '1');

-- ----------------------------
-- Table structure for organization
-- ----------------------------
DROP TABLE IF EXISTS `organization`;
CREATE TABLE `organization` (
  `id` bigint(19) NOT NULL AUTO_INCREMENT COMMENT 'id',
  `name` varchar(64) NOT NULL COMMENT '',
  `address` varchar(100) DEFAULT NULL COMMENT '',
  `code` varchar(64) NOT NULL COMMENT '',
  `icon` varchar(32) DEFAULT NULL COMMENT '',
  `pid` bigint(19) DEFAULT NULL COMMENT '',
  `seq` tinyint(2) NOT NULL DEFAULT '0' COMMENT '',
  `create_time` datetime NOT NULL COMMENT '',
  PRIMARY KEY (`id`)
) ENGINE=InnoDB AUTO_INCREMENT=7 DEFAULT CHARSET=utf8 COMMENT='';

-- ----------------------------
-- Records of organization
-- ----------------------------
INSERT INTO `organization` VALUES ('1', '', '', '01', 'icon-company', null, '0', '2014-02-19 01:00:00');
INSERT INTO `organization` VALUES ('3', '', '', '02', 'icon-company', null, '1', '2015-10-01 13:10:42');
INSERT INTO `organization` VALUES ('5', '', '', '03', 'icon-company', null, '2', '2015-12-06 12:15:30');
INSERT INTO `organization` VALUES ('6', '', '', '04', 'icon-folder', '3', '0', '2015-12-06 13:12:18');

-- ----------------------------
-- Table structure for processtype
-- ----------------------------
DROP TABLE IF EXISTS `processtype`;
CREATE TABLE `processtype` (
  `id` bigint(19) NOT NULL AUTO_INCREMENT COMMENT 'id',
  `code` varchar(100) DEFAULT NULL,
  `name` varchar(100) DEFAULT NULL,
  PRIMARY KEY (`id`)
) ENGINE=InnoDB AUTO_INCREMENT=7 DEFAULT CHARSET=utf8 COMMENT='';

-- ----------------------------
-- Records of processtype
-- ----------------------------

-- ----------------------------
-- Table structure for resource
-- ----------------------------
DROP TABLE IF EXISTS `resource`;
CREATE TABLE `resource` (
  `id` bigint(19) NOT NULL AUTO_INCREMENT COMMENT '',
  `name` varchar(64) NOT NULL COMMENT '',
  `url` varchar(100) DEFAULT NULL COMMENT '',
  `description` varchar(255) DEFAULT NULL COMMENT '',
  `icon` varchar(32) DEFAULT NULL COMMENT '',
  `pid` bigint(19) DEFAULT NULL COMMENT 'id',
  `seq` tinyint(2) NOT NULL DEFAULT '0' COMMENT '',
  `status` tinyint(2) NOT NULL DEFAULT '0' COMMENT '',
  `resource_type` tinyint(2) NOT NULL DEFAULT '0' COMMENT '',
  `create_time` datetime NOT NULL COMMENT '',
  PRIMARY KEY (`id`)
) ENGINE=InnoDB AUTO_INCREMENT=245 DEFAULT CHARSET=utf8 COMMENT='';

-- ----------------------------
-- Records of resource
-- ----------------------------
INSERT INTO `resource` VALUES ('1', '', '', '', 'monitor-monitor', null, '0', '0', '0', '2014-02-19 01:00:00');
INSERT INTO `resource` VALUES ('11', '', '/resource/manager.do', '', 'feed-feed', '1', '1', '0', '0', '2014-02-19 01:00:00');
INSERT INTO `resource` VALUES ('12', '', '/role/manager.do', '', 'group-group_gear', '1', '2', '0', '0', '2014-02-19 01:00:00');
INSERT INTO `resource` VALUES ('13', '', '/user/manager.do', '', 'icon-man', '1', '3', '0', '0', '2014-02-19 01:00:00');
INSERT INTO `resource` VALUES ('14', '', '/organization/manager.do', '', 'icon-tux', '1', '4', '0', '0', '2014-02-19 01:00:00');
INSERT INTO `resource` VALUES ('111', '', '/resource/treeGrid.do', '', 'icon-list', '11', '0', '0', '1', '2014-02-19 01:00:00');
INSERT INTO `resource` VALUES ('112', '', '/resource/add.do', '', 'icon-add', '11', '0', '0', '1', '2014-02-19 01:00:00');
INSERT INTO `resource` VALUES ('113', '', '/resource/edit.do', '', 'icon-edit', '11', '0', '0', '1', '2014-02-19 01:00:00');
INSERT INTO `resource` VALUES ('114', '', '/resource/delete.do', '', 'icon-del', '11', '0', '0', '1', '2014-02-19 01:00:00');
INSERT INTO `resource` VALUES ('121', '', '/role/dataGrid.do', '', 'icon-list', '12', '0', '0', '1', '2014-02-19 01:00:00');
INSERT INTO `resource` VALUES ('122', '', '/role/add.do', '', 'icon-add', '12', '0', '0', '1', '2014-02-19 01:00:00');
INSERT INTO `resource` VALUES ('123', '', '/role/edit.do', '', 'icon-edit', '12', '0', '0', '1', '2014-02-19 01:00:00');
INSERT INTO `resource` VALUES ('124', '', '/role/delete.do', '', 'icon-del', '12', '0', '0', '1', '2014-02-19 01:00:00');
INSERT INTO `resource` VALUES ('125', '', '/role/grant.do', '', 'icon-ok', '12', '0', '0', '1', '2014-02-19 01:00:00');
INSERT INTO `resource` VALUES ('131', '', '/user/dataGrid.do', '', 'icon-list', '13', '0', '0', '1', '2014-02-19 01:00:00');
INSERT INTO `resource` VALUES ('132', '', '/user/add.do', '', 'icon-add', '13', '0', '0', '1', '2014-02-19 01:00:00');
INSERT INTO `resource` VALUES ('133', '', '/user/edit.do', '', 'icon-edit', '13', '0', '0', '1', '2014-02-19 01:00:00');
INSERT INTO `resource` VALUES ('134', '', '/user/delete.do', '', 'icon-del', '13', '0', '0', '1', '2014-02-19 01:00:00');
INSERT INTO `resource` VALUES ('141', '', '/organization/treeGrid.do', '', 'icon-list', '14', '0', '0', '1', '2014-02-19 01:00:00');
INSERT INTO `resource` VALUES ('142', '', '/organization/add.do', '', 'icon-add', '14', '0', '0', '1', '2014-02-19 01:00:00');
INSERT INTO `resource` VALUES ('143', '', '/organization/edit.do', '', 'icon-edit', '14', '0', '0', '1', '2014-02-19 01:00:00');
INSERT INTO `resource` VALUES ('144', '', '/organization/delete.do', '', 'icon-del', '14', '0', '0', '1', '2014-02-19 01:00:00');
INSERT INTO `resource` VALUES ('221', '', '', null, 'monitor-monitor_edit', null, '2', '0', '0', '2015-12-01 11:44:20');
INSERT INTO `resource` VALUES ('226', '', '/user/editPwdPage.do', null, 'icon-edit', null, '3', '0', '1', '2015-12-07 20:23:06');
INSERT INTO `resource` VALUES ('227', '', '/sysLog/manager.do', null, 'icon-search', '221', '0', '0', '0', '2016-09-30 22:10:53');
INSERT INTO `resource` VALUES ('228', 'Druid', '/druid', null, 'chart-chart_bar', '221', '0', '0', '0', '2016-09-30 22:12:50');
INSERT INTO `resource` VALUES ('229', '', '', null, 'flag-flag_blue', null, '3', '0', '0', '2016-11-10 10:01:03');
INSERT INTO `resource` VALUES ('230', '', '/workflow/deploymentList.do', null, 'flag-flag_orange', '229', '1', '0', '0', '2016-11-10 10:02:16');
INSERT INTO `resource` VALUES ('232', '', '/workflow/addDeployment.do', null, 'icon-add', '230', '0', '0', '1', '2016-11-10 10:04:13');
INSERT INTO `resource` VALUES ('233', '', '/workflow/deleteDeployment.do', null, 'icon-del', '230', '1', '0', '1', '2016-11-10 10:05:50');
INSERT INTO `resource` VALUES ('234', '', '', null, 'user-user', null, '4', '0', '0', '2016-11-14 12:34:33');
INSERT INTO `resource` VALUES ('235', '', '/leave/manager.do', null, 'clock-clock', '234', '0', '0', '0', '2016-11-14 12:37:34');
INSERT INTO `resource` VALUES ('236', '', '/leave/dataGrid.do', null, 'icon-list', '235', '0', '0', '1', '2016-11-14 12:38:26');
INSERT INTO `resource` VALUES ('237', ' ', '/leave/add.do', null, 'icon-add', '235', '1', '0', '1', '2016-11-14 12:38:55');
INSERT INTO `resource` VALUES ('238', '', '/leave/edit.do', null, 'icon-edit', '235', '2', '0', '1', '2016-11-14 12:39:30');
INSERT INTO `resource` VALUES ('239', '', '/leave/delete.do', null, 'icon-del', '235', '3', '0', '1', '2016-11-14 12:39:57');
INSERT INTO `resource` VALUES ('240', '', '/workflowModel/manager.do', null, 'flag-flag_green', '229', '0', '0', '0', '2016-11-15 11:18:02');
INSERT INTO `resource` VALUES ('241', '', '/workflowModel/dataGrid.do', null, 'icon-list', '240', '0', '0', '1', '2016-11-15 11:18:43');
INSERT INTO `resource` VALUES ('242', '', '/workflowModel/add.do', null, 'icon-add', '240', '1', '0', '1', '2016-11-15 11:19:09');
INSERT INTO `resource` VALUES ('243', '', '/workflowModel/delete.do', null, 'icon-del', '240', '3', '0', '1', '2016-11-15 11:19:49');
INSERT INTO `resource` VALUES ('244', '', '/workflow/personTaskManager.do', null, 'flag-flag_pink', '229', '2', '0', '0', '2016-11-18 10:04:06');

-- ----------------------------
-- Table structure for role
-- ----------------------------
DROP TABLE IF EXISTS `role`;
CREATE TABLE `role` (
  `id` bigint(19) NOT NULL AUTO_INCREMENT COMMENT 'id',
  `name` varchar(64) NOT NULL COMMENT '',
  `seq` tinyint(2) NOT NULL DEFAULT '0' COMMENT '',
  `description` varchar(255) DEFAULT NULL COMMENT '',
  `status` tinyint(2) NOT NULL DEFAULT '0' COMMENT '',
  PRIMARY KEY (`id`)
) ENGINE=InnoDB AUTO_INCREMENT=9 DEFAULT CHARSET=utf8 COMMENT='';

-- ----------------------------
-- Records of role
-- ----------------------------
INSERT INTO `role` VALUES ('1', '', '0', '', '0');
INSERT INTO `role` VALUES ('2', '', '0', '', '0');
INSERT INTO `role` VALUES ('7', '', '0', '', '0');
INSERT INTO `role` VALUES ('8', '', '0', '', '0');

-- ----------------------------
-- Table structure for role_resource
-- ----------------------------
DROP TABLE IF EXISTS `role_resource`;
CREATE TABLE `role_resource` (
  `id` bigint(19) NOT NULL AUTO_INCREMENT COMMENT 'id',
  `role_id` bigint(19) NOT NULL COMMENT 'id',
  `resource_id` bigint(19) NOT NULL COMMENT 'id',
  PRIMARY KEY (`id`)
) ENGINE=InnoDB AUTO_INCREMENT=620 DEFAULT CHARSET=utf8 COMMENT='';

-- ----------------------------
-- Records of role_resource
-- ----------------------------
INSERT INTO `role_resource` VALUES ('158', '3', '1');
INSERT INTO `role_resource` VALUES ('159', '3', '11');
INSERT INTO `role_resource` VALUES ('160', '3', '111');
INSERT INTO `role_resource` VALUES ('161', '3', '112');
INSERT INTO `role_resource` VALUES ('162', '3', '113');
INSERT INTO `role_resource` VALUES ('163', '3', '114');
INSERT INTO `role_resource` VALUES ('164', '3', '12');
INSERT INTO `role_resource` VALUES ('165', '3', '121');
INSERT INTO `role_resource` VALUES ('166', '3', '122');
INSERT INTO `role_resource` VALUES ('167', '3', '123');
INSERT INTO `role_resource` VALUES ('168', '3', '124');
INSERT INTO `role_resource` VALUES ('169', '3', '125');
INSERT INTO `role_resource` VALUES ('170', '3', '13');
INSERT INTO `role_resource` VALUES ('171', '3', '131');
INSERT INTO `role_resource` VALUES ('172', '3', '132');
INSERT INTO `role_resource` VALUES ('173', '3', '133');
INSERT INTO `role_resource` VALUES ('174', '3', '134');
INSERT INTO `role_resource` VALUES ('175', '3', '14');
INSERT INTO `role_resource` VALUES ('176', '3', '141');
INSERT INTO `role_resource` VALUES ('177', '3', '142');
INSERT INTO `role_resource` VALUES ('178', '3', '143');
INSERT INTO `role_resource` VALUES ('179', '3', '144');
INSERT INTO `role_resource` VALUES ('359', '7', '1');
INSERT INTO `role_resource` VALUES ('360', '7', '14');
INSERT INTO `role_resource` VALUES ('361', '7', '141');
INSERT INTO `role_resource` VALUES ('362', '7', '142');
INSERT INTO `role_resource` VALUES ('363', '7', '143');
INSERT INTO `role_resource` VALUES ('367', '7', '221');
INSERT INTO `role_resource` VALUES ('368', '7', '226');
INSERT INTO `role_resource` VALUES ('437', '2', '1');
INSERT INTO `role_resource` VALUES ('438', '2', '13');
INSERT INTO `role_resource` VALUES ('439', '2', '131');
INSERT INTO `role_resource` VALUES ('440', '2', '132');
INSERT INTO `role_resource` VALUES ('441', '2', '133');
INSERT INTO `role_resource` VALUES ('445', '2', '221');
INSERT INTO `role_resource` VALUES ('446', '2', '227');
INSERT INTO `role_resource` VALUES ('447', '2', '228');
INSERT INTO `role_resource` VALUES ('464', '8', '1');
INSERT INTO `role_resource` VALUES ('465', '8', '11');
INSERT INTO `role_resource` VALUES ('466', '8', '111');
INSERT INTO `role_resource` VALUES ('467', '8', '112');
INSERT INTO `role_resource` VALUES ('468', '8', '113');
INSERT INTO `role_resource` VALUES ('469', '8', '114');
INSERT INTO `role_resource` VALUES ('470', '8', '12');
INSERT INTO `role_resource` VALUES ('471', '8', '121');
INSERT INTO `role_resource` VALUES ('472', '8', '13');
INSERT INTO `role_resource` VALUES ('473', '8', '131');
INSERT INTO `role_resource` VALUES ('580', '1', '1');
INSERT INTO `role_resource` VALUES ('581', '1', '11');
INSERT INTO `role_resource` VALUES ('582', '1', '111');
INSERT INTO `role_resource` VALUES ('583', '1', '112');
INSERT INTO `role_resource` VALUES ('584', '1', '113');
INSERT INTO `role_resource` VALUES ('585', '1', '114');
INSERT INTO `role_resource` VALUES ('586', '1', '12');
INSERT INTO `role_resource` VALUES ('587', '1', '121');
INSERT INTO `role_resource` VALUES ('588', '1', '122');
INSERT INTO `role_resource` VALUES ('589', '1', '123');
INSERT INTO `role_resource` VALUES ('590', '1', '124');
INSERT INTO `role_resource` VALUES ('591', '1', '125');
INSERT INTO `role_resource` VALUES ('592', '1', '13');
INSERT INTO `role_resource` VALUES ('593', '1', '131');
INSERT INTO `role_resource` VALUES ('594', '1', '132');
INSERT INTO `role_resource` VALUES ('595', '1', '133');
INSERT INTO `role_resource` VALUES ('596', '1', '134');
INSERT INTO `role_resource` VALUES ('597', '1', '14');
INSERT INTO `role_resource` VALUES ('598', '1', '141');
INSERT INTO `role_resource` VALUES ('599', '1', '142');
INSERT INTO `role_resource` VALUES ('600', '1', '143');
INSERT INTO `role_resource` VALUES ('601', '1', '144');
INSERT INTO `role_resource` VALUES ('602', '1', '221');
INSERT INTO `role_resource` VALUES ('603', '1', '227');
INSERT INTO `role_resource` VALUES ('604', '1', '228');
INSERT INTO `role_resource` VALUES ('605', '1', '229');
INSERT INTO `role_resource` VALUES ('606', '1', '240');
INSERT INTO `role_resource` VALUES ('607', '1', '241');
INSERT INTO `role_resource` VALUES ('608', '1', '242');
INSERT INTO `role_resource` VALUES ('609', '1', '243');
INSERT INTO `role_resource` VALUES ('610', '1', '230');
INSERT INTO `role_resource` VALUES ('611', '1', '232');
INSERT INTO `role_resource` VALUES ('612', '1', '233');
INSERT INTO `role_resource` VALUES ('613', '1', '244');
INSERT INTO `role_resource` VALUES ('614', '1', '234');
INSERT INTO `role_resource` VALUES ('615', '1', '235');
INSERT INTO `role_resource` VALUES ('616', '1', '236');
INSERT INTO `role_resource` VALUES ('617', '1', '237');
INSERT INTO `role_resource` VALUES ('618', '1', '238');
INSERT INTO `role_resource` VALUES ('619', '1', '239');

-- ----------------------------
-- Table structure for sys_log
-- ----------------------------
DROP TABLE IF EXISTS `sys_log`;
CREATE TABLE `sys_log` (
  `id` bigint(20) NOT NULL AUTO_INCREMENT COMMENT 'id',
  `login_name` varchar(255) DEFAULT NULL COMMENT '',
  `role_name` varchar(255) DEFAULT NULL COMMENT '',
  `opt_content` varchar(1024) DEFAULT NULL COMMENT '',
  `client_ip` varchar(255) DEFAULT NULL COMMENT 'ip',
  `create_time` datetime DEFAULT NULL COMMENT '',
  PRIMARY KEY (`id`)
) ENGINE=InnoDB AUTO_INCREMENT=400 DEFAULT CHARSET=utf8 COMMENT='';

-- ----------------------------
-- Records of sys_log
-- ----------------------------
INSERT INTO `sys_log` VALUES ('168', '', '', '[]:-framework-login.do,[]:org.xiaojl.controller.FrameworkController,[]:loginPost,[]:username=admin&password=1&', '0:0:0:0:0:0:0:1', '2016-11-09 11:43:10');
INSERT INTO `sys_log` VALUES ('169', 'admin', 'admin', '[]:-resource-editPage.do,[]:org.xiaojl.controller.ResourceController,[]:editPage,[]:id=11&_=1478662990771&', '0:0:0:0:0:0:0:1', '2016-11-09 11:44:26');
INSERT INTO `sys_log` VALUES ('170', 'admin', 'admin', '[]:-resource-edit.do,[]:org.xiaojl.controller.ResourceController,[]:edit,[]:id=11&name=&resourceType=0&url=/resource/manager.do&seq=1&icon=feed-feed&status=0&pid=1&', '0:0:0:0:0:0:0:1', '2016-11-09 11:44:29');
INSERT INTO `sys_log` VALUES ('171', '', '', '[]:-framework-login.do,[]:org.xiaojl.controller.FrameworkController,[]:loginPost,[]:username=admin&password=1&', '0:0:0:0:0:0:0:1', '2016-11-09 11:47:32');
INSERT INTO `sys_log` VALUES ('172', '', '', '[]:-framework-login.do,[]:org.xiaojl.controller.FrameworkController,[]:loginPost,[]:username=admin&password=1&', '0:0:0:0:0:0:0:1', '2016-11-09 13:03:23');
INSERT INTO `sys_log` VALUES ('173', 'admin', 'admin', '[]:-sysLog-dataGrid.do,[]:org.xiaojl.controller.SysLogController,[]:dataGrid,[]:page=1&rows=20&', '0:0:0:0:0:0:0:1', '2016-11-09 13:08:00');
INSERT INTO `sys_log` VALUES ('174', 'admin', 'admin', '[]:-sysLog-dataGrid.do,[]:org.xiaojl.controller.SysLogController,[]:dataGrid,[]:page=1&rows=20&sort=clientIp&order=asc&', '0:0:0:0:0:0:0:1', '2016-11-09 13:08:14');
INSERT INTO `sys_log` VALUES ('175', 'admin', 'admin', '[]:-sysLog-dataGrid.do,[]:org.xiaojl.controller.SysLogController,[]:dataGrid,[]:page=1&rows=20&sort=clientIp&order=desc&', '0:0:0:0:0:0:0:1', '2016-11-09 13:08:15');
INSERT INTO `sys_log` VALUES ('176', '', '', '[]:-framework-login.do,[]:org.xiaojl.controller.FrameworkController,[]:loginPost,[]:username=admin&password=1&', '0:0:0:0:0:0:0:1', '2016-11-09 14:00:37');
INSERT INTO `sys_log` VALUES ('177', 'admin', 'admin', '[]:-user-editPage.do,[]:org.xiaojl.controller.UserController,[]:editPage,[]:id=1&_=1478671237131&', '0:0:0:0:0:0:0:1', '2016-11-09 14:00:44');
INSERT INTO `sys_log` VALUES ('178', 'admin', 'admin', '[]:-user-edit.do,[]:org.xiaojl.controller.UserController,[]:edit,[]:id=1&loginName=admin&name=admin&password=&sex=0&age=25&userType=0&organizationId=1&roleIds=1&phone=18707173376&status=0&', '0:0:0:0:0:0:0:1', '2016-11-09 14:00:51');
INSERT INTO `sys_log` VALUES ('179', 'admin', 'admin', '[]:-framework-logout.do,[]:org.xiaojl.controller.FrameworkController,[]:logout,[]:', '0:0:0:0:0:0:0:1', '2016-11-09 14:03:02');
INSERT INTO `sys_log` VALUES ('180', '', '', '[]:-framework-login.do,[]:org.xiaojl.controller.FrameworkController,[]:loginPost,[]:username=admin&password=1&', '0:0:0:0:0:0:0:1', '2016-11-09 14:04:21');
INSERT INTO `sys_log` VALUES ('181', '', '', '[]:-framework-login.do,[]:org.xiaojl.controller.FrameworkController,[]:loginPost,[]:username=admin&password=1&', '0:0:0:0:0:0:0:1', '2016-11-09 14:16:22');
INSERT INTO `sys_log` VALUES ('182', '', '', '[]:-framework-login.do,[]:org.xiaojl.controller.FrameworkController,[]:loginPost,[]:username=admin&password=test&', '0:0:0:0:0:0:0:1', '2016-11-09 14:17:29');
INSERT INTO `sys_log` VALUES ('183', 'admin', 'admin', '[]:-user-editCurrentUserPwdPage.do,[]:org.xiaojl.controller.UserController,[]:editCurrentUserPwdPage,[]:', '0:0:0:0:0:0:0:1', '2016-11-09 14:18:20');
INSERT INTO `sys_log` VALUES ('184', 'admin', 'admin', '[]:-user-editUserPwd.do,[]:org.xiaojl.controller.UserController,[]:editUserPwd,[]:oldPwd=test&pwd=1&rePwd=1&', '0:0:0:0:0:0:0:1', '2016-11-09 14:18:27');
INSERT INTO `sys_log` VALUES ('185', 'admin', 'admin', '[]:-framework-logout.do,[]:org.xiaojl.controller.FrameworkController,[]:logout,[]:', '0:0:0:0:0:0:0:1', '2016-11-09 14:18:31');
INSERT INTO `sys_log` VALUES ('186', '', '', '[]:-framework-login.do,[]:org.xiaojl.controller.FrameworkController,[]:loginPost,[]:username=admin&password=1&', '0:0:0:0:0:0:0:1', '2016-11-09 14:18:33');
INSERT INTO `sys_log` VALUES ('187', '', '', '[]:-framework-login.do,[]:org.xiaojl.controller.FrameworkController,[]:loginPost,[]:username=admin&password=1&', '0:0:0:0:0:0:0:1', '2016-11-09 14:24:46');
INSERT INTO `sys_log` VALUES ('188', '', '', '[]:-framework-login.do,[]:org.xiaojl.controller.FrameworkController,[]:loginPost,[]:username=admin&password=1&', '0:0:0:0:0:0:0:1', '2016-11-09 14:26:23');
INSERT INTO `sys_log` VALUES ('189', '', '', '[]:-framework-login.do,[]:org.xiaojl.controller.FrameworkController,[]:loginPost,[]:username=admin&password=1&', '0:0:0:0:0:0:0:1', '2016-11-09 14:30:05');
INSERT INTO `sys_log` VALUES ('190', '', '', '[]:-framework-login.do,[]:org.xiaojl.controller.FrameworkController,[]:loginPost,[]:username=admin&password=1&', '0:0:0:0:0:0:0:1', '2016-11-09 14:32:29');
INSERT INTO `sys_log` VALUES ('191', 'admin', 'admin', '[]:-user-editPage.do,[]:org.xiaojl.controller.UserController,[]:editPage,[]:id=13&_=1478673150130&', '0:0:0:0:0:0:0:1', '2016-11-09 14:34:21');
INSERT INTO `sys_log` VALUES ('192', 'admin', 'admin', '[]:-user-edit.do,[]:org.xiaojl.controller.UserController,[]:edit,[]:id=13&loginName=snoopy&name=snoopy&password=&sex=0&age=25&userType=1&organizationId=3&roleIds=2&phone=18707173376&status=0&', '0:0:0:0:0:0:0:1', '2016-11-09 14:34:26');
INSERT INTO `sys_log` VALUES ('193', '', '', '[]:-framework-login.do,[]:org.xiaojl.controller.FrameworkController,[]:loginPost,[]:username=admin&password=1&', '0:0:0:0:0:0:0:1', '2016-11-09 14:43:13');
INSERT INTO `sys_log` VALUES ('194', 'admin', 'admin', '[]:-user-editPage.do,[]:org.xiaojl.controller.UserController,[]:editPage,[]:id=13&_=1478673793541&', '0:0:0:0:0:0:0:1', '2016-11-09 14:45:40');
INSERT INTO `sys_log` VALUES ('195', 'admin', 'admin', '[]:-user-edit.do,[]:org.xiaojl.controller.UserController,[]:edit,[]:id=13&loginName=snoopy&name=snoopy&password=1&sex=0&age=25&userType=1&organizationId=3&roleIds=2&phone=18707173376&status=0&', '0:0:0:0:0:0:0:1', '2016-11-09 14:45:48');
INSERT INTO `sys_log` VALUES ('196', '', '', '[]:-framework-login.do,[]:org.xiaojl.controller.FrameworkController,[]:loginPost,[]:username=admin&password=1&', '0:0:0:0:0:0:0:1', '2016-11-09 14:51:00');
INSERT INTO `sys_log` VALUES ('197', '', '', '[]:-framework-login.do,[]:org.xiaojl.controller.FrameworkController,[]:loginPost,[]:username=admin&password=1&', '0:0:0:0:0:0:0:1', '2016-11-09 14:53:18');
INSERT INTO `sys_log` VALUES ('198', '', '', '[]:-framework-login.do,[]:org.xiaojl.controller.FrameworkController,[]:loginPost,[]:username=admin&password=1&', '0:0:0:0:0:0:0:1', '2016-11-09 15:02:33');
INSERT INTO `sys_log` VALUES ('199', '', '', '[]:-framework-login.do,[]:org.xiaojl.controller.FrameworkController,[]:loginPost,[]:username=admin&password=1&', '0:0:0:0:0:0:0:1', '2016-11-09 15:06:26');
INSERT INTO `sys_log` VALUES ('200', '', '', '[]:-framework-login.do,[]:org.xiaojl.controller.FrameworkController,[]:loginPost,[]:username=admin&password=1&', '0:0:0:0:0:0:0:1', '2016-11-09 15:09:38');
INSERT INTO `sys_log` VALUES ('201', 'admin', 'admin', '[]:-resource-delete.do,[]:org.xiaojl.controller.ResourceController,[]:delete,[]:id=222&', '0:0:0:0:0:0:0:1', '2016-11-09 15:19:49');
INSERT INTO `sys_log` VALUES ('202', '', '', '[]:-framework-login.do,[]:org.xiaojl.controller.FrameworkController,[]:loginPost,[]:username=admin&password=1&', '0:0:0:0:0:0:0:1', '2016-11-09 15:36:25');
INSERT INTO `sys_log` VALUES ('203', 'admin', 'admin', '[]:-resource-delete.do,[]:org.xiaojl.controller.ResourceController,[]:delete,[]:id=224&', '0:0:0:0:0:0:0:1', '2016-11-09 15:37:00');
INSERT INTO `sys_log` VALUES ('204', 'admin', 'admin', '[]:-resource-delete.do,[]:org.xiaojl.controller.ResourceController,[]:delete,[]:id=222&', '0:0:0:0:0:0:0:1', '2016-11-09 15:38:03');
INSERT INTO `sys_log` VALUES ('205', 'admin', 'admin', '[]:-resource-editPage.do,[]:org.xiaojl.controller.ResourceController,[]:editPage,[]:id=1&_=1478677191229&', '0:0:0:0:0:0:0:1', '2016-11-09 15:40:06');
INSERT INTO `sys_log` VALUES ('206', 'admin', 'admin', '[]:-resource-edit.do,[]:org.xiaojl.controller.ResourceController,[]:edit,[]:id=1&name=&resourceType=0&url=&seq=0&icon=clock-clock&status=0&pid=&', '0:0:0:0:0:0:0:1', '2016-11-09 15:45:05');
INSERT INTO `sys_log` VALUES ('207', 'admin', 'admin', '[]:-resource-editPage.do,[]:org.xiaojl.controller.ResourceController,[]:editPage,[]:id=1&_=1478677191230&', '0:0:0:0:0:0:0:1', '2016-11-09 15:45:12');
INSERT INTO `sys_log` VALUES ('208', 'admin', 'admin', '[]:-resource-edit.do,[]:org.xiaojl.controller.ResourceController,[]:edit,[]:id=1&name=&resourceType=0&url=&seq=0&icon=monitor-monitor&status=0&pid=&', '0:0:0:0:0:0:0:1', '2016-11-09 15:45:50');
INSERT INTO `sys_log` VALUES ('209', 'admin', 'admin', '[]:-resource-editPage.do,[]:org.xiaojl.controller.ResourceController,[]:editPage,[]:id=221&_=1478677191231&', '0:0:0:0:0:0:0:1', '2016-11-09 15:45:54');
INSERT INTO `sys_log` VALUES ('210', 'admin', 'admin', '[]:-resource-edit.do,[]:org.xiaojl.controller.ResourceController,[]:edit,[]:id=221&name=&resourceType=0&url=&seq=2&icon=monitor-monitor_edit&status=0&pid=&', '0:0:0:0:0:0:0:1', '2016-11-09 15:46:01');
INSERT INTO `sys_log` VALUES ('211', 'admin', 'admin', '[]:-resource-editPage.do,[]:org.xiaojl.controller.ResourceController,[]:editPage,[]:id=221&_=1478677191232&', '0:0:0:0:0:0:0:1', '2016-11-09 15:46:19');
INSERT INTO `sys_log` VALUES ('212', 'admin', 'admin', '[]:-resource-edit.do,[]:org.xiaojl.controller.ResourceController,[]:edit,[]:id=221&name=&resourceType=0&url=&seq=2&icon=monitor-monitor_edit&status=0&pid=&', '0:0:0:0:0:0:0:1', '2016-11-09 15:46:24');
INSERT INTO `sys_log` VALUES ('213', 'admin', 'admin', '[]:-resource-editPage.do,[]:org.xiaojl.controller.ResourceController,[]:editPage,[]:id=227&_=1478677191233&', '0:0:0:0:0:0:0:1', '2016-11-09 15:46:28');
INSERT INTO `sys_log` VALUES ('214', 'admin', 'admin', '[]:-resource-edit.do,[]:org.xiaojl.controller.ResourceController,[]:edit,[]:id=227&name=&resourceType=0&url=/sysLog/manager.do&seq=0&icon=icon-search&status=0&pid=221&', '0:0:0:0:0:0:0:1', '2016-11-09 15:46:34');
INSERT INTO `sys_log` VALUES ('215', 'admin', 'admin', '[]:-resource-editPage.do,[]:org.xiaojl.controller.ResourceController,[]:editPage,[]:id=1&_=1478677191234&', '0:0:0:0:0:0:0:1', '2016-11-09 15:46:43');
INSERT INTO `sys_log` VALUES ('216', 'admin', 'admin', '[]:-resource-edit.do,[]:org.xiaojl.controller.ResourceController,[]:edit,[]:id=1&name=&resourceType=0&url=&seq=0&icon=monitor-monitor&status=0&pid=&', '0:0:0:0:0:0:0:1', '2016-11-09 15:46:48');
INSERT INTO `sys_log` VALUES ('217', '', '', '[]:-framework-login.do,[]:org.xiaojl.controller.FrameworkController,[]:loginPost,[]:username=admin&password=1&', '0:0:0:0:0:0:0:1', '2016-11-09 17:32:43');
INSERT INTO `sys_log` VALUES ('218', '', '', '[]:-framework-login.do,[]:org.xiaojl.controller.FrameworkController,[]:loginPost,[]:username=admin&password=1&', '0:0:0:0:0:0:0:1', '2016-11-10 09:54:48');
INSERT INTO `sys_log` VALUES ('219', 'admin', 'admin', '[]:-resource-addPage.do,[]:org.xiaojl.controller.ResourceController,[]:addPage,[]:', '0:0:0:0:0:0:0:1', '2016-11-10 09:54:58');
INSERT INTO `sys_log` VALUES ('220', 'admin', 'admin', '[]:-resource-addPage.do,[]:org.xiaojl.controller.ResourceController,[]:addPage,[]:', '0:0:0:0:0:0:0:1', '2016-11-10 09:57:50');
INSERT INTO `sys_log` VALUES ('221', 'admin', 'admin', '[]:-resource-addPage.do,[]:org.xiaojl.controller.ResourceController,[]:addPage,[]:', '0:0:0:0:0:0:0:1', '2016-11-10 09:59:33');
INSERT INTO `sys_log` VALUES ('222', 'admin', 'admin', '[]:-resource-add.do,[]:org.xiaojl.controller.ResourceController,[]:add,[]:name=&resourceType=0&url=&seq=3&icon=icon-back&status=0&pid=&', '0:0:0:0:0:0:0:1', '2016-11-10 09:59:46');
INSERT INTO `sys_log` VALUES ('223', 'admin', 'admin', '[]:-resource-add.do,[]:org.xiaojl.controller.ResourceController,[]:add,[]:name=&resourceType=0&url=&seq=3&icon=icon-back&status=0&pid=&', '0:0:0:0:0:0:0:1', '2016-11-10 10:01:03');
INSERT INTO `sys_log` VALUES ('224', 'admin', 'admin', '[]:-resource-addPage.do,[]:org.xiaojl.controller.ResourceController,[]:addPage,[]:', '0:0:0:0:0:0:0:1', '2016-11-10 10:01:22');
INSERT INTO `sys_log` VALUES ('225', 'admin', 'admin', '[]:-resource-add.do,[]:org.xiaojl.controller.ResourceController,[]:add,[]:name=&resourceType=0&url=/workflow/deploymentList.do&seq=0&icon=cog-cog&status=0&pid=229&', '0:0:0:0:0:0:0:1', '2016-11-10 10:02:16');
INSERT INTO `sys_log` VALUES ('226', 'admin', 'admin', '[]:-resource-addPage.do,[]:org.xiaojl.controller.ResourceController,[]:addPage,[]:', '0:0:0:0:0:0:0:1', '2016-11-10 10:02:26');
INSERT INTO `sys_log` VALUES ('227', 'admin', 'admin', '[]:-resource-add.do,[]:org.xiaojl.controller.ResourceController,[]:add,[]:name=&resourceType=0&url=/workflow/processDefinitionList.do&seq=1&icon=book-book&status=0&pid=229&', '0:0:0:0:0:0:0:1', '2016-11-10 10:03:05');
INSERT INTO `sys_log` VALUES ('228', 'admin', 'admin', '[]:-resource-addPage.do,[]:org.xiaojl.controller.ResourceController,[]:addPage,[]:', '0:0:0:0:0:0:0:1', '2016-11-10 10:03:14');
INSERT INTO `sys_log` VALUES ('229', 'admin', 'admin', '[]:-resource-add.do,[]:org.xiaojl.controller.ResourceController,[]:add,[]:name=&resourceType=1&url=/workflow/deploy.do&seq=0&icon=icon-add&status=0&pid=230&', '0:0:0:0:0:0:0:1', '2016-11-10 10:04:13');
INSERT INTO `sys_log` VALUES ('230', 'admin', 'admin', '[]:-resource-addPage.do,[]:org.xiaojl.controller.ResourceController,[]:addPage,[]:', '0:0:0:0:0:0:0:1', '2016-11-10 10:04:22');
INSERT INTO `sys_log` VALUES ('231', 'admin', 'admin', '[]:-resource-add.do,[]:org.xiaojl.controller.ResourceController,[]:add,[]:name=&resourceType=1&url=/workflow/deleteDeployment.do&seq=1&icon=icon-no&status=0&pid=230&', '0:0:0:0:0:0:0:1', '2016-11-10 10:05:50');
INSERT INTO `sys_log` VALUES ('232', 'admin', 'admin', '[]:-resource-addPage.do,[]:org.xiaojl.controller.ResourceController,[]:addPage,[]:', '0:0:0:0:0:0:0:1', '2016-11-10 10:09:03');
INSERT INTO `sys_log` VALUES ('233', 'admin', 'admin', '[]:-resource-addPage.do,[]:org.xiaojl.controller.ResourceController,[]:addPage,[]:', '0:0:0:0:0:0:0:1', '2016-11-10 10:09:13');
INSERT INTO `sys_log` VALUES ('234', 'admin', 'admin', '[]:-resource-editPage.do,[]:org.xiaojl.controller.ResourceController,[]:editPage,[]:id=233&_=1478743747993&', '0:0:0:0:0:0:0:1', '2016-11-10 10:09:23');
INSERT INTO `sys_log` VALUES ('235', 'admin', 'admin', '[]:-resource-edit.do,[]:org.xiaojl.controller.ResourceController,[]:edit,[]:id=233&name=&resourceType=1&url=/workflow/deleteDeployment.do&seq=1&icon=icon-del&status=0&pid=230&', '0:0:0:0:0:0:0:1', '2016-11-10 10:09:31');
INSERT INTO `sys_log` VALUES ('236', 'admin', 'admin', '[]:-role-grantPage.do,[]:org.xiaojl.controller.RoleController,[]:grantPage,[]:id=1&_=1478743747994&', '0:0:0:0:0:0:0:1', '2016-11-10 10:09:49');
INSERT INTO `sys_log` VALUES ('237', 'admin', 'admin', '[]:-role-grant.do,[]:org.xiaojl.controller.RoleController,[]:grant,[]:id=1&resourceIds=1,11,111,112,113,114,12,121,122,123,124,125,13,131,132,133,134,14,141,142,143,144,221,227,228,229,230,232,233,231&', '0:0:0:0:0:0:0:1', '2016-11-10 10:10:00');
INSERT INTO `sys_log` VALUES ('238', 'admin', 'admin', '[]:-framework-logout.do,[]:org.xiaojl.controller.FrameworkController,[]:logout,[]:', '0:0:0:0:0:0:0:1', '2016-11-10 10:10:05');
INSERT INTO `sys_log` VALUES ('239', '', '', '[]:-framework-login.do,[]:org.xiaojl.controller.FrameworkController,[]:loginPost,[]:username=admin&password=1&', '0:0:0:0:0:0:0:1', '2016-11-10 10:10:07');
INSERT INTO `sys_log` VALUES ('240', '', '', '[]:-framework-login.do,[]:org.xiaojl.controller.FrameworkController,[]:loginPost,[]:username=admin&password=1&', '0:0:0:0:0:0:0:1', '2016-11-10 10:11:13');
INSERT INTO `sys_log` VALUES ('241', '', '', '[]:-framework-login.do,[]:org.xiaojl.controller.FrameworkController,[]:loginPost,[]:username=admin&password=1&', '0:0:0:0:0:0:0:1', '2016-11-10 10:14:59');
INSERT INTO `sys_log` VALUES ('242', 'admin', 'admin', '[]:-resource-editPage.do,[]:org.xiaojl.controller.ResourceController,[]:editPage,[]:id=232&_=1478744099858&', '0:0:0:0:0:0:0:1', '2016-11-10 10:17:36');
INSERT INTO `sys_log` VALUES ('243', 'admin', 'admin', '[]:-resource-edit.do,[]:org.xiaojl.controller.ResourceController,[]:edit,[]:id=232&name=&resourceType=1&url=/workflow/addDeploy.do&seq=0&icon=icon-add&status=0&pid=230&', '0:0:0:0:0:0:0:1', '2016-11-10 10:17:56');
INSERT INTO `sys_log` VALUES ('244', 'admin', 'admin', '[]:-resource-editPage.do,[]:org.xiaojl.controller.ResourceController,[]:editPage,[]:id=232&_=1478744099859&', '0:0:0:0:0:0:0:1', '2016-11-10 10:18:08');
INSERT INTO `sys_log` VALUES ('245', 'admin', 'admin', '[]:-resource-edit.do,[]:org.xiaojl.controller.ResourceController,[]:edit,[]:id=232&name=&resourceType=1&url=/workflow/addDeployment.do&seq=0&icon=icon-add&status=0&pid=230&', '0:0:0:0:0:0:0:1', '2016-11-10 10:18:14');
INSERT INTO `sys_log` VALUES ('246', '', '', '[]:-framework-login.do,[]:org.xiaojl.controller.FrameworkController,[]:loginPost,[]:username=admin&password=1&', '0:0:0:0:0:0:0:1', '2016-11-10 10:21:10');
INSERT INTO `sys_log` VALUES ('247', 'admin', 'admin', '[]:-workflow-addDeployment.do,[]:org.xiaojl.workflow.controller.WorkflowController,[]:addDeployment,[]:name=&file=leaveBill.zip&', '0:0:0:0:0:0:0:1', '2016-11-10 10:21:56');
INSERT INTO `sys_log` VALUES ('248', '', '', '[]:-framework-login.do,[]:org.xiaojl.controller.FrameworkController,[]:loginPost,[]:username=admin&password=1&', '0:0:0:0:0:0:0:1', '2016-11-10 10:24:54');
INSERT INTO `sys_log` VALUES ('249', 'admin', 'admin', '[]:-workflow-addDeployment.do,[]:org.xiaojl.workflow.controller.WorkflowController,[]:addDeployment,[]:null', '0:0:0:0:0:0:0:1', '2016-11-10 10:25:10');
INSERT INTO `sys_log` VALUES ('250', '', '', '[]:-framework-login.do,[]:org.xiaojl.controller.FrameworkController,[]:loginPost,[]:username=admin&password=1&', '0:0:0:0:0:0:0:1', '2016-11-10 10:35:52');
INSERT INTO `sys_log` VALUES ('251', '', '', '[]:-framework-login.do,[]:org.xiaojl.controller.FrameworkController,[]:loginPost,[]:username=admin&password=1&', '0:0:0:0:0:0:0:1', '2016-11-10 10:43:34');
INSERT INTO `sys_log` VALUES ('252', 'admin', 'admin', '[]:-workflow-addDeployment.do,[]:org.xiaojl.workflow.controller.WorkflowController,[]:addDeployment,[]:null', '0:0:0:0:0:0:0:1', '2016-11-10 10:43:44');
INSERT INTO `sys_log` VALUES ('253', '', '', '[]:-framework-login.do,[]:org.xiaojl.controller.FrameworkController,[]:loginPost,[]:username=keyu0203&password=1&', '0:0:0:0:0:0:0:1', '2016-11-10 12:21:37');
INSERT INTO `sys_log` VALUES ('254', '', '', '[]:-framework-login.do,[]:org.xiaojl.controller.FrameworkController,[]:loginPost,[]:username=admin&password=1&', '0:0:0:0:0:0:0:1', '2016-11-10 12:22:11');
INSERT INTO `sys_log` VALUES ('255', '', '', '[]:-framework-login.do,[]:org.xiaojl.controller.FrameworkController,[]:loginPost,[]:username=admin&password=1&', '0:0:0:0:0:0:0:1', '2016-11-10 17:17:34');
INSERT INTO `sys_log` VALUES ('256', '', '', '[]:-framework-login.do,[]:org.xiaojl.controller.FrameworkController,[]:loginPost,[]:username=admin&password=1&', '0:0:0:0:0:0:0:1', '2016-11-10 17:28:13');
INSERT INTO `sys_log` VALUES ('257', '', '', '[]:-framework-login.do,[]:org.xiaojl.core.controller.FrameworkController,[]:loginPost,[]:username=admin&password=1&', '0:0:0:0:0:0:0:1', '2016-11-11 16:39:44');
INSERT INTO `sys_log` VALUES ('258', '', '', '[]:-framework-login.do,[]:org.xiaojl.core.controller.FrameworkController,[]:loginPost,[]:username=admin&password=1&', '0:0:0:0:0:0:0:1', '2016-11-11 16:42:45');
INSERT INTO `sys_log` VALUES ('259', '', '', '[]:-framework-login.do,[]:org.xiaojl.core.controller.FrameworkController,[]:loginPost,[]:username=admin&password=1&', '0:0:0:0:0:0:0:1', '2016-11-11 16:45:28');
INSERT INTO `sys_log` VALUES ('260', '', '', '[]:-framework-login.do,[]:org.xiaojl.core.controller.FrameworkController,[]:loginPost,[]:username=admin&password=1&', '0:0:0:0:0:0:0:1', '2016-11-14 08:31:49');
INSERT INTO `sys_log` VALUES ('261', '', '', '[]:-framework-login.do,[]:org.xiaojl.core.controller.FrameworkController,[]:loginPost,[]:username=keyu0203&password=1&', '0:0:0:0:0:0:0:1', '2016-11-14 12:33:00');
INSERT INTO `sys_log` VALUES ('262', '', '', '[]:-framework-login.do,[]:org.xiaojl.core.controller.FrameworkController,[]:loginPost,[]:username=admin&password=1&', '0:0:0:0:0:0:0:1', '2016-11-14 12:33:05');
INSERT INTO `sys_log` VALUES ('263', 'admin', 'admin', '[]:-resource-addPage.do,[]:org.xiaojl.core.controller.ResourceController,[]:addPage,[]:', '0:0:0:0:0:0:0:1', '2016-11-14 12:33:54');
INSERT INTO `sys_log` VALUES ('264', 'admin', 'admin', '[]:-resource-add.do,[]:org.xiaojl.core.controller.ResourceController,[]:add,[]:name=&resourceType=0&url=&seq=4&icon=clock-clock&status=0&pid=&', '0:0:0:0:0:0:0:1', '2016-11-14 12:34:33');
INSERT INTO `sys_log` VALUES ('265', 'admin', 'admin', '[]:-resource-addPage.do,[]:org.xiaojl.core.controller.ResourceController,[]:addPage,[]:', '0:0:0:0:0:0:0:1', '2016-11-14 12:34:35');
INSERT INTO `sys_log` VALUES ('266', 'admin', 'admin', '[]:-resource-editPage.do,[]:org.xiaojl.core.controller.ResourceController,[]:editPage,[]:id=234&_=1479097985483&', '0:0:0:0:0:0:0:1', '2016-11-14 12:36:16');
INSERT INTO `sys_log` VALUES ('267', 'admin', 'admin', '[]:-resource-edit.do,[]:org.xiaojl.core.controller.ResourceController,[]:edit,[]:id=234&name=&resourceType=0&url=&seq=4&icon=user-user&status=0&pid=&', '0:0:0:0:0:0:0:1', '2016-11-14 12:36:58');
INSERT INTO `sys_log` VALUES ('268', 'admin', 'admin', '[]:-resource-addPage.do,[]:org.xiaojl.core.controller.ResourceController,[]:addPage,[]:', '0:0:0:0:0:0:0:1', '2016-11-14 12:37:04');
INSERT INTO `sys_log` VALUES ('269', 'admin', 'admin', '[]:-resource-add.do,[]:org.xiaojl.core.controller.ResourceController,[]:add,[]:name=&resourceType=0&url=/leave/manager.do&seq=0&icon=clock-clock&status=0&pid=234&', '0:0:0:0:0:0:0:1', '2016-11-14 12:37:34');
INSERT INTO `sys_log` VALUES ('270', 'admin', 'admin', '[]:-resource-addPage.do,[]:org.xiaojl.core.controller.ResourceController,[]:addPage,[]:', '0:0:0:0:0:0:0:1', '2016-11-14 12:37:42');
INSERT INTO `sys_log` VALUES ('271', 'admin', 'admin', '[]:-resource-addPage.do,[]:org.xiaojl.core.controller.ResourceController,[]:addPage,[]:', '0:0:0:0:0:0:0:1', '2016-11-14 12:37:56');
INSERT INTO `sys_log` VALUES ('272', 'admin', 'admin', '[]:-resource-add.do,[]:org.xiaojl.core.controller.ResourceController,[]:add,[]:name=&resourceType=1&url=/leave/dataGrid.do&seq=0&icon=icon-list&status=0&pid=235&', '0:0:0:0:0:0:0:1', '2016-11-14 12:38:26');
INSERT INTO `sys_log` VALUES ('273', 'admin', 'admin', '[]:-resource-addPage.do,[]:org.xiaojl.core.controller.ResourceController,[]:addPage,[]:', '0:0:0:0:0:0:0:1', '2016-11-14 12:38:32');
INSERT INTO `sys_log` VALUES ('274', 'admin', 'admin', '[]:-resource-add.do,[]:org.xiaojl.core.controller.ResourceController,[]:add,[]:name= &resourceType=1&url=/leave/add.do&seq=1&icon=icon-add&status=0&pid=235&', '0:0:0:0:0:0:0:1', '2016-11-14 12:38:55');
INSERT INTO `sys_log` VALUES ('275', 'admin', 'admin', '[]:-resource-addPage.do,[]:org.xiaojl.core.controller.ResourceController,[]:addPage,[]:', '0:0:0:0:0:0:0:1', '2016-11-14 12:39:01');
INSERT INTO `sys_log` VALUES ('276', 'admin', 'admin', '[]:-resource-add.do,[]:org.xiaojl.core.controller.ResourceController,[]:add,[]:name=&resourceType=1&url=/leave/edit.do&seq=2&icon=icon-edit&status=0&pid=235&', '0:0:0:0:0:0:0:1', '2016-11-14 12:39:29');
INSERT INTO `sys_log` VALUES ('277', 'admin', 'admin', '[]:-resource-addPage.do,[]:org.xiaojl.core.controller.ResourceController,[]:addPage,[]:', '0:0:0:0:0:0:0:1', '2016-11-14 12:39:32');
INSERT INTO `sys_log` VALUES ('278', 'admin', 'admin', '[]:-resource-add.do,[]:org.xiaojl.core.controller.ResourceController,[]:add,[]:name=&resourceType=1&url=/leave/delete.do&seq=3&icon=icon-del&status=0&pid=235&', '0:0:0:0:0:0:0:1', '2016-11-14 12:39:57');
INSERT INTO `sys_log` VALUES ('279', 'admin', 'admin', '[]:-role-grantPage.do,[]:org.xiaojl.core.controller.RoleController,[]:grantPage,[]:id=1&_=1479097985490&', '0:0:0:0:0:0:0:1', '2016-11-14 12:40:15');
INSERT INTO `sys_log` VALUES ('280', 'admin', 'admin', '[]:-role-grant.do,[]:org.xiaojl.core.controller.RoleController,[]:grant,[]:id=1&resourceIds=1,11,111,112,113,114,12,121,122,123,124,125,13,131,132,133,134,14,141,142,143,144,221,227,228,229,230,232,233,231,234,235,236,237,238,239&', '0:0:0:0:0:0:0:1', '2016-11-14 12:40:18');
INSERT INTO `sys_log` VALUES ('281', 'admin', 'admin', '[]:-framework-logout.do,[]:org.xiaojl.core.controller.FrameworkController,[]:logout,[]:', '0:0:0:0:0:0:0:1', '2016-11-14 12:40:42');
INSERT INTO `sys_log` VALUES ('282', '', '', '[]:-framework-login.do,[]:org.xiaojl.core.controller.FrameworkController,[]:loginPost,[]:username=admin&password=1&', '0:0:0:0:0:0:0:1', '2016-11-14 12:40:47');
INSERT INTO `sys_log` VALUES ('283', '', '', '[]:-framework-login.do,[]:org.xiaojl.core.controller.FrameworkController,[]:loginPost,[]:username=admin&password=1&', '0:0:0:0:0:0:0:1', '2016-11-14 12:52:38');
INSERT INTO `sys_log` VALUES ('284', '', '', '[]:-framework-login.do,[]:org.xiaojl.core.controller.FrameworkController,[]:loginPost,[]:username=admin&password=1&', '0:0:0:0:0:0:0:1', '2016-11-14 12:58:49');
INSERT INTO `sys_log` VALUES ('285', '', '', '[]:-framework-login.do,[]:org.xiaojl.core.controller.FrameworkController,[]:loginPost,[]:username=admin&password=1&', '0:0:0:0:0:0:0:1', '2016-11-14 13:00:56');
INSERT INTO `sys_log` VALUES ('286', '', '', '[]:-framework-login.do,[]:org.xiaojl.core.controller.FrameworkController,[]:loginPost,[]:username=admin&password=1&', '0:0:0:0:0:0:0:1', '2016-11-14 13:04:34');
INSERT INTO `sys_log` VALUES ('287', '', '', '[]:-framework-login.do,[]:org.xiaojl.core.controller.FrameworkController,[]:loginPost,[]:username=admin&password=1&', '0:0:0:0:0:0:0:1', '2016-11-14 13:07:46');
INSERT INTO `sys_log` VALUES ('288', '', '', '[]:-framework-login.do,[]:org.xiaojl.core.controller.FrameworkController,[]:loginPost,[]:username=admin&password=1&', '0:0:0:0:0:0:0:1', '2016-11-14 13:08:53');
INSERT INTO `sys_log` VALUES ('289', '', '', '[]:-framework-login.do,[]:org.xiaojl.core.controller.FrameworkController,[]:loginPost,[]:username=admin&password=1&', '0:0:0:0:0:0:0:1', '2016-11-15 11:15:55');
INSERT INTO `sys_log` VALUES ('290', 'admin', 'admin', '[]:-resource-addPage.do,[]:org.xiaojl.core.controller.ResourceController,[]:addPage,[]:', '0:0:0:0:0:0:0:1', '2016-11-15 11:16:25');
INSERT INTO `sys_log` VALUES ('291', 'admin', 'admin', '[]:-resource-add.do,[]:org.xiaojl.core.controller.ResourceController,[]:add,[]:name=&resourceType=0&url=/workflowModel/manager.do&seq=2&icon=icon-transmit&status=0&pid=229&', '0:0:0:0:0:0:0:1', '2016-11-15 11:18:02');
INSERT INTO `sys_log` VALUES ('292', 'admin', 'admin', '[]:-resource-addPage.do,[]:org.xiaojl.core.controller.ResourceController,[]:addPage,[]:', '0:0:0:0:0:0:0:1', '2016-11-15 11:18:13');
INSERT INTO `sys_log` VALUES ('293', 'admin', 'admin', '[]:-resource-add.do,[]:org.xiaojl.core.controller.ResourceController,[]:add,[]:name=&resourceType=1&url=/workflowModel/dataGrid.do&seq=0&icon=icon-list&status=0&pid=240&', '0:0:0:0:0:0:0:1', '2016-11-15 11:18:43');
INSERT INTO `sys_log` VALUES ('294', 'admin', 'admin', '[]:-resource-addPage.do,[]:org.xiaojl.core.controller.ResourceController,[]:addPage,[]:', '0:0:0:0:0:0:0:1', '2016-11-15 11:18:52');
INSERT INTO `sys_log` VALUES ('295', 'admin', 'admin', '[]:-resource-add.do,[]:org.xiaojl.core.controller.ResourceController,[]:add,[]:name=&resourceType=1&url=/workflowModel/add.do&seq=1&icon=icon-add&status=0&pid=240&', '0:0:0:0:0:0:0:1', '2016-11-15 11:19:09');
INSERT INTO `sys_log` VALUES ('296', 'admin', 'admin', '[]:-resource-addPage.do,[]:org.xiaojl.core.controller.ResourceController,[]:addPage,[]:', '0:0:0:0:0:0:0:1', '2016-11-15 11:19:17');
INSERT INTO `sys_log` VALUES ('297', 'admin', 'admin', '[]:-resource-add.do,[]:org.xiaojl.core.controller.ResourceController,[]:add,[]:name=&resourceType=1&url=/workflowModel/delete.do&seq=3&icon=icon-del&status=0&pid=240&', '0:0:0:0:0:0:0:1', '2016-11-15 11:19:49');
INSERT INTO `sys_log` VALUES ('298', 'admin', 'admin', '[]:-role-grantPage.do,[]:org.xiaojl.core.controller.RoleController,[]:grantPage,[]:id=1&_=1479179757012&', '0:0:0:0:0:0:0:1', '2016-11-15 11:19:59');
INSERT INTO `sys_log` VALUES ('299', 'admin', 'admin', '[]:-role-grant.do,[]:org.xiaojl.core.controller.RoleController,[]:grant,[]:id=1&resourceIds=1,11,111,112,113,114,12,121,122,123,124,125,13,131,132,133,134,14,141,142,143,144,221,227,228,229,230,232,233,231,240,241,242,243,234,235,236,237,238,239&', '0:0:0:0:0:0:0:1', '2016-11-15 11:20:04');
INSERT INTO `sys_log` VALUES ('300', 'admin', 'admin', '[]:-framework-logout.do,[]:org.xiaojl.core.controller.FrameworkController,[]:logout,[]:', '0:0:0:0:0:0:0:1', '2016-11-15 11:20:09');
INSERT INTO `sys_log` VALUES ('301', '', '', '[]:-framework-login.do,[]:org.xiaojl.core.controller.FrameworkController,[]:loginPost,[]:username=admin&password=1&', '0:0:0:0:0:0:0:1', '2016-11-15 11:20:10');
INSERT INTO `sys_log` VALUES ('302', '', '', '[]:-framework-login.do,[]:org.xiaojl.core.controller.FrameworkController,[]:loginPost,[]:username=admin&password=1&', '0:0:0:0:0:0:0:1', '2016-11-15 12:18:02');
INSERT INTO `sys_log` VALUES ('303', 'admin', 'admin', '[]:-workflowModel-addPage.do,[]:org.xiaojl.workflow.controller.WorkflowModelController,[]:addPage,[]:', '0:0:0:0:0:0:0:1', '2016-11-15 12:25:10');
INSERT INTO `sys_log` VALUES ('304', 'admin', 'admin', '[]:-resource-addPage.do,[]:org.xiaojl.core.controller.ResourceController,[]:addPage,[]:', '0:0:0:0:0:0:0:1', '2016-11-15 12:25:43');
INSERT INTO `sys_log` VALUES ('305', 'admin', 'admin', '[]:-workflowModel-addPage.do,[]:org.xiaojl.workflow.controller.WorkflowModelController,[]:addPage,[]:', '0:0:0:0:0:0:0:1', '2016-11-15 12:27:14');
INSERT INTO `sys_log` VALUES ('306', 'admin', 'admin', '[]:-workflowModel-addPage.do,[]:org.xiaojl.workflow.controller.WorkflowModelController,[]:addPage,[]:', '0:0:0:0:0:0:0:1', '2016-11-15 12:29:03');
INSERT INTO `sys_log` VALUES ('307', 'admin', 'admin', '[]:-workflowModel-addPage.do,[]:org.xiaojl.workflow.controller.WorkflowModelController,[]:addPage,[]:', '0:0:0:0:0:0:0:1', '2016-11-15 12:31:10');
INSERT INTO `sys_log` VALUES ('308', 'admin', 'admin', '[]:-workflowModel-add.do,[]:org.xiaojl.workflow.controller.WorkflowModelController,[]:add,[]:name=1&key=1&description=1&', '0:0:0:0:0:0:0:1', '2016-11-15 12:31:17');
INSERT INTO `sys_log` VALUES ('309', '', '', '[]:-framework-login.do,[]:org.xiaojl.core.controller.FrameworkController,[]:loginPost,[]:username=admin&password=1&', '0:0:0:0:0:0:0:1', '2016-11-15 13:59:49');
INSERT INTO `sys_log` VALUES ('310', '', '', '[]:-framework-login.do,[]:org.xiaojl.core.controller.FrameworkController,[]:loginPost,[]:username=admin&password=1&', '0:0:0:0:0:0:0:1', '2016-11-15 14:18:50');
INSERT INTO `sys_log` VALUES ('311', '', '', '[]:-framework-login.do,[]:org.xiaojl.core.controller.FrameworkController,[]:loginPost,[]:username=admin&password=1&', '0:0:0:0:0:0:0:1', '2016-11-15 14:34:13');
INSERT INTO `sys_log` VALUES ('312', '', '', '[]:-framework-login.do,[]:org.xiaojl.core.controller.FrameworkController,[]:loginPost,[]:username=admin&password=1&', '0:0:0:0:0:0:0:1', '2016-11-15 14:40:03');
INSERT INTO `sys_log` VALUES ('313', '', '', '[]:-framework-login.do,[]:org.xiaojl.core.controller.FrameworkController,[]:loginPost,[]:username=admin&password=1&', '0:0:0:0:0:0:0:1', '2016-11-15 14:45:01');
INSERT INTO `sys_log` VALUES ('314', '', '', '[]:-framework-login.do,[]:org.xiaojl.core.controller.FrameworkController,[]:loginPost,[]:username=admin&password=1&', '0:0:0:0:0:0:0:1', '2016-11-15 14:47:01');
INSERT INTO `sys_log` VALUES ('315', '', '', '[]:-framework-login.do,[]:org.xiaojl.core.controller.FrameworkController,[]:loginPost,[]:username=admin&password=1&', '0:0:0:0:0:0:0:1', '2016-11-15 14:50:59');
INSERT INTO `sys_log` VALUES ('316', '', '', '[]:-framework-login.do,[]:org.xiaojl.core.controller.FrameworkController,[]:loginPost,[]:username=admin&password=1&', '0:0:0:0:0:0:0:1', '2016-11-15 14:55:41');
INSERT INTO `sys_log` VALUES ('317', '', '', '[]:-framework-login.do,[]:org.xiaojl.core.controller.FrameworkController,[]:loginPost,[]:username=admin&password=1&', '0:0:0:0:0:0:0:1', '2016-11-15 15:05:44');
INSERT INTO `sys_log` VALUES ('318', '', '', '[]:-framework-login.do,[]:org.xiaojl.core.controller.FrameworkController,[]:loginPost,[]:username=admin&password=1&', '0:0:0:0:0:0:0:1', '2016-11-15 15:10:12');
INSERT INTO `sys_log` VALUES ('319', '', '', '[]:-framework-login.do,[]:org.xiaojl.core.controller.FrameworkController,[]:loginPost,[]:username=admin&password=1&', '0:0:0:0:0:0:0:1', '2016-11-15 15:19:03');
INSERT INTO `sys_log` VALUES ('320', '', '', '[]:-framework-login.do,[]:org.xiaojl.core.controller.FrameworkController,[]:loginPost,[]:username=admin&password=1&', '0:0:0:0:0:0:0:1', '2016-11-15 15:25:00');
INSERT INTO `sys_log` VALUES ('321', 'admin', 'admin', '[]:-resource-delete.do,[]:org.xiaojl.core.controller.ResourceController,[]:delete,[]:id=231&', '0:0:0:0:0:0:0:1', '2016-11-15 15:27:58');
INSERT INTO `sys_log` VALUES ('322', 'admin', 'admin', '[]:-resource-editPage.do,[]:org.xiaojl.core.controller.ResourceController,[]:editPage,[]:id=230&_=1479194765060&', '0:0:0:0:0:0:0:1', '2016-11-15 15:28:33');
INSERT INTO `sys_log` VALUES ('323', 'admin', 'admin', '[]:-resource-edit.do,[]:org.xiaojl.core.controller.ResourceController,[]:edit,[]:id=230&name=&resourceType=0&url=/workflow/deploymentList.do&seq=1&icon=cog-cog&status=0&pid=229&', '0:0:0:0:0:0:0:1', '2016-11-15 15:28:36');
INSERT INTO `sys_log` VALUES ('324', 'admin', 'admin', '[]:-resource-editPage.do,[]:org.xiaojl.core.controller.ResourceController,[]:editPage,[]:id=240&_=1479194765061&', '0:0:0:0:0:0:0:1', '2016-11-15 15:28:41');
INSERT INTO `sys_log` VALUES ('325', 'admin', 'admin', '[]:-resource-edit.do,[]:org.xiaojl.core.controller.ResourceController,[]:edit,[]:id=240&name=&resourceType=0&url=/workflowModel/manager.do&seq=0&icon=icon-transmit&status=0&pid=229&', '0:0:0:0:0:0:0:1', '2016-11-15 15:28:46');
INSERT INTO `sys_log` VALUES ('326', 'admin', 'admin', '[]:-resource-editPage.do,[]:org.xiaojl.core.controller.ResourceController,[]:editPage,[]:id=240&_=1479194765062&', '0:0:0:0:0:0:0:1', '2016-11-15 15:28:54');
INSERT INTO `sys_log` VALUES ('327', 'admin', 'admin', '[]:-resource-edit.do,[]:org.xiaojl.core.controller.ResourceController,[]:edit,[]:id=240&name=&resourceType=0&url=/workflowModel/manager.do&seq=0&icon=icon-transmit&status=0&pid=229&', '0:0:0:0:0:0:0:1', '2016-11-15 15:29:15');
INSERT INTO `sys_log` VALUES ('328', 'admin', 'admin', '[]:-workflowModel-addPage.do,[]:org.xiaojl.workflow.controller.WorkflowModelController,[]:addPage,[]:', '0:0:0:0:0:0:0:1', '2016-11-15 15:29:40');
INSERT INTO `sys_log` VALUES ('329', 'admin', 'admin', '[]:-workflowModel-add.do,[]:org.xiaojl.workflow.controller.WorkflowModelController,[]:add,[]:name=001&key=001&description=001&', '0:0:0:0:0:0:0:1', '2016-11-15 15:29:59');
INSERT INTO `sys_log` VALUES ('330', 'admin', 'admin', '[]:-workflowModel-delete.do,[]:org.xiaojl.workflow.controller.WorkflowModelController,[]:delete,[]:id=7501&', '0:0:0:0:0:0:0:1', '2016-11-15 15:30:04');
INSERT INTO `sys_log` VALUES ('331', 'admin', 'admin', '[]:-workflowModel-delete.do,[]:org.xiaojl.workflow.controller.WorkflowModelController,[]:delete,[]:id=7501&', '0:0:0:0:0:0:0:1', '2016-11-15 15:30:47');
INSERT INTO `sys_log` VALUES ('332', '', '', '[]:-framework-login.do,[]:org.xiaojl.core.controller.FrameworkController,[]:loginPost,[]:username=admin&password=1&', '0:0:0:0:0:0:0:1', '2016-11-15 15:31:23');
INSERT INTO `sys_log` VALUES ('333', 'admin', 'admin', '[]:-workflowModel-delete.do,[]:org.xiaojl.workflow.controller.WorkflowModelController,[]:delete,[]:id=7501&', '0:0:0:0:0:0:0:1', '2016-11-15 15:31:29');
INSERT INTO `sys_log` VALUES ('334', 'admin', 'admin', '[]:-workflowModel-delete.do,[]:org.xiaojl.workflow.controller.WorkflowModelController,[]:delete,[]:id=7501&', '0:0:0:0:0:0:0:1', '2016-11-15 15:32:15');
INSERT INTO `sys_log` VALUES ('335', 'admin', 'admin', '[]:-workflowModel-delete.do,[]:org.xiaojl.workflow.controller.WorkflowModelController,[]:delete,[]:id=7501&', '0:0:0:0:0:0:0:1', '2016-11-15 15:33:51');
INSERT INTO `sys_log` VALUES ('336', 'admin', 'admin', '[]:-workflowModel-delete.do,[]:org.xiaojl.workflow.controller.WorkflowModelController,[]:delete,[]:id=7501&', '0:0:0:0:0:0:0:1', '2016-11-15 15:33:58');
INSERT INTO `sys_log` VALUES ('337', 'admin', 'admin', '[]:-workflowModel-delete.do,[]:org.xiaojl.workflow.controller.WorkflowModelController,[]:delete,[]:modelId=7501&', '0:0:0:0:0:0:0:1', '2016-11-15 15:35:56');
INSERT INTO `sys_log` VALUES ('338', '', '', '[]:-framework-login.do,[]:org.xiaojl.core.controller.FrameworkController,[]:loginPost,[]:username=admin&password=1&', '0:0:0:0:0:0:0:1', '2016-11-15 17:01:47');
INSERT INTO `sys_log` VALUES ('339', 'admin', 'admin', '[]:-workflowModel-addPage.do,[]:org.xiaojl.workflow.controller.WorkflowModelController,[]:addPage,[]:', '0:0:0:0:0:0:0:1', '2016-11-15 17:02:27');
INSERT INTO `sys_log` VALUES ('340', 'admin', 'admin', '[]:-workflowModel-add.do,[]:org.xiaojl.workflow.controller.WorkflowModelController,[]:add,[]:name=001&key=001&description=001&', '0:0:0:0:0:0:0:1', '2016-11-15 17:02:40');
INSERT INTO `sys_log` VALUES ('341', '', '', '[]:-framework-login.do,[]:org.xiaojl.core.controller.FrameworkController,[]:loginPost,[]:username=admin&password=1&', '0:0:0:0:0:0:0:1', '2016-11-15 17:22:51');
INSERT INTO `sys_log` VALUES ('342', 'admin', 'admin', '[]:-workflowModel-addPage.do,[]:org.xiaojl.workflow.controller.WorkflowModelController,[]:addPage,[]:', '0:0:0:0:0:0:0:1', '2016-11-15 17:22:58');
INSERT INTO `sys_log` VALUES ('343', 'admin', 'admin', '[]:-workflowModel-add.do,[]:org.xiaojl.workflow.controller.WorkflowModelController,[]:add,[]:name=002&key=002&description=002&', '0:0:0:0:0:0:0:1', '2016-11-15 17:23:09');
INSERT INTO `sys_log` VALUES ('344', '', '', '[]:-framework-login.do,[]:org.xiaojl.core.controller.FrameworkController,[]:loginPost,[]:username=admin&password=1&', '0:0:0:0:0:0:0:1', '2016-11-15 17:29:02');
INSERT INTO `sys_log` VALUES ('345', '', '', '[]:-framework-login.do,[]:org.xiaojl.core.controller.FrameworkController,[]:loginPost,[]:username=admin&password=1&', '0:0:0:0:0:0:0:1', '2016-11-16 07:57:20');
INSERT INTO `sys_log` VALUES ('346', 'admin', 'admin', '[]:-resource-editPage.do,[]:org.xiaojl.core.controller.ResourceController,[]:editPage,[]:id=229&_=1479254240798&', '0:0:0:0:0:0:0:1', '2016-11-16 07:57:35');
INSERT INTO `sys_log` VALUES ('347', 'admin', 'admin', '[]:-resource-edit.do,[]:org.xiaojl.core.controller.ResourceController,[]:edit,[]:id=229&name=&resourceType=0&url=&seq=3&icon=flag-flag_blue&status=0&pid=&', '0:0:0:0:0:0:0:1', '2016-11-16 07:57:49');
INSERT INTO `sys_log` VALUES ('348', 'admin', 'admin', '[]:-resource-editPage.do,[]:org.xiaojl.core.controller.ResourceController,[]:editPage,[]:id=240&_=1479254240799&', '0:0:0:0:0:0:0:1', '2016-11-16 07:57:53');
INSERT INTO `sys_log` VALUES ('349', 'admin', 'admin', '[]:-resource-edit.do,[]:org.xiaojl.core.controller.ResourceController,[]:edit,[]:id=240&name=&resourceType=0&url=/workflowModel/manager.do&seq=0&icon=flag-flag_green&status=0&pid=229&', '0:0:0:0:0:0:0:1', '2016-11-16 07:58:02');
INSERT INTO `sys_log` VALUES ('350', 'admin', 'admin', '[]:-resource-editPage.do,[]:org.xiaojl.core.controller.ResourceController,[]:editPage,[]:id=230&_=1479254240800&', '0:0:0:0:0:0:0:1', '2016-11-16 07:58:07');
INSERT INTO `sys_log` VALUES ('351', 'admin', 'admin', '[]:-resource-edit.do,[]:org.xiaojl.core.controller.ResourceController,[]:edit,[]:id=230&name=&resourceType=0&url=/workflow/deploymentList.do&seq=1&icon=flag-flag_orange&status=0&pid=229&', '0:0:0:0:0:0:0:1', '2016-11-16 07:58:14');
INSERT INTO `sys_log` VALUES ('352', 'admin', 'admin', '[]:-resource-editPage.do,[]:org.xiaojl.core.controller.ResourceController,[]:editPage,[]:id=230&_=1479254240801&', '0:0:0:0:0:0:0:1', '2016-11-16 08:27:56');
INSERT INTO `sys_log` VALUES ('353', 'admin', 'admin', '[]:-resource-edit.do,[]:org.xiaojl.core.controller.ResourceController,[]:edit,[]:id=230&name=&resourceType=0&url=/workflow/deploymentList.do&seq=1&icon=flag-flag_orange&status=0&pid=229&', '0:0:0:0:0:0:0:1', '2016-11-16 08:28:04');
INSERT INTO `sys_log` VALUES ('354', 'admin', 'admin', '[]:-resource-editPage.do,[]:org.xiaojl.core.controller.ResourceController,[]:editPage,[]:id=240&_=1479254240802&', '0:0:0:0:0:0:0:1', '2016-11-16 08:28:07');
INSERT INTO `sys_log` VALUES ('355', 'admin', 'admin', '[]:-resource-edit.do,[]:org.xiaojl.core.controller.ResourceController,[]:edit,[]:id=240&name=&resourceType=0&url=/workflowModel/manager.do&seq=0&icon=flag-flag_green&status=0&pid=229&', '0:0:0:0:0:0:0:1', '2016-11-16 08:28:14');
INSERT INTO `sys_log` VALUES ('356', 'admin', 'admin', '[]:-resource-editPage.do,[]:org.xiaojl.core.controller.ResourceController,[]:editPage,[]:id=240&_=1479254240803&', '0:0:0:0:0:0:0:1', '2016-11-16 08:29:03');
INSERT INTO `sys_log` VALUES ('357', 'admin', 'admin', '[]:-resource-edit.do,[]:org.xiaojl.core.controller.ResourceController,[]:edit,[]:id=240&name=&resourceType=0&url=/workflowModel/manager.do&seq=0&icon=flag-flag_green&status=0&pid=229&', '0:0:0:0:0:0:0:1', '2016-11-16 08:29:09');
INSERT INTO `sys_log` VALUES ('358', 'admin', 'admin', '[]:-workflow-deleteDeployment.do,[]:org.xiaojl.workflow.controller.WorkflowController,[]:deleteDeployment,[]:id=12508&', '0:0:0:0:0:0:0:1', '2016-11-16 08:42:31');
INSERT INTO `sys_log` VALUES ('359', 'admin', 'admin', '[]:-workflow-deleteDeployment.do,[]:org.xiaojl.workflow.controller.WorkflowController,[]:deleteDeployment,[]:deploymentId=12508&', '0:0:0:0:0:0:0:1', '2016-11-16 08:43:28');
INSERT INTO `sys_log` VALUES ('360', 'admin', 'admin', '[]:-workflow-deleteDeployment.do,[]:org.xiaojl.workflow.controller.WorkflowController,[]:deleteDeployment,[]:deploymentId=20005&', '0:0:0:0:0:0:0:1', '2016-11-16 08:43:50');
INSERT INTO `sys_log` VALUES ('361', '', '', '[]:-framework-login.do,[]:org.xiaojl.core.controller.FrameworkController,[]:loginPost,[]:username=admin&password=1&', '0:0:0:0:0:0:0:1', '2016-11-16 08:59:38');
INSERT INTO `sys_log` VALUES ('362', '', '', '[]:-framework-login.do,[]:org.xiaojl.core.controller.FrameworkController,[]:loginPost,[]:username=admin&password=1&', '0:0:0:0:0:0:0:1', '2016-11-16 09:28:29');
INSERT INTO `sys_log` VALUES ('363', '', '', '[]:-framework-login.do,[]:org.xiaojl.core.controller.FrameworkController,[]:loginPost,[]:username=admin&password=1&', '0:0:0:0:0:0:0:1', '2016-11-16 10:19:14');
INSERT INTO `sys_log` VALUES ('364', 'admin', 'admin', '[]:-leave-addPage.do,[]:org.xiaojl.oa.controller.LeaveController,[]:addPage,[]:', '0:0:0:0:0:0:0:1', '2016-11-16 10:19:38');
INSERT INTO `sys_log` VALUES ('365', 'admin', 'admin', '[]:-leave-addPage.do,[]:org.xiaojl.oa.controller.LeaveController,[]:addPage,[]:', '0:0:0:0:0:0:0:1', '2016-11-16 10:21:30');
INSERT INTO `sys_log` VALUES ('366', 'admin', 'admin', '[]:-leave-addPage.do,[]:org.xiaojl.oa.controller.LeaveController,[]:addPage,[]:', '0:0:0:0:0:0:0:1', '2016-11-16 10:22:20');
INSERT INTO `sys_log` VALUES ('367', 'admin', 'admin', '[]:-leave-addPage.do,[]:org.xiaojl.oa.controller.LeaveController,[]:addPage,[]:', '0:0:0:0:0:0:0:1', '2016-11-16 10:22:58');
INSERT INTO `sys_log` VALUES ('368', 'admin', 'admin', '[]:-leave-add.do,[]:org.xiaojl.oa.controller.LeaveController,[]:add,[]:leaveDays=1&leaveTime=2016-11-16 10:22:59&context=1&remark=1&', '0:0:0:0:0:0:0:1', '2016-11-16 10:23:02');
INSERT INTO `sys_log` VALUES ('369', '', '', '[]:-framework-login.do,[]:org.xiaojl.core.controller.FrameworkController,[]:loginPost,[]:username=admin&password=1&', '0:0:0:0:0:0:0:1', '2016-11-16 10:24:47');
INSERT INTO `sys_log` VALUES ('370', 'admin', 'admin', '[]:-leave-addPage.do,[]:org.xiaojl.oa.controller.LeaveController,[]:addPage,[]:', '0:0:0:0:0:0:0:1', '2016-11-16 10:24:52');
INSERT INTO `sys_log` VALUES ('371', 'admin', 'admin', '[]:-leave-add.do,[]:org.xiaojl.oa.controller.LeaveController,[]:add,[]:leaveDays=1&leaveTime=2016-11-16 10:24:54&context=1&remark=1&', '0:0:0:0:0:0:0:1', '2016-11-16 10:24:57');
INSERT INTO `sys_log` VALUES ('372', 'admin', 'admin', '[]:-leave-add.do,[]:org.xiaojl.oa.controller.LeaveController,[]:add,[]:leaveDays=1&leaveTime=2016-11-16 10:24:54&context=1&remark=1&', '0:0:0:0:0:0:0:1', '2016-11-16 10:26:05');
INSERT INTO `sys_log` VALUES ('373', '', '', '[]:-framework-login.do,[]:org.xiaojl.core.controller.FrameworkController,[]:loginPost,[]:username=admin&password=1&', '0:0:0:0:0:0:0:1', '2016-11-16 10:30:36');
INSERT INTO `sys_log` VALUES ('374', '', '', '[]:-framework-login.do,[]:org.xiaojl.core.controller.FrameworkController,[]:loginPost,[]:username=admin&password=1&', '0:0:0:0:0:0:0:1', '2016-11-16 10:40:01');
INSERT INTO `sys_log` VALUES ('375', '', '', '[]:-framework-login.do,[]:org.xiaojl.core.controller.FrameworkController,[]:loginPost,[]:username=admin&password=1&', '0:0:0:0:0:0:0:1', '2016-11-16 11:34:48');
INSERT INTO `sys_log` VALUES ('376', '', '', '[]:-framework-login.do,[]:org.xiaojl.core.controller.FrameworkController,[]:loginPost,[]:username=admin&password=1&', '0:0:0:0:0:0:0:1', '2016-11-16 11:42:48');
INSERT INTO `sys_log` VALUES ('377', '', '', '[]:-framework-login.do,[]:org.xiaojl.core.controller.FrameworkController,[]:loginPost,[]:username=admin&password=1&', '0:0:0:0:0:0:0:1', '2016-11-16 12:18:49');
INSERT INTO `sys_log` VALUES ('378', '', '', '[]:-framework-login.do,[]:org.xiaojl.core.controller.FrameworkController,[]:loginPost,[]:username=admin&password=1&', '0:0:0:0:0:0:0:1', '2016-11-16 13:02:55');
INSERT INTO `sys_log` VALUES ('379', '', '', '[]:-framework-login.do,[]:org.xiaojl.core.controller.FrameworkController,[]:loginPost,[]:username=admin&password=1&', '0:0:0:0:0:0:0:1', '2016-11-17 13:07:44');
INSERT INTO `sys_log` VALUES ('380', 'admin', 'admin', '[]:-framework-login.do,[]:org.xiaojl.core.controller.FrameworkController,[]:loginPost,[]:username=admin&password=1&', '0:0:0:0:0:0:0:1', '2016-11-17 13:38:50');
INSERT INTO `sys_log` VALUES ('381', '', '', '[]:-framework-login.do,[]:org.xiaojl.core.controller.FrameworkController,[]:loginPost,[]:username=admin&password=1&', '0:0:0:0:0:0:0:1', '2016-11-17 14:11:37');
INSERT INTO `sys_log` VALUES ('382', '', '', '[]:-framework-login.do,[]:org.xiaojl.core.controller.FrameworkController,[]:loginPost,[]:username=admin&password=1&', '0:0:0:0:0:0:0:1', '2016-11-17 14:12:48');
INSERT INTO `sys_log` VALUES ('383', 'admin', 'admin', '[]:-workflowModel-editModelClosePage.do,[]:org.xiaojl.workflow.controller.WorkflowModelController,[]:editModelClosePage,[]:', '0:0:0:0:0:0:0:1', '2016-11-17 14:13:12');
INSERT INTO `sys_log` VALUES ('384', 'admin', 'admin', '[]:-workflowModel-editModelClosePage.do,[]:org.xiaojl.workflow.controller.WorkflowModelController,[]:editModelClosePage,[]:', '0:0:0:0:0:0:0:1', '2016-11-17 14:14:43');
INSERT INTO `sys_log` VALUES ('385', '', '', '[]:-framework-login.do,[]:org.xiaojl.core.controller.FrameworkController,[]:loginPost,[]:username=admin&password=1&', '0:0:0:0:0:0:0:1', '2016-11-17 14:23:17');
INSERT INTO `sys_log` VALUES ('386', 'admin', 'admin', '[]:-workflowModel-editModelClosePage.do,[]:org.xiaojl.workflow.controller.WorkflowModelController,[]:editModelClosePage,[]:modelId=2501&', '0:0:0:0:0:0:0:1', '2016-11-17 14:23:28');
INSERT INTO `sys_log` VALUES ('387', '', '', '[]:-framework-login.do,[]:org.xiaojl.core.controller.FrameworkController,[]:loginPost,[]:username=admin&password=1&', '0:0:0:0:0:0:0:1', '2016-11-18 10:02:37');
INSERT INTO `sys_log` VALUES ('388', 'admin', 'admin', '[]:-resource-addPage.do,[]:org.xiaojl.core.controller.ResourceController,[]:addPage,[]:', '0:0:0:0:0:0:0:1', '2016-11-18 10:02:48');
INSERT INTO `sys_log` VALUES ('389', 'admin', 'admin', '[]:-resource-add.do,[]:org.xiaojl.core.controller.ResourceController,[]:add,[]:name=&resourceType=0&url=/workflow/personTaskManager.do&seq=2&icon=flag-flag_pink&status=0&pid=229&', '0:0:0:0:0:0:0:1', '2016-11-18 10:04:06');
INSERT INTO `sys_log` VALUES ('390', 'admin', 'admin', '[]:-resource-addPage.do,[]:org.xiaojl.core.controller.ResourceController,[]:addPage,[]:', '0:0:0:0:0:0:0:1', '2016-11-18 10:04:08');
INSERT INTO `sys_log` VALUES ('391', 'admin', 'admin', '[]:-role-grantPage.do,[]:org.xiaojl.core.controller.RoleController,[]:grantPage,[]:id=1&_=1479434557806&', '0:0:0:0:0:0:0:1', '2016-11-18 10:04:15');
INSERT INTO `sys_log` VALUES ('392', 'admin', 'admin', '[]:-role-grant.do,[]:org.xiaojl.core.controller.RoleController,[]:grant,[]:id=1&resourceIds=1,11,111,112,113,114,12,121,122,123,124,125,13,131,132,133,134,14,141,142,143,144,221,227,228,229,240,241,242,243,230,232,233,244,234,235,236,237,238,239&', '0:0:0:0:0:0:0:1', '2016-11-18 10:04:18');
INSERT INTO `sys_log` VALUES ('393', 'admin', 'admin', '[]:-framework-logout.do,[]:org.xiaojl.core.controller.FrameworkController,[]:logout,[]:', '0:0:0:0:0:0:0:1', '2016-11-18 10:04:22');
INSERT INTO `sys_log` VALUES ('394', '', '', '[]:-framework-login.do,[]:org.xiaojl.core.controller.FrameworkController,[]:loginPost,[]:username=admin&password=1&', '0:0:0:0:0:0:0:1', '2016-11-18 10:04:23');
INSERT INTO `sys_log` VALUES ('395', '', '', '[]:-framework-login.do,[]:org.xiaojl.core.controller.FrameworkController,[]:loginPost,[]:username=admin&password=1&', '0:0:0:0:0:0:0:1', '2016-11-18 10:53:41');
INSERT INTO `sys_log` VALUES ('396', '', '', '[]:-framework-login.do,[]:org.xiaojl.core.controller.FrameworkController,[]:loginPost,[]:username=admin&password=1&', '0:0:0:0:0:0:0:1', '2016-11-18 11:12:36');
INSERT INTO `sys_log` VALUES ('397', '', '', '[]:-framework-login.do,[]:org.xiaojl.core.controller.FrameworkController,[]:loginPost,[]:username=admin&password=1&', '0:0:0:0:0:0:0:1', '2016-11-18 13:09:15');
INSERT INTO `sys_log` VALUES ('398', '', '', '[]:-framework-login.do,[]:org.xiaojl.core.controller.FrameworkController,[]:loginPost,[]:username=admin&password=1&', '0:0:0:0:0:0:0:1', '2016-11-18 13:13:43');
INSERT INTO `sys_log` VALUES ('399', '', '', '[]:-framework-login.do,[]:org.xiaojl.core.controller.FrameworkController,[]:loginPost,[]:username=admin&password=1&', '0:0:0:0:0:0:0:1', '2016-11-18 13:20:46');

-- ----------------------------
-- Table structure for user
-- ----------------------------
DROP TABLE IF EXISTS `user`;
CREATE TABLE `user` (
  `id` bigint(19) NOT NULL AUTO_INCREMENT COMMENT 'id',
  `login_name` varchar(64) NOT NULL COMMENT '',
  `name` varchar(64) NOT NULL COMMENT '',
  `password` varchar(64) NOT NULL COMMENT '',
  `sex` tinyint(2) NOT NULL DEFAULT '0' COMMENT '',
  `age` tinyint(2) DEFAULT '0' COMMENT '',
  `phone` varchar(20) DEFAULT NULL COMMENT '',
  `user_type` tinyint(2) NOT NULL DEFAULT '0' COMMENT '',
  `status` tinyint(2) NOT NULL DEFAULT '0' COMMENT '',
  `organization_id` int(11) NOT NULL DEFAULT '0' COMMENT '',
  `create_time` datetime NOT NULL COMMENT '',
  PRIMARY KEY (`id`)
) ENGINE=InnoDB AUTO_INCREMENT=16 DEFAULT CHARSET=utf8 COMMENT='';

-- ----------------------------
-- Records of user
-- ----------------------------
INSERT INTO `user` VALUES ('1', 'admin', 'admin', 'c4ca4238a0b923820dcc509a6f75849b', '0', '25', '18707173376', '0', '0', '1', '2015-12-06 13:14:05');
INSERT INTO `user` VALUES ('13', 'snoopy', 'snoopy', 'c4ca4238a0b923820dcc509a6f75849b', '0', '25', '18707173376', '1', '0', '3', '2015-10-01 13:12:07');
INSERT INTO `user` VALUES ('14', 'dreamlu', 'dreamlu', '098f6bcd4621d373cade4e832627b4f6', '0', '25', '18707173376', '1', '0', '5', '2015-10-11 23:12:58');
INSERT INTO `user` VALUES ('15', 'test', 'test1', '098f6bcd4621d373cade4e832627b4f6', '0', '25', '18707173376', '1', '0', '6', '2015-12-06 13:13:03');

-- ----------------------------
-- Table structure for user_role
-- ----------------------------
DROP TABLE IF EXISTS `user_role`;
CREATE TABLE `user_role` (
  `id` bigint(19) NOT NULL AUTO_INCREMENT COMMENT 'id',
  `user_id` bigint(19) NOT NULL COMMENT 'id',
  `role_id` bigint(19) NOT NULL COMMENT 'id',
  PRIMARY KEY (`id`)
) ENGINE=InnoDB AUTO_INCREMENT=71 DEFAULT CHARSET=utf8 COMMENT='';

-- ----------------------------
-- Records of user_role
-- ----------------------------
INSERT INTO `user_role` VALUES ('64', '14', '7');
INSERT INTO `user_role` VALUES ('67', '15', '8');
INSERT INTO `user_role` VALUES ('68', '1', '1');
INSERT INTO `user_role` VALUES ('70', '13', '2');
